snr,received_power,noise,fiber_loss,dispersion,average_crosstalk,crosstalk_db,ber,label
14.50094642220046,2.579151708655492e-09,9.081378262069792e-06,11.50232678030951,97.76977763263082,1.8742809996537894e-06,-27.03339972200084,0.0,1
22.546696545775834,3.031479610940645e-08,1.270665383493751e-05,6.2529488762511996,53.150065448135194,3.08569854354446e-06,-33.84453921494709,0.0,1
8.283255112885069,3.1192912917484596e-10,6.050632745370517e-06,16.64381553291535,141.4724320297805,8.64789597845349e-07,-24.417569282652217,0.0,2
12.054404667051745,1.2422771308814038e-09,8.23631657757078e-06,13.363707524612801,113.59151395920881,1.4037373065636397e-06,-26.03193594748256,0.0,1
13.781684095142019,1.6121581812070804e-09,7.903931546042141e-06,12.502448643271041,106.27081346780386,2.7727236524133096e-07,-41.6178083535854,0.0,0
17.814724272423387,5.8019401439984105e-09,9.63768782397715e-06,9.891624994800132,84.07881245580113,4.2617912773740256e-07,-44.03689858240605,0.0,0
18.861931053364557,7.308216226844527e-09,9.496381253726514e-06,9.390885948455216,79.82253056186933,1.4369210395646857e-06,-34.19799867987025,0.0,1
20.27208397080951,3.509637931437196e-10,1.4634173622739816e-06,15.644272794132883,132.9763187501295,5.730167945170834e-07,-28.867120594095283,0.0,1
16.705054888736946,2.9146726652377532e-09,7.706184849896422e-06,11.522191234234292,97.93862549099148,5.47153615919989e-07,-38.70994461240429,0.0,1
1.3989288248578182,2.1085937411627447e-10,9.306521917014295e-06,17.90152287915944,152.16294447285526,3.311053914787095e-09,-68.96374768811084,0.0125,0
4.70194922346446,1.7146757016400572e-09,1.9694131758154603e-05,13.013854744987384,110.61776533239276,3.1154423204127207e-06,-19.4263448842319,0.0,2
18.34202249936758,1.0680365212356068e-09,3.6124294047654474e-06,13.585511831717993,115.47685056960293,1.998964995033721e-06,-22.706644742528738,0.0,2
11.555855076088166,4.937782205054476e-09,1.723432430502912e-05,10.777480491568591,91.60858417833303,4.118265437470556e-06,-23.11084910453348,0.0,2
1.2777798415907213,2.652956475938117e-10,1.058484781267549e-05,17.40875764145866,147.9744399523986,7.63364047013003e-08,-42.788146178120314,0.0025,0
20.063780093066406,7.008747557762416e-09,8.18552280906098e-06,9.256456900194644,78.67988365165448,3.170604212405089e-07,-47.0771153757274,0.0,0
23.236157622146592,8.155705610489516e-08,1.9478308788394708e-05,4.102072232320758,34.867613974726446,2.8813767715314414e-06,-38.89269374114842,0.0,0
8.575708585867709,2.2614983013056333e-10,5.0296022318642474e-06,17.15047392793053,145.7790283874095,6.913583289003217e-07,-24.885227714440926,0.0,2
8.32436972286857,1.3493474632734365e-09,1.30579948169912e-05,13.117332748388874,111.49732836130543,3.2733857710001256e-07,-39.08625632881497,0.0,0
27.48712503194646,1.564231965769816e-08,5.093523197406804e-06,7.59897888430031,64.59132051655263,2.8670351377693716e-06,-31.306242819852855,0.0,1
12.505639509381318,6.323070389631295e-09,1.7883348763577268e-05,9.52970173943382,81.00246478518747,3.2012904488726733e-06,-25.974293613801574,0.0,1
4.743631512007475,4.502263802737047e-10,1.0222266418692512e-05,15.778092972998094,134.1137902704838,1.2212814701189774e-06,-21.81808167763665,0.0,2
4.267515221128856,2.7811825312371263e-10,8.599969889419329e-06,16.986959524543284,144.38915595861792,5.17597956988504e-08,-47.56262280089659,0.0175,0
23.763560346024324,4.185387329811683e-08,1.3172216394861758e-05,5.269641310848815,44.791951142214934,2.0896079790759077e-07,-58.3289039660859,0.0,0
7.226810449240382,7.100314718489223e-10,1.004939901106038e-05,14.704287153628115,124.986440805839,2.1367741125897998e-06,-19.447306531474617,0.0,2
28.40827268769538,5.8593191910898575e-08,8.505324088528542e-06,5.006994083728843,42.559449711695166,2.048237616593379e-05,-19.517162614473555,0.0,2
36.538946076494575,1.7028845848875482e-08,1.6242496690984461e-06,7.239891039072221,61.53907383211388,3.6541302004897415e-06,-29.703372910104477,0.0,1
30.361784942593562,2.2843807799562895e-08,4.458658227951212e-06,6.758344084898406,57.44592472163645,7.939136491953883e-07,-44.3317165257414,0.0,0
13.722822056697817,1.0531833522039341e-09,6.393519613460397e-06,13.43491252381493,114.1967564524269,1.4471710094088698e-07,-45.41880699615008,0.0,0
-7.645767858571998,3.6502934819469737e-10,1.7474518855777864e-05,19.752221354806228,167.89388151585294,2.1844535115612154e-07,-29.196148389549336,0.23000000000000004,1
29.539713563558433,7.608447513130768e-08,8.56424304596669e-06,4.614787753123274,39.22569590154783,2.2087187942447108e-05,-20.327726025822372,0.0,2
16.271691755510936,3.92326861179487e-09,9.029362675152606e-06,10.732091338393879,91.22277637634795,3.3097617750738198e-06,-23.76903040181307,0.0,2
19.820989111966643,8.990914321952606e-09,9.343345073431176e-06,8.673537879626796,73.72507197682776,3.782144622133405e-06,-26.50576926478259,0.0,1
29.634214736176276,1.689159802347839e-08,4.151359274380356e-06,7.499887971859474,63.749047760805524,6.667124742367327e-07,-44.45724026985307,0.0,0
1.4943899102719747,2.605800514293922e-10,1.0062242905801621e-05,17.98388966210715,152.86306212791075,1.0244774986749294e-06,-20.548084115857762,0.0125,2
5.284971742890506,5.739486975034719e-10,1.1381847890429573e-05,15.044751175882837,127.88038499500414,2.968559692525003e-07,-35.5334682439611,0.0,1
16.5792471595556,1.128872126407479e-08,1.549652974874222e-05,8.460977016047465,71.91830463640346,6.091613622694394e-07,-43.51777192130103,0.0,0
10.826088478099521,1.2709913286929214e-09,9.609753690824946e-06,13.142651608418536,111.71253867155757,1.012724086666548e-06,-29.29381666686753,0.0,1
26.41555948136088,1.5375764739508013e-08,5.4348699593113645e-06,8.258786962984663,70.19968918536965,1.1613594653046133e-05,-19.203441907438826,0.0,2
20.660268192312007,1.6050341913574487e-08,1.1605042847164327e-05,7.502184452746142,63.7685678483422,1.9503491627183332e-07,-55.04854612592398,0.0,0
-1.8520221961556316,1.5803512259694923e-10,9.621118748514982e-06,19.521402898555454,165.93192463772138,2.2817552649459262e-08,-49.47502061617279,0.02,0
0.29506391325872877,3.7958533652313066e-10,1.3728809844995854e-05,17.044665362781632,144.87965558364388,1.2184058831396068e-07,-40.25099147559126,0.060000000000000005,0
16.98807006804281,1.7229916774935914e-08,1.8250481158676412e-05,7.200501333063889,61.20426133104306,8.796480980959104e-07,-41.84075239987579,0.0,0
-4.384365484090065,4.5232921540609506e-10,1.8102964238513034e-05,17.724316294676623,150.65668850475132,9.534278143912507e-07,-19.68707707581741,0.11499999999999999,2
12.61462307714857,6.923944940730963e-10,5.717516132516902e-06,14.834558282660248,126.09374540261211,1.1986153879962624e-06,-25.392285520765213,0.0,2
3.4334944728484262,1.584048983501345e-10,6.852690477217569e-06,18.373735583605125,156.17675246064357,9.539553561387625e-08,-39.68377187959953,0.0,0
33.08017535335296,4.869700655242619e-09,1.095038808375888e-06,10.19965796443257,86.69709269767685,4.135507526959271e-06,-22.71163982754866,0.0,2
26.156583488163655,1.2249687250027297e-09,1.2431116094081327e-06,13.710130751032246,116.53611138377408,3.1891241062309347e-06,-19.321308671023075,0.0,2
0.29299787272282807,4.741205639439905e-10,1.5397274016221207e-05,16.086168999804624,136.7324364983393,9.608661068059024e-08,-42.93682987041997,0.0,0
34.03590581104844,5.045657094144691e-08,4.0981948437923765e-06,5.2253826298689425,44.41575235388601,1.7021334239944527e-05,-20.495282650107125,0.0,2
12.052229931630421,6.334538676757839e-10,5.922943870995011e-06,15.004616279270827,127.53923837380204,1.3229864365491212e-07,-44.33160500516509,0.0,0
32.4997858426544,5.227491485085593e-08,4.988268623429593e-06,5.222899674972782,44.39464723726864,1.952148669558502e-05,-19.646516541578436,0.0,2
5.050303324292752,1.1156186708929104e-09,1.606762536372301e-05,13.94478743185536,118.53069317077058,2.2411425471780204e-08,-60.78341648387522,0.0,0
2.0756934637789195,7.585556409950192e-10,1.627062332989397e-05,15.657064283410627,133.08504640899034,2.0125249552837202e-06,-19.09216754499868,0.0175,2
14.606480928466768,9.042271893049347e-09,1.724926627368528e-05,8.772747754486405,74.56835591313444,2.217860491634612e-06,-31.23080074194346,0.0,1
14.847945053545468,1.1063740571319012e-09,5.632481951145647e-06,13.452619356131573,114.34726452711837,1.516496638419427e-06,-25.031663593506973,0.0,2
-4.698030677457437,3.390507940077966e-10,1.5783940583636383e-05,18.809142686237575,159.87771283301936,1.6528819628907026e-07,-33.76368802533083,0.175,1
7.307120236796402,9.576361907108438e-11,3.5987423840667864e-06,19.02962766376774,161.7518351420258,6.743823397857721e-07,-20.842226130121425,0.0,2
15.769312745576297,3.315931099192824e-09,9.206207815529733e-06,11.111033848879892,94.44378771547909,1.2922904151559908e-07,-51.63468158051786,0.0,0
17.17375349381925,3.55021501160202e-09,8.077262175367429e-06,11.048390822202775,93.91132198872359,6.957693520256893e-08,-57.48430577719087,0.0,0
15.052340855214283,6.061943814712516e-09,1.309381706872618e-05,9.785388212446238,83.17579980579302,3.765252038580649e-06,-24.71201257650874,0.0,2
4.57291740583849,1.3158794374384803e-09,1.821565792330217e-05,13.50876438524088,114.82449727454748,1.672716677832129e-07,-43.74422282841091,0.0,0
24.492372227318654,1.4844892708142818e-08,6.954892784598617e-06,7.737455178850247,65.7683690202271,5.1919428440816355e-06,-25.91946592555956,0.0,1
19.167212880236956,4.5580324705230996e-10,2.0811255991534642e-06,14.846235313445925,126.19300016429037,3.9052377344623274e-07,-32.87152441774661,0.0,1
2.496565338747167,7.053584961211036e-10,1.570744364999698e-05,14.999142169020525,127.49270843667446,8.987354060175187e-07,-26.074229083385344,0.0,2
17.95095640523591,4.497848155015294e-09,8.161307878667261e-06,10.36941521948669,88.14002936563688,2.2435222410491685e-06,-28.046454857432156,0.0,1
8.717572883943781,2.0264245974968158e-10,4.839976561382624e-06,17.481381803416934,148.59174532904396,7.954670912058878e-08,-43.627270443598476,0.0,0
16.980768436982565,9.473014904735967e-10,4.081333037277562e-06,13.81284772112831,117.40920562959064,1.2087286603471668e-06,-26.633907052076697,0.0,1
-1.4732507190794755,1.5892394284843512e-10,9.567101611074652e-06,19.443076729906227,165.26615220420294,2.7598395624146365e-07,-28.259713096693844,0.035,1
24.129956755998446,3.56916475216698e-08,1.1352767107410795e-05,6.029190061094869,51.248115519306396,8.00758389399084e-06,-26.20186260648719,0.0,2
23.353101520161136,1.0020478070003089e-08,6.70276252145018e-06,8.550958529719109,72.68314750261243,2.510806067315273e-07,-50.94422179803012,0.0,0
10.992089153146887,1.6888784217027497e-09,1.0580778446328867e-05,12.81948574140584,108.96562880194963,3.041967669685314e-06,-20.759148587957217,0.0,2
7.495845211598987,4.4142222537704976e-10,8.024704426395905e-06,15.341667693352258,130.4041753934942,3.555226518649676e-07,-32.96287372169885,0.0,1
20.922345123548943,5.232269428754181e-08,1.957991920288637e-05,5.152912618657801,43.79975725859131,1.3545262338688507e-05,-23.087239233507585,0.0,2
13.96101756435166,5.436091489775534e-09,1.4416011970415731e-05,10.000632908866102,85.00537972536188,7.804922938440698e-07,-38.120551997958096,0.0,1
16.082688924028744,1.3606673964816502e-08,1.6860913554790076e-05,8.133200103569388,69.1322008803398,1.0203547790886528e-05,-19.22676455725359,0.0,2
-1.9519077267944016,2.8318566679611776e-10,1.2668521295051476e-05,18.29569572777192,155.5134136860613,3.898757181748087e-08,-46.79584620835162,0.060000000000000005,0
12.488387257795491,1.440335867499896e-10,2.510939894825206e-06,17.843965214858223,151.67370432629488,4.6582965067815457e-07,-26.36677714770718,0.0,1
21.925533559263002,6.241907632439189e-09,6.218231604563378e-06,9.935875302366249,84.45494007011312,4.198790930278854e-07,-44.40354544538031,0.0,0
1.6479476405645654,2.277449836012545e-10,9.202446656313133e-06,17.871990844128725,151.91192217509416,8.494971346607459e-07,-20.912219579193124,0.0,2
13.08011334658496,3.899329353235657e-09,1.2986753798552902e-05,10.763080499751934,91.48618424789144,3.5302732029328292e-06,-22.85069277032023,0.0,2
4.983795724762949,2.041572384150708e-10,6.6372330298014296e-06,17.94130364646355,152.50108099494014,1.1485429823029216e-06,-19.427034053684405,0.0,2
13.689591178986149,7.407229516439123e-10,5.3108393533750534e-06,13.995259547198728,118.95970615118921,5.610190378308813e-07,-31.745364582981843,0.0,1
35.089427674654246,4.361853317873042e-08,3.4446527314984484e-06,5.221919621858347,44.38631678579594,7.627131747971629e-06,-27.145302097843246,0.0,1
3.67283201968589,1.7633501368350145e-10,7.2110923438725745e-06,17.855999831861222,151.77599857082038,2.6159189306043325e-07,-31.028659475158168,0.0025,1
19.36657518209175,3.03936667148291e-08,1.840336661212807e-05,6.363151023921148,54.08678370332976,2.8665924779610016e-06,-34.385811367947426,0.0,1
0.0936392426649793,4.4761366684123286e-10,1.4549175605284221e-05,16.852413205868544,143.24551224988264,9.090311349610467e-07,-22.82584969676863,0.0225,2
5.322435277312669,5.110200911777166e-10,1.075207831375555e-05,15.456136148273982,131.37715726032886,9.41887775903093e-08,-45.393702562229066,0.0,0
8.559569649406683,7.043111945819118e-10,9.090019750190288e-06,14.374507271513876,122.18331180786794,1.4774994743836864e-07,-42.959548219738565,0.0,0
11.573421266476469,6.238805003353345e-09,1.8905704508087684e-05,10.103262679936904,85.87773277946367,6.213691950594621e-06,-20.28325542039791,0.0,2
12.962505659601751,1.1554394556693294e-09,7.404926038877716e-06,13.322145967889625,113.23824072706182,2.2491853887916612e-07,-42.383115022903716,0.0,0
14.411486695014737,2.9782086011204506e-09,9.684773685271683e-06,11.689707410870128,99.36251299239608,2.9680080957293517e-06,-23.846700459175366,0.0,2
10.093629802725626,3.5517435735711277e-09,1.770151215633218e-05,10.826651740819473,92.02653979696552,9.184033412348614e-08,-54.520387970294664,0.0,0
-1.347215280510369,5.090928508679062e-10,1.6995243539098738e-05,16.261746732469124,138.22484722598756,4.445219464153328e-07,-28.54648460208152,0.06,1
23.954120523624898,1.6156641388951417e-08,7.749302372599103e-06,7.545431783949583,64.13617016357146,5.046407412879136e-06,-26.525660135822086,0.0,1
4.2793601661744045,2.63415983888924e-10,7.998803461574135e-06,16.96373502723408,144.1917477314897,1.0338507592777831e-06,-20.48838800915499,0.0,2
11.389899948841402,1.398817149059432e-09,9.512057694478963e-06,12.279949752455586,104.37957289587249,6.014897294279607e-07,-33.569328170050994,0.0,1
26.889719268457913,5.2279824493004084e-08,1.019210670059235e-05,5.192637004442528,44.13741453776149,2.6644370928740573e-06,-37.45150781866743,0.0,1
28.785692920604635,2.0981269285604276e-09,1.3247432200371895e-06,11.305507173948941,96.096810978566,3.4698282114505976e-07,-40.61042768764914,0.0,0
22.28398100999502,1.1303800791612311e-09,2.3014272304352813e-06,13.176279406359184,111.99837495405305,1.2883925139760226e-06,-26.781164500194045,0.0,1
10.93540977393598,3.2971849998045706e-09,1.4951418244641575e-05,11.51671919752574,97.89211317896878,3.5320482633059166e-06,-22.302903507377373,0.0,2
20.72403940126192,1.2253482763807993e-08,9.742817484682472e-06,8.223228044290373,69.89743837646817,5.479594433234607e-06,-24.38392875049989,0.0,2
0.20707855980951193,3.654324399440131e-10,1.3137289936445092e-05,16.866199661222204,143.36269712038873,8.772211297332179e-07,-22.323476546718915,0.0025,2
-1.644927176993053,4.148820434098363e-10,1.5753070485857368e-05,17.37792957100442,147.71240135353756,1.256127317020363e-07,-39.12992132415505,0.11000000000000001,0
25.989029456970947,4.246122215208007e-08,1.0165423022671559e-05,5.364298394712254,45.596536355054155,3.5358545673072306e-06,-33.8571435218037,0.0,1
5.297514179089617,1.5120059039719749e-09,1.837875078278674e-05,13.062153122305155,111.02830153959381,1.0441204979782612e-06,-28.967517152053194,0.0,1
13.14370160573079,9.18749142006325e-09,1.9452310922098837e-05,9.386966119945356,79.78921201953553,7.347976121366423e-06,-20.868500723303892,0.0,2
24.37846084128043,3.903929546614522e-09,3.3792536146819984e-06,10.920291092300793,92.82247428455673,5.066451244926015e-06,-20.147989638024843,0.0,2
36.5938057096496,4.129034967767983e-08,2.821742837455529e-06,5.681956214727542,48.29662782518411,1.089756204062658e-06,-44.37515817010098,0.0,0
7.42120913403828,1.9090603429629025e-09,1.6632067024710884e-05,12.385886622082,105.280036287697,8.450925764130738e-07,-31.643064216912727,0.0,1
-6.868432444130117,4.600228137410702e-10,1.9697163641272104e-05,18.79837875914429,159.78621945272644,1.793680650455415e-07,-32.72505169713741,0.20750000000000002,1
10.653283122123852,7.164559696098249e-10,7.427814513707366e-06,14.780002498504002,125.63002123728403,2.1758771349636625e-07,-40.63331958806081,0.0,0
-0.48896904770604427,1.6389644946385818e-10,9.099119865197597e-06,19.482680427967438,165.6027836377232,7.616742168147064e-07,-20.103624524609117,0.06,2
21.229555576876045,3.967246969664516e-08,1.7016709302011695e-05,5.185226787515943,44.07442769388552,2.806400994050024e-06,-35.29710257630224,0.0,1
26.909291656471673,1.0366951981372955e-08,4.460506724258059e-06,8.396006279152664,71.36605337279764,4.54712008354841e-07,-45.609918230655765,0.0,0
24.517186693385945,6.535711189737963e-08,1.4513767987587651e-05,4.2806630951311995,36.3856363086152,1.4380487053851734e-05,-23.084645435034524,0.0,2
32.44585970845662,9.82749502739939e-08,6.830663505556535e-06,4.088206172234989,34.74975246399741,3.0413997563619798e-05,-18.5056485215133,0.0,2
18.12369625490142,7.87047243720516e-09,1.0863177370368102e-05,9.0551097509943,76.96843288345156,4.966415618634149e-07,-43.68192680400797,0.0,0
16.782362671004968,2.861422640212293e-09,7.5020577460104435e-06,11.356621501135386,96.5312827596508,1.0617741547246022e-06,-32.608482969448794,0.0,1
24.096106878990327,5.95257518332989e-09,4.336830509957288e-06,9.87393877175427,83.9284795599113,7.419286268060475e-06,-18.351908590570222,0.0,2
3.356779969650735,9.130927962084578e-10,1.7109224045997912e-05,14.683714853003432,124.81157625052919,2.127631411480085e-07,-40.5037337110808,0.0,0
31.210720251589823,6.174674572422566e-08,6.2951996994299185e-06,4.930447105388982,41.90880039580635,2.080460430128533e-05,-19.702173006271416,0.0,2
23.445495366781373,1.6841693345302782e-08,8.254420737136517e-06,7.344810547845329,62.430889656685295,8.283959329918434e-06,-22.073878947405877,0.0,2
11.391489851897589,4.097138036014235e-09,1.658468895722753e-05,10.840241444499672,92.1420522782472,5.753615274604603e-07,-39.566671521146795,0.0,0
27.551839575088025,1.640544152751893e-08,5.182964553818793e-06,7.449911763751134,63.324249991884635,2.674339216459394e-06,-32.16548018229042,0.0,1
17.35279386604237,2.845260331062531e-09,7.081128032312951e-06,11.317549519242677,96.19917091356275,1.9077025620014114e-07,-47.51881054508053,0.0,0
10.427833485531481,5.72565920806879e-10,6.65344869831486e-06,14.724371895439475,125.15716111123555,5.595272349162496e-07,-30.588732971749394,0.0,1
16.24677926644069,1.131936964856911e-09,4.98271352190672e-06,13.222410248114201,112.39048710897072,2.90571117551558e-07,-39.92309325760284,0.0,0
-3.3901480028865887,3.5726812159555323e-10,1.5782431906937002e-05,17.921897803054907,152.3361313259667,8.529028250414269e-07,-20.492875242814623,0.09,2
10.259391951704425,4.658689933495506e-09,1.995438220406736e-05,10.4858538144562,89.12975742287772,7.655837548578711e-07,-37.37065179615858,0.0,1
31.616574826210115,1.2500035929498698e-08,2.755876533843721e-06,7.881008986408853,66.98857638447525,5.59025989732171e-08,-64.63091149608806,0.0,0
18.740750743831157,9.708188326521902e-10,3.443270468464864e-06,13.785889920485966,117.18006432413073,2.7417316567729492e-08,-59.926686126310535,0.0,0
21.865013592583672,1.5886958113676888e-09,3.037289259905601e-06,12.798524130086847,108.7874551057382,5.7193526643768714e-08,-55.95468353097304,0.0,0
19.604887040376365,2.059936931203425e-09,4.534779647966028e-06,12.108903778478101,102.92568211706384,1.239818279404619e-06,-29.885968988805427,0.0,1
20.302635478896672,4.2745586722079816e-08,1.942856578035349e-05,5.175793114034564,43.99424146929379,6.9787327973609665e-06,-27.601844272427524,0.0,1
6.62640801576992,1.0863897208327583e-10,4.256789143793285e-06,18.23465076181562,154.99453147543275,5.46338419913988e-09,-63.272235155340944,0.0,0
1.7258894088726677,1.3265849615969326e-10,7.037577479403427e-06,18.979905669964605,161.32919819469913,8.66834365926319e-07,-18.650884718159308,0.0125,2
18.788905792289757,1.525314807421388e-08,1.380251551610374e-05,7.508385392103953,63.8212758328836,3.878050195732407e-06,-28.4732983524893,0.0,1
32.06981410052207,1.4385457707304392e-08,2.717073760334834e-06,7.614290345457857,64.72146793639179,5.186973872807644e-06,-25.57196671483034,0.0,1
24.02550463154195,1.7083725255676863e-08,8.151742571204505e-06,7.337158737981378,62.36584927284171,3.26610382919873e-08,-70.90007700018586,0.0,0
22.738096398192788,3.0006936682587474e-08,1.2386137734659896e-05,6.093690759161799,51.79637145287529,2.8353290433539655e-06,-34.14643619532818,0.0,1
22.467752050779115,3.93200139440924e-08,1.4418124695302486e-05,5.704466445743316,48.48796478881818,8.05160239535152e-06,-26.208976313370492,0.0,1
15.95949894677339,6.4069507599841195e-09,1.244804425797147e-05,9.757084086031458,82.9352147312674,5.260884170080224e-07,-42.542247278689416,0.0,0
18.291192579060677,4.270252391644527e-09,7.723814207002464e-06,10.520004842628223,89.42004116233988,1.3941832441776689e-06,-32.105556340468546,0.0,1
4.984896873948784,1.4720239637867476e-10,5.7353079484131145e-06,18.558766436272595,157.74951470831707,7.14789440120998e-07,-22.12467611923543,0.0,2
6.006522013904866,3.8189763380262955e-10,8.66418770851621e-06,16.25269355968283,138.14789525730404,8.024382220820527e-08,-45.585218368118056,0.0,0
22.159767213282905,2.376143653371465e-09,3.573497172750402e-06,11.927278740855655,101.38186929727307,1.4715941729273614e-06,-29.170439515696245,0.0,1
9.962339961778953,6.222726094522348e-10,7.192925170828907e-06,14.946055517024025,127.04147189470422,9.068437359872118e-07,-26.710552432741963,0.0,1
18.41427674901839,2.539844481937771e-08,1.8560524825784853e-05,6.595514869986582,56.06187639488594,5.689512564349101e-06,-27.562302916976698,0.0,1
5.71027968556554,5.222207636481734e-10,1.0538110701716157e-05,15.477783130814792,131.56115661192572,1.886721241253255e-08,-59.51555764698114,0.0,0
16.06139779664182,6.5612224855564e-09,1.1677788797792426e-05,9.640319025488125,81.94271171664907,7.32717839998501e-06,-18.907465108562022,0.0,2
21.09919500270156,4.799741984409022e-08,1.889289992895918e-05,5.176191234162845,43.99762549038418,6.290907278703709e-06,-29.361937745458896,0.0,1
32.516408292675635,1.0886108033889499e-08,2.2530097198935237e-06,8.229894345468479,69.95410193648206,4.391421715408263e-07,-46.07704451778567,0.0,0
7.798291671621164,1.7850028093000466e-09,1.5755055896831144e-05,12.335187523987782,104.84909395389614,7.485681324537613e-07,-32.856223393397485,0.0,1
8.576150171257614,2.315321485446543e-09,1.6503360826940844e-05,11.934448975409351,101.44281629097948,2.5711553667070824e-07,-43.42286113674774,0.0,0
1.7732493433163259,1.0998548425375998e-10,6.668492171042861e-06,19.446187794421633,165.29259625258385,2.6539394552799125e-07,-29.014068670536446,0.01,1
-5.500696079810604,3.7456812851721524e-10,1.640716858748842e-05,18.95244933411243,161.09581933995565,9.386396204092927e-07,-17.79863106082441,0.1875,2
3.528701725807202,6.408571137145835e-10,1.3902386431458698e-05,15.059612045375445,128.00670238569128,2.2581620243233195e-07,-37.8796277287044,0.0125,0
-3.758982582807616,2.5213659694370626e-10,1.3138644195390154e-05,19.422382998458804,165.09025548689985,2.020967598691319e-07,-31.70183868906303,0.0975,1
38.02862174333786,7.89703844932086e-08,3.290837181022719e-06,4.437977080136846,37.72280518116318,9.067874333270321e-06,-28.613434610157363,0.0,1
25.067680123179237,7.062640017951833e-08,1.4368696127038038e-05,4.461510771793264,37.92284156024274,9.75971001897696e-06,-27.453320950003054,0.0,1
6.5773499080180535,2.005954599994176e-09,1.8910557002114052e-05,12.344424302710502,104.92760657303927,2.0031742422632165e-07,-44.658385435074486,0.0,0
-0.223587978299873,6.857668324167012e-10,1.852184621469418e-05,15.87961111865192,134.97669450854133,5.905834651839195e-07,-28.595641899206164,0.0225,1
38.166278890440424,7.451918221939274e-08,3.2054145767966897e-06,4.547095181681474,38.65030904429253,1.568504974264544e-06,-44.09398576609169,0.0,0
-1.5566024537476197,5.178132594634929e-10,1.760700280651045e-05,17.05539369883424,144.97084644009104,2.942579775789225e-07,-33.102131001591935,0.05,1
6.01881468322569,5.018938198280643e-10,9.925095389061878e-06,15.703126626156603,133.47657632233114,8.731587316333448e-08,-46.287192487704665,0.0,0
3.9157580669971264,1.3739855633792828e-09,1.9751028637967334e-05,13.486870682711473,114.63840080304752,1.9072637281593308e-07,-42.7406294054792,0.0025,0
-4.437534161151854,4.633261432035586e-10,1.84981277041325e-05,17.65739907310623,150.08789212140294,5.680919564494682e-08,-44.202851550335545,0.11000000000000001,0
18.405424904160334,2.8995056789442956e-10,1.6717412074279184e-06,16.396239652547127,139.36803704665058,9.691039085078618e-07,-23.02941835862906,0.0,2
16.729827685461206,5.038990176687436e-09,1.0093863834111397e-05,9.933792193326838,84.4372336432781,1.5082740173484904e-06,-31.932811918450486,0.0,1
17.198513230564842,1.1052653820422338e-09,4.141661290257675e-06,13.556938893760545,115.23398059696463,2.786614383539823e-06,-19.65863097566934,0.0,2
14.25751106411046,8.838812284556141e-09,1.752208212892041e-05,9.09029498227642,77.26750734934957,2.1372947997291477e-06,-31.496421845531902,0.0,1
25.946538607704465,8.796464059607302e-09,4.607000213338906e-06,8.913954839474778,75.76861613553562,4.4447282655619793e-07,-45.46413702494214,0.0,0
31.640225658472886,3.122978425473439e-08,4.482305983229e-06,5.8254569905600295,49.51638441976025,1.5665030120889803e-06,-39.30227593482576,0.0,0
4.658632403130413,1.1433139238111345e-10,5.24925821894442e-06,18.79850107542607,159.78725914112158,5.176197707135606e-08,-43.708786138416,0.0,0
21.376960428184184,3.207377039900045e-08,1.5077968440300751e-05,5.879050285417195,49.97192742604616,2.4517066133704244e-06,-35.61206584313129,0.0,1
-5.301120255094784,3.293117576965111e-10,1.5783454960059875e-05,19.154690183562078,162.81486656027766,2.836732023149511e-07,-28.346269579115372,0.2125,1
9.25208127576362,1.4891288927245127e-09,1.2533670521863502e-05,13.08121102385359,111.19029370275551,7.686833456678317e-08,-52.38105756066162,0.0,0
11.132952751797427,3.6653440654651426e-09,1.624663916992472e-05,10.979645886579625,93.32699003592681,2.2921928930196368e-08,-67.1393629346924,0.0,0
24.03569286691741,7.962224395079773e-08,1.6838041041677056e-05,4.0253815782857,34.21574341542845,2.0140864056295873e-05,-21.14316171508486,0.0,2
20.80858482880183,2.9479959246066777e-10,1.1976062625106061e-06,16.024361383446415,136.2070717592945,2.2758833181232892e-08,-56.66514915718638,0.0,0
10.692283964315815,2.0538767894825694e-10,3.917954970150589e-06,16.85228250945785,143.24440133039172,2.854458317264894e-08,-52.15720397252823,0.0,0
2.957265526610618,6.130480881068321e-10,1.438268527310715e-05,15.63430898201085,132.89162634709223,6.395449657467021e-08,-49.02004545131724,0.0075,0
5.954957105555363,1.4321851336117396e-09,1.593149989819183e-05,13.486266214241994,114.63326282105696,3.191819108442341e-06,-18.728299622282385,0.0,2
21.768324851099536,1.9364345128866717e-08,1.1238886609784982e-05,6.707727562787634,57.01568428369489,2.15128277740075e-07,-54.38562141962008,0.0,0
7.048162389580103,5.654765047091572e-10,9.557347114504715e-06,15.270280986023018,129.79738838119565,1.9416540770134787e-07,-39.80731345239515,0.0,0
10.266164375729929,3.796711537706058e-10,5.555692510781061e-06,15.93031590111054,135.40768515943958,1.5739103892828513e-07,-40.00653454533545,0.0,0
7.864348241678583,2.090779836332435e-09,1.6799362816066354e-05,12.661477147881108,107.62255575698941,1.0926956613014202e-06,-30.76046575391762,0.0,1
21.8522363317896,5.207358478314248e-10,1.3997616796765667e-06,15.297929543206095,130.03240111725182,1.9575069231778288e-06,-19.802100232176056,0.0,2
1.330376618221216,1.7240378900222e-10,8.186478855434234e-06,18.5778846679285,157.91201967739227,8.59674614875786e-07,-19.659039686668187,0.02,2
28.073581863625385,5.127033154508879e-08,8.815340424095429e-06,4.599299701387629,39.09404746179485,2.292802078588994e-06,-38.277684308213054,0.0,0
2.771041974612208,2.3765460130649545e-10,8.903042815691714e-06,17.753839179139955,150.90763302268962,3.371900090894165e-07,-30.075511524974615,0.0025,1
33.01075776061235,5.638367390010777e-09,1.268006527570893e-06,9.951066826868667,84.58406802838367,4.1024660437896895e-06,-23.919196260974694,0.0,2
23.662902856330945,1.9456131845273162e-09,2.696696630717595e-06,11.940939893217777,101.4979890923511,2.737630512831859e-07,-42.77191659990285,0.0,0
3.1974964821236695,1.413349785381831e-10,6.784531564225815e-06,18.856522902536238,160.28044467155803,4.24823430665711e-08,-46.677748687213935,0.005,0
1.7529478599281738,4.0841850005609164e-10,1.2592393149389525e-05,16.46928138104452,139.98889173887844,2.1214973620277447e-07,-36.15206771829645,0.0,1
27.182701131243093,2.293263121198399e-08,6.4049824802522604e-06,6.697378987171014,56.92772139095362,3.771064779187298e-06,-30.585667162413092,0.0,1
5.278209359327024,4.2517939209151154e-10,9.431508427290573e-06,16.445068640381255,139.78308344324066,1.2057196456932854e-06,-22.55050388144518,0.0,2
19.047968557720633,3.1186614216692325e-08,1.9569786774667882e-05,6.005472585420832,51.04651697607707,2.986411050895973e-07,-54.2994815064758,0.0,0
3.8060108869891476,7.251921621607425e-10,1.434562105820588e-05,15.099291746699738,128.34397984694778,1.516453824037326e-07,-42.229110965039034,0.0,0
-6.8472166026825265,2.6239829902677974e-10,1.4502798151179903e-05,19.966132954238375,169.71213011102617,1.3002601713022365e-07,-32.82739539745231,0.1775,1
17.091781986092496,1.0834927606002317e-09,4.417198932989697e-06,13.991826077690575,118.93052166036989,3.7378521233274054e-07,-38.248999880058825,0.0,1
17.160350829589177,5.085402607159281e-09,9.605945147828761e-06,10.232986134883603,86.98038214651062,1.386250012241277e-06,-33.14235863328063,0.0,1
0.6059206010695668,1.2193988235204462e-10,7.519245091102209e-06,19.257715676257636,163.6905832481899,4.0085073336126125e-07,-24.846544334735444,0.05750000000000001,2
10.561674764392016,6.412358801284541e-10,6.807904390430078e-06,15.044487949531149,127.87814757101476,1.2960677934269191e-06,-24.036412979288468,0.0,2
27.160335888981372,8.403855178615701e-09,3.7800307732673506e-06,9.238928962459395,78.53089618090486,3.304300930498218e-06,-27.57581231576074,0.0,1
12.406072332701953,3.699492165938359e-10,4.356973533728822e-06,15.409883114101559,130.98400646986326,1.6471427333327865e-07,-39.46232526375897,0.0,0
28.61124579824302,9.174564365461199e-09,3.3368985525946443e-06,8.895576880356773,75.61240348303257,2.7439299909119075e-06,-29.406655249943988,0.0,1
8.747085601633021,1.4826980140112392e-09,1.3168785010224791e-05,12.913364421293819,109.76359758099746,1.0254708169805532e-07,-49.756260609530045,0.0,0
18.050902624535336,8.856343370665368e-09,1.1471993828024825e-05,9.023691092703416,76.70137428797904,1.5566820880846587e-06,-34.362908015139936,0.0,1
33.617437654640455,4.688052188969396e-08,4.1977338970486655e-06,5.201758975370463,44.21495129064894,1.330255090119661e-05,-22.558133078287035,0.0,2
3.8334160845787997,5.815457394832833e-10,1.2612220788237806e-05,15.683147176901077,133.30675100365917,7.71908635820151e-07,-27.168318631185056,0.0025,1
17.012343896675862,6.435372100440489e-09,1.0645996832688419e-05,9.740740246953578,82.79629209910541,5.152678089549938e-06,-22.331282755905143,0.0,2
21.013630499921987,2.587306455538432e-08,1.4074585527153265e-05,6.577911068397637,55.91224408137992,2.5517488454501892e-06,-34.76409568509482,0.0,1
14.159670341407342,9.883928084160125e-09,1.908914564744764e-05,8.466838255975947,71.96812517579555,8.6001892893945e-07,-40.00530222302166,0.0,0
4.050533547710364,1.628008977130259e-10,6.556561342288438e-06,18.164243814800756,154.39607242580644,4.685739626504156e-07,-26.000343124330904,0.0,1
22.41279052739565,4.7943222922100805e-08,1.5423748811047438e-05,5.353576855671882,45.505403273211,1.8462878031351236e-05,-19.681032718381893,0.0,2
31.638660710836707,7.666268318134068e-08,6.910846648733294e-06,4.361739352199372,37.07478449369466,1.3405349115799988e-05,-24.943101254586995,0.0,2
26.01651741609001,1.2684083417941792e-09,1.4552815800313196e-06,12.882958341012426,109.50514589860562,4.092927785714878e-07,-37.35511566026262,0.0,1
21.433305785896387,3.7633906875583375e-09,4.839803110121689e-06,10.795270743683107,91.75980132130641,3.929657095598298e-06,-22.04836013078724,0.0,2
33.796366106698834,1.3030311807129326e-08,1.9575109238900985e-06,8.176100192131477,69.49685163311756,8.765499391857206e-06,-20.59048899870925,0.0,2
6.767566862961738,1.1798689873976729e-09,1.4417150687554256e-05,13.283062718287875,112.90603310544694,5.3279052750652516e-08,-53.84572499694706,0.0,0
10.171016393724857,3.966534796494681e-10,5.807557487758302e-06,16.137759373484837,137.17095467462113,8.228313847335266e-08,-46.47037359663719,0.0,0
21.43859574052023,6.697177422609585e-09,6.637080783475769e-06,9.179529878343892,78.0260039659231,3.729027899575946e-06,-25.073370851965752,0.0,2
12.882897824141777,4.68402896622041e-10,4.6407688814727975e-06,15.107885177986667,128.41702401288666,2.7126826286553714e-07,-36.20005180456317,0.0,1
8.83341000763237,3.258723123596686e-10,6.042550797462035e-06,16.292436295030434,138.4857085077587,1.0823331934117876e-07,-42.74141170379389,0.0,0
3.666752205449181,1.1388644517755023e-09,1.8626872532436128e-05,14.199915047911123,120.69927790724455,5.3805506261679097e-08,-53.39192204354566,0.005,0
25.49628388290315,2.9382935990425287e-08,8.91929665469572e-06,6.500800751182706,55.25680638505301,3.036141086321797e-06,-34.05049992702936,0.0,1
19.446211878597992,1.4050903740543375e-08,1.1992907948210476e-05,8.1345725895306,69.1438670110101,6.506187407898508e-06,-23.888505415105424,0.0,2
21.607899940006646,5.8851281366230466e-08,1.8760501827491345e-05,4.908424946985811,41.721612049379395,2.128124465687392e-05,-19.216845063899324,0.0,2
7.408852569125445,1.7575641909305688e-09,1.6334998226825387e-05,12.736276757270055,108.25835243679546,8.56901703372451e-07,-31.93529005439875,0.0,1
-7.0000023348363,3.707447217816679e-10,1.704972317589124e-05,19.755387400551477,167.92079290468757,6.527094458093452e-07,-20.33616071998886,0.27249999999999996,2
16.942272020440086,4.7390049226610705e-09,9.549882936296033e-06,10.326582512576138,87.77595135689717,9.843215116407896e-07,-35.34790922371052,0.0,1
18.267923807560912,1.2143532973112674e-08,1.3191540492645369e-05,7.8179824167127325,66.45285054205821,1.0945842051364708e-06,-38.35387107995946,0.0,0
5.142518043889841,4.663102760262307e-10,1.0378884740332455e-05,15.653375011010638,133.0536875935904,2.619457370642847e-07,-36.001811640371386,0.0,1
-7.478521367404234,3.6337590399021606e-10,1.7417482015571008e-05,19.81711090291153,168.445442674748,6.252848569515029e-08,-40.433983864091154,0.2425,0
18.585810500472057,9.336226054812006e-09,1.0926071260441497e-05,8.618129653114046,73.2541020514694,4.4882438385010484e-06,-25.00460560920502,0.0,2
-3.8935135293278673,1.945430328563144e-10,1.1849070015058477e-05,19.554991939453462,166.21743148535444,3.906460442138772e-07,-24.78527073396668,0.1475,2
-2.3962089684433634,2.4514487061269694e-10,1.2561310263859716e-05,18.460098960413617,156.91084116351576,9.626499241760964e-09,-58.42947300353779,0.08499999999999999,0
11.73357836581214,1.1454121452939916e-09,8.311961668819173e-06,13.566939382048737,115.31898474741425,1.0134620894952785e-06,-28.979409345587644,0.0,1
8.544644250542461,1.5409281014598615e-10,4.204624175105896e-06,17.636988090666957,149.91439877066915,3.0039778852932734e-07,-30.56215036457731,0.0,1
22.61220355618296,5.748661759744603e-08,1.7494762743989766e-05,4.708714847505035,40.02407620379279,3.2570561797834755e-06,-36.079439296122175,0.0,1
1.619605344176026,9.906224154991219e-11,6.206363708347033e-06,19.90798376365497,169.21786199106722,4.465971834090713e-07,-23.57142290707293,0.0075,2
12.568772393753513,2.034562113855272e-10,3.047607337810189e-06,16.96776707740655,144.22602015795567,3.77984223250075e-07,-29.812267497785673,0.0,1
24.57824555584439,1.094675312478794e-09,1.6671633009730481e-06,13.274724097075733,112.83515482514375,2.2319889715334018e-07,-41.973154526058785,0.0,0
14.40809971541894,2.4804378685729236e-09,9.15723066664701e-06,11.268812642942216,95.78490746500884,7.748173897816433e-07,-34.19447750282391,0.0,1
19.895740089055526,3.1899127323161125e-09,5.240641627988437e-06,11.275475554817206,95.84154221594623,4.816498218833511e-06,-19.50743914504456,0.0,2
21.257235738414103,3.1531434243121067e-08,1.4875583348303755e-05,6.2582304270150875,53.194958629628246,6.661104851879374e-06,-27.28067112170017,0.0,1
11.361133053323512,3.1477338637567546e-09,1.4704742085355183e-05,10.995329351920683,93.46029949132581,2.015914787863033e-07,-47.29383692341733,0.0,0
10.684527316541912,3.7072963476122264e-09,1.6824284597452017e-05,11.052681083735962,93.94778921175566,1.6325146872490318e-06,-29.858505722967188,0.0,1
20.98875050932673,2.180860488304909e-08,1.2861284674878535e-05,6.9797098660993075,59.32753386184411,3.115414272576842e-06,-32.27975384717861,0.0,1
10.569079288361895,2.749246669308891e-10,4.5823978486778315e-06,16.170850117630888,137.45222599986252,4.079225334131664e-07,-30.23428249975385,0.0,1
13.415173354003649,1.6902729081631033e-10,2.4092192718634924e-06,17.90785836743036,152.21679612315805,8.666740698082672e-07,-21.99961152595136,0.0,2
30.632431350691192,1.6575719926531518e-08,3.602258825840394e-06,7.494679005368283,63.704771545630415,1.946009200075187e-06,-35.13405175390255,0.0,1
3.6237878863356205,1.0273295428146449e-10,5.503444177564181e-06,19.33260348200636,164.32712959705407,5.857529809155401e-08,-42.02389841283665,0.005,0
10.007054636988997,2.0288362467743176e-10,3.911953899841893e-06,17.429934005601506,148.1544390476128,1.1414585951362862e-06,-19.670016137686083,0.0,2
24.731742631494424,2.287484423236134e-08,8.67942507190333e-06,6.626789726977229,56.327712679306444,2.261339224237878e-07,-55.33863475148802,0.0,0
14.228694141082713,5.5853962521189594e-09,1.4015123386504338e-05,9.946507556291927,84.54531422848137,1.6322936876210995e-06,-31.835715036721165,0.0,1
-4.357926024921413,2.7650040926104967e-10,1.3701648714955846e-05,19.294548764540874,164.00366449859743,6.215034744237071e-07,-21.47380224244284,0.08,2
-2.469371048526617,1.7759787676228762e-10,1.0534783977985775e-05,19.568967475751492,166.33622354388768,7.980014462228315e-07,-18.88701239765078,0.1225,2
-2.9460401594799404,3.503839218500023e-10,1.5287403198813154e-05,18.07139157916648,153.6068284229151,1.2973745514303112e-07,-37.03753038485975,0.08499999999999999,1
12.272615916544913,1.3671490603406178e-09,8.051805365644315e-06,13.085310148846169,111.22513626519242,3.2094339624504702e-06,-19.083018888125004,0.0,2
11.97151020918872,3.900491992729834e-09,1.4169411530104964e-05,10.850427289866104,92.22863196386189,5.825400524200859e-06,-18.509731532647518,0.0,2
25.61480773676591,3.550954787003422e-09,2.8607985409770317e-06,10.643459534478545,90.46940604306764,2.3567854076301816e-06,-26.338822673158013,0.0,1
33.475935164317406,2.6136617605181067e-08,3.1718439812595945e-06,6.356929273751605,54.033898826888645,6.5500005487853315e-06,-26.103220689566747,0.0,1
13.847738290570057,6.9773901799511236e-09,1.5869127469059566e-05,9.375783803812176,79.6941623324035,5.209239888764782e-06,-22.265308212701783,0.0,2
14.420396216679608,9.55581189055835e-10,5.677171832131322e-06,13.883945334971365,118.01353534725659,2.7417642477814575e-07,-39.8210207956234,0.0,0
18.28099878885386,8.589638032769486e-09,1.0500137641901514e-05,8.98843337849675,76.40168371722238,8.540319049307411e-06,-18.832033512381685,0.0,2
17.41343771747555,1.0166352784458507e-08,1.3384836932365123e-05,8.421269472642619,71.58079051746226,4.4580510197447605e-07,-45.59307353899083,0.0,0
5.433332558603078,9.403412000580206e-10,1.4109020352367412e-05,13.893730492545178,118.09670918663402,5.147557394362767e-07,-32.481421298102624,0.0,1
8.140606171689704,1.0250373055672467e-09,1.1485760184301757e-05,13.933080702707848,118.43118597301671,4.797852221350901e-07,-35.000950662402886,0.0,1
19.97540523564067,1.3035449228522703e-08,1.0951206329953471e-05,7.8657090782773995,66.8585271653579,4.83548249634472e-06,-25.716398313378118,0.0,1
19.78065023417188,4.7903451914319675e-09,6.604936212752501e-06,10.222264152583591,86.88924529696051,5.311401011530405e-06,-20.265699524283782,0.0,2
4.544581280608756,1.1161302618429431e-10,5.238466721492315e-06,18.57419076056294,157.88062146478498,1.8521539921370813e-07,-32.10986829521425,0.0,1
26.952748856924376,3.805603691728312e-08,8.412734998992323e-06,5.604275776556342,47.63634410072891,8.726177215727045e-06,-25.28730254227535,0.0,1
1.5237076567545431,1.252002491251261e-10,7.1524167132232096e-06,18.81892273297291,159.96084323026975,4.3941828854079655e-08,-44.255186657030606,0.0225,0
23.023895680111565,1.611147083753972e-08,8.425747550207915e-06,7.6964441357310704,65.4197751537141,8.771416071698202e-06,-21.428236375695082,0.0,2
9.607617757411449,9.861352963595056e-10,9.576754733577807e-06,13.94047583168912,118.49404456935753,1.0808041356646006e-06,-27.362462892222656,0.0,1
18.376504324168913,9.566287543342004e-09,1.1600871067094625e-05,8.891706469448412,75.57950499031149,8.510570802206958e-07,-40.1598629958131,0.0,0
9.023995094407232,1.414178554328921e-10,3.8093142020441234e-06,17.941027193390678,152.49873114382075,3.2124776779359633e-07,-29.585511638382492,0.0,1
8.88963586237416,5.862915815350717e-11,2.3985736449165374e-06,19.523894761035454,165.95310546880137,7.049251787302332e-08,-38.755140163917694,0.0,0
18.744037979949834,2.2483212678672563e-09,4.980956701321318e-06,11.786310287622289,100.18363744478945,4.013360287717559e-06,-19.16155059188462,0.0,2
5.41788435895171,1.8784645441751338e-10,6.369563796802412e-06,17.60329373435881,149.6279967420499,2.8114051758911205e-08,-51.204960713593444,0.0025,0
20.646716561713653,4.7199344238235344e-08,1.974480795963671e-05,5.167530195718301,43.92400666360556,5.215331199003173e-06,-30.809941936463353,0.0,1
12.756178346462184,7.873733444440573e-10,6.000438047645011e-06,14.401973065076687,122.41677105315185,1.135837322370029e-06,-26.389712207204212,0.0,2
28.749300889148316,3.183181968235051e-08,6.361963129851917e-06,5.942646027347694,50.512491232455396,2.891420191727373e-06,-34.27884197865678,0.0,1
1.6240401241714044,1.7273367723624377e-10,8.404261415050667e-06,18.31866256424368,155.7086317960713,7.076239259713093e-08,-41.76489410892076,0.005,0
18.746456891558285,1.7335731239534875e-09,4.675206381851376e-06,12.19211200395644,103.63295203362975,1.0788467056686968e-07,-50.387058905484345,0.0,0
14.591087082198284,2.066658782688654e-09,8.116446783661569e-06,12.15809873009701,103.3438392058246,1.310374284456523e-06,-29.366225237516197,0.0,1
29.269110996598947,9.88080235074556e-09,3.2650539301343088e-06,8.438050451856695,71.7234288407819,9.917120130647274e-08,-58.61273485633282,0.0,0
5.430465016555925,1.5311771302437688e-09,1.8420905361528535e-05,13.076248290669447,111.1481104706903,3.4047580017452447e-07,-38.76025636577853,0.0,0
4.53089076551136,1.2770349579495244e-09,1.7960860485753666e-05,13.764579035996064,116.99892180596656,2.7904333847444325e-07,-39.80712763511835,0.0,0
20.255468009279166,3.031719657035514e-08,1.6041400945977118e-05,6.665680881882242,56.65828749599905,1.0098573787509487e-05,-23.19930192172417,0.0,2
20.663201802946208,4.034085566338684e-08,1.8458147401528932e-05,5.926803009043448,50.377825576869306,1.0056101274496686e-06,-45.23704487881055,0.0,0
18.380366755112785,2.6903888239740322e-08,1.815889588842518e-05,7.174305350424591,60.98159547860902,1.4713497402604002e-05,-19.490724828242897,0.0,2
6.296733795771172,1.4066557385586546e-09,1.578719919375368e-05,13.481266468183158,114.59076497955682,1.0882058266233715e-06,-28.401040263880994,0.0,1
3.2604368963572554,1.4991035978678146e-10,6.884067972812507e-06,18.52600257529617,157.47102189001745,6.786682266248903e-09,-62.32593580817883,0.0025,0
35.4768269646865,1.073084893879967e-08,1.3696989835268998e-06,8.588964599797846,73.00619909828168,4.285818507519662e-06,-26.406705999555044,0.0,2
20.21578184619495,2.3868075037553145e-10,1.059965699682725e-06,16.794670730044455,142.75470120537787,6.659516705417157e-07,-26.019047004763685,0.0,2
-3.162405939821738,4.175816622091427e-10,1.6830134781099865e-05,17.807524370574395,151.36395714988237,7.018742678197926e-08,-43.23171621534058,0.0775,0
-6.435959102263339,3.4860592625215286e-10,1.6293782128930623e-05,19.403385832374862,164.92877957518633,8.502666196622078e-08,-37.61993422715061,0.14,0
11.937609617725016,1.409356562837721e-10,2.5450253620733053e-06,17.879776918891405,151.97810381057693,1.0035699041819993e-06,-19.104153461823653,0.0,2
7.394014937716268,1.3544313487849805e-09,1.3630291325402495e-05,13.352490575625081,113.4961698928132,3.314795812313472e-06,-18.288626060137393,0.0,2
11.181055055516016,2.091006631484883e-09,1.214069450699536e-05,12.047204743559137,102.40124032025267,8.353492553036205e-07,-33.240369602562026,0.0,1
25.26685365070607,7.765341705288922e-08,1.4253878570911813e-05,4.222787233367541,35.893691483624096,2.134357214742444e-05,-20.444875558367528,0.0,2
8.218269682801154,7.211905357766263e-10,9.148382175913818e-06,15.031004508553679,127.76353832270627,1.960731869200391e-06,-20.68124969650664,0.0,2
21.62638979706557,2.1726995074263e-08,1.1650020907948665e-05,6.913803596428943,58.76733056964602,8.1838120428923e-06,-23.38983352001059,0.0,2
41.543458489383234,5.4703114497412535e-08,1.6646935813912753e-06,4.244788194740561,36.08069965529477,3.022380661212954e-06,-35.68405243170791,0.0,1
-3.3751474745214045,2.5102526975736573e-10,1.2853095185860427e-05,19.205771127567516,163.2490545843239,6.830289571731704e-07,-21.189440536975397,0.105,2
10.911050481451465,7.115483601830181e-10,7.109931011203109e-06,14.800424243847747,125.80360607270585,6.376147567290377e-07,-31.11981742696559,0.0,1
0.8114737929637341,8.625531095543455e-11,6.302260216995639e-06,19.951511297265725,169.58784602675868,2.7389802342596457e-07,-26.882337014134553,0.045,1
11.478088982374752,3.5981448537466576e-09,1.4584693741636672e-05,10.67571712633108,90.74359557381418,4.9100201508295434e-06,-19.240413386710557,0.0,2
28.753061591701154,5.269669688270294e-09,2.2675816708174015e-06,10.303325430004946,87.57826615504206,6.414143027056426e-06,-19.43757684744295,0.0,2
32.916141210179546,7.598428197104337e-09,1.6891344559617633e-06,9.150686487609898,77.78083514468413,4.5421932950298214e-07,-44.381515810598785,0.0,0
23.707024152135233,1.6345718057855279e-09,2.401718433708255e-06,12.615484851920403,107.23162124132341,6.860578612551135e-07,-34.29126682959001,0.0,1
17.170941153378752,5.529180747874183e-10,3.0415649008271327e-06,15.21493352019342,129.32693492164407,2.51445807574127e-07,-38.593025744897275,0.0,1
17.184746234304725,7.649296201904614e-09,1.1638486533594938e-05,9.270540539226582,78.79959458342596,2.56644492992709e-06,-29.119056972028986,0.0,1
-7.733754333359877,3.866884152359158e-10,1.758931085144307e-05,19.902231565730915,169.16896830871278,2.1817963164355371e-07,-29.43436452478322,0.195,1
6.539375739413046,1.2577018692973386e-09,1.4437283803213256e-05,13.438853286857132,114.23025293828562,2.7722368381867605e-06,-19.441261271621574,0.0,2
23.727901824237016,5.743039678629059e-08,1.4682012216628909e-05,5.038159724794898,42.82435766075664,1.6988530432567912e-05,-21.446434834588537,0.0,2
7.053350690254929,2.313460083316281e-09,1.9546485762053356e-05,11.917450980453584,101.29833333385545,6.586709120875969e-08,-55.11545300194563,0.0,0
5.830366081820296,1.6209711565420647e-09,1.8227121696251445e-05,12.877315939214704,109.45718548332498,2.3527195336245305e-07,-42.17347530048096,0.0,0
-2.460672139296782,5.92272166729984e-10,1.9285313215686005e-05,17.298887617577304,147.04054474940708,4.132155617013017e-08,-50.13740763036283,0.0625,0
17.607674921261033,6.094958081311595e-09,1.007331609791118e-05,9.549349079461221,81.16946717542038,1.314851764104764e-06,-34.19052568627065,0.0,1
39.93533869296888,2.766262837726207e-08,1.2780303150427045e-06,6.784038313893674,57.66432566809623,7.0599018052931586e-06,-26.127544838854963,0.0,2
6.993263582117123,1.2064991188119731e-09,1.3842806706393696e-05,13.345886711529594,113.44003704800156,5.349316242325282e-07,-33.807011069492475,0.0,1
7.722570134781892,6.589200832084984e-10,9.149873473425506e-06,15.120159814128499,128.52135842009224,1.9816990673435376e-06,-19.813995150228326,0.0,2
-3.510241665767682,2.436993044178635e-10,1.307538889726216e-05,19.15792719444784,162.84238115280664,2.9029296556870903e-07,-28.509998111120822,0.04,1
4.618962248057815,1.0809976489839618e-09,1.672635173973139e-05,13.986609730441018,118.88618270874866,2.4806171266005453e-07,-40.016050568212876,0.0,0
-2.5529024783024212,4.104554363268351e-10,1.6076475378686593e-05,17.612363435258555,149.70508919969774,5.7187338454607e-07,-25.156592312001585,0.0225,2
36.00866286889427,1.260307275321637e-08,1.4333282177969927e-06,8.425277897094775,71.61486212530558,2.5264644751070458e-06,-32.201006318676406,0.0,1
-4.8470243459854485,2.1298598190797176e-10,1.2921636460129927e-05,19.918749860747997,169.30937381635798,2.1944545508608837e-08,-49.53984629850275,0.115,0
22.05181291887593,6.7921707777823866e-09,6.267829244586456e-06,9.354546048592637,79.51364141303742,2.2735227883346085e-06,-29.836932372255394,0.0,1
11.857626630765512,2.192110986432265e-10,3.4758979737556654e-06,16.894044270029017,143.59937629524663,3.243468429911393e-07,-31.30809369393241,0.0,1
28.93282286187665,3.5956368932056837e-08,6.649435095664272e-06,5.958989960586237,50.651414664983015,2.034504848261774e-06,-38.634736257663334,0.0,1
18.65726351207079,1.1047885080114079e-08,1.2086089811027448e-05,8.001037395214547,68.00881785932366,6.284952211430415e-07,-42.927467325611374,0.0,0
9.562007548692666,2.664951588701432e-09,1.6154487187667885e-05,11.829572957532026,100.55137013902223,1.4806665060870014e-07,-49.247247812778966,0.0,0
-3.0671815008778207,3.5984257696038984e-10,1.5067504647984098e-05,18.23848372776161,155.0271116859737,3.171227435510787e-07,-29.43817836343035,0.0775,1
11.433592688477587,4.520447941322568e-09,1.6834388048525484e-05,10.508431517144428,89.32166789572764,3.098111989222133e-06,-24.902712495122085,0.0,2
2.1018257960805635,3.1065112104217957e-10,1.0770051345167303e-05,17.014475229576668,144.62303945140167,4.4922592507387577e-07,-28.450747342583483,0.0,1
-3.9530365277553186,1.6507065417738157e-10,1.0849802081786096e-05,19.869994221234375,168.89495088049216,4.711755575282247e-08,-42.080091649051354,0.0675,0
14.241369784353397,2.3152579285188105e-09,8.531682107986768e-06,11.990319739380439,101.91771778473372,3.87733505928155e-06,-19.831087900462542,0.0,2
8.949592058723233,1.2441023788955984e-09,1.1617701191458792e-05,13.4379895347412,114.22291104530021,1.049871065489819e-06,-28.857086760832473,0.0,1
6.953755865072494,2.2983953958896734e-09,1.912760026604971e-05,11.917853501909114,101.30175476622748,1.6250293344770087e-06,-26.724969968257003,0.0,1
31.120241508931766,3.6488510213251837e-09,1.3313552334125986e-06,10.5860054684888,89.9810464821548,6.840912838556731e-07,-37.54282294947062,0.0,1
11.712256831749606,3.3806624226975764e-09,1.4413986865039216e-05,11.399863815927462,96.89884243538343,1.9972963464629074e-07,-47.972658067830366,0.0,0
10.456111940981813,2.43992494444867e-10,4.286460941287782e-06,16.957255212418552,144.1366693055577,2.367280357787455e-07,-34.71653837652608,0.0,1
8.47645155284165,3.300998785255024e-09,1.993348277339376e-05,11.255334286980753,95.6703414393364,1.8451437344687425e-06,-27.73867752894386,0.0,1
20.651802454301546,4.769969976896056e-09,6.226649460263848e-06,10.493397258618817,89.19387669825994,1.1480127705750945e-06,-34.66636517891753,0.0,1
20.17706178739823,4.279600024797853e-09,6.319205116240939e-06,10.630509814587127,90.35933342399056,3.5247996547494963e-08,-64.24635179745552,0.0,0
20.09962811822762,2.8674575000707505e-08,1.6510466902391657e-05,5.880887505351602,49.98754379548862,1.586243484215928e-06,-38.82872499681267,0.0,0
12.433788844051083,4.188658121865003e-09,1.5005149411705592e-05,10.46205972438883,88.92750765730506,1.3663565505698544e-07,-52.09024382531963,0.0,0
32.58739637609765,2.6560887393715822e-08,3.602818140634381e-06,5.989019538445202,50.90666607678422,5.585072384044182e-06,-27.62132195520849,0.0,1
12.903896710835316,5.31884565549597e-09,1.606291764432065e-05,9.887613776700391,84.04471710195332,5.280140842367051e-07,-41.218413568073274,0.0,0
22.761371757222676,5.493585545350855e-08,1.6760623440002086e-05,4.9487129742500375,42.06406028112532,4.80470747614796e-06,-32.52719521488395,0.0,1
17.8031282356823,9.159124181820659e-09,1.2179913893335979e-05,8.848784698012047,75.2146699331024,6.590930014423251e-07,-42.11003708862495,0.0,0
9.714456012090105,9.699342992920313e-10,9.700627015252646e-06,13.612309276499118,115.70462885024251,1.7322134040921234e-07,-43.27348672940413,0.0,0
1.630702288408708,6.528112769700746e-10,1.5783994846209215e-05,15.731631813036854,133.71887041081325,1.6576470569558594e-06,-19.82309136579603,0.0025,2
14.624073803552973,5.854304722795071e-10,4.269030177819585e-06,14.848691147079979,126.21387475017983,3.020682684567298e-07,-36.67794228772009,0.0,1
29.596284634091397,7.425603608366498e-08,8.818171919449425e-06,4.499699122926699,38.24744254487694,6.237887258779676e-06,-31.80039381736467,0.0,1
-2.7432486335785944,4.818148927905424e-10,1.7546432363770398e-05,17.460545315155144,148.41463517881874,9.139250737315423e-09,-61.82943864930489,0.11250000000000002,0
2.284554782876227,6.344382287466586e-10,1.444599898921749e-05,15.990806384543617,135.92185426862076,1.7023012074120532e-06,-19.982448871384697,0.025,2
6.253841742690661,8.268482089839315e-10,1.1892497760783572e-05,14.642899723396674,124.46464764887172,2.358343647304784e-06,-19.16796258274722,0.0025,2
23.349480521685454,1.0001023509347902e-08,6.6924786973973415e-06,8.838581055090415,75.12793896826854,6.271643247882618e-07,-43.174834429864916,0.0,0
14.149363816537058,1.0450497982265057e-08,1.9395899961835584e-05,8.448660473766182,71.81361402701255,1.945657319544096e-06,-32.91689358363,0.0,1
15.55013977133509,1.0835859084912654e-08,1.7047412166847705e-05,8.64182645125704,73.45552483568484,4.5876697622728876e-07,-46.220179776265915,0.0,0
7.500133621491456,4.677012130364035e-10,8.345245297345814e-06,15.270646427152991,129.80049463080044,2.304178045012883e-08,-57.19613085322087,0.0,0
28.27780694853751,1.6250023741757063e-08,4.714314108990414e-06,7.297403152764201,62.02792679849571,3.5706607063567647e-06,-29.471625522048228,0.0,1
32.43556639453847,3.3451767375613004e-08,4.2210064241551505e-06,5.989493686478093,50.91069633506379,1.790315435639204e-06,-39.04507901822199,0.0,0
25.73551014068668,4.283368683819467e-08,1.0382184070060202e-05,5.263094272899821,44.736301319648476,6.114664043583819e-06,-28.886681280540095,0.0,1
7.456186392574909,3.54379383450374e-10,7.233403568598402e-06,16.3391829189298,138.8830548109033,2.867030575598725e-07,-34.636057381699715,0.0,1
21.471162368996673,2.363751321642738e-08,1.2395720933916844e-05,6.433860921286416,54.687817830934534,8.043391812261312e-06,-23.485356431046608,0.0,2
10.790045495948204,1.2104597529160923e-10,2.807819918476644e-06,18.399821388567663,156.39848180282513,3.655333679246027e-07,-27.938016632272003,0.0,1
16.127602749555543,9.487928420362013e-10,4.438932124319671e-06,14.282564086912846,121.4017947387592,1.8348215169844487e-06,-23.31291358369038,0.0,2
14.118640974800549,3.8425612134535344e-10,3.6627984321647074e-06,15.552647920025644,132.19750732021797,6.844042523745417e-08,-47.85124284600508,0.0,0
8.961038214781604,9.277646666070437e-10,1.0105322462470379e-05,13.718880698775031,116.61048593958776,5.343863914817989e-07,-32.83998541341433,0.0,1
-0.13636022775108375,2.819216036670657e-10,1.1575697787434334e-05,17.867543477607693,151.87411955966542,1.21976924758603e-06,-18.07205090264734,0.0475,2
26.355117010388756,7.300175237012266e-08,1.2777723005281802e-05,4.150853683460399,35.28225630941339,5.606928234935914e-06,-32.083403281059944,0.0,1
14.989593146141235,2.949641172560177e-09,9.442007379133886e-06,11.181318960458151,95.04121116389429,9.483332168636518e-07,-33.85352973752132,0.0,1
24.683531417042293,1.514657046007411e-09,1.8717066867331815e-06,13.131526816899845,111.61797794364868,3.109432425320427e-06,-20.344764897348195,0.0,2
5.621650161630845,8.514987952829793e-10,1.3417213047158927e-05,14.602336299324287,124.11985854425643,1.7859058812074447e-07,-42.0500259135854,0.0,0
8.480634981202916,3.4445774066572347e-10,6.412767780238295e-06,16.043261780110164,136.36772513093638,3.3662029459131054e-07,-32.890489956589406,0.0,1
22.18013541417858,6.325207276328578e-08,1.8582013591919564e-05,4.526513991962251,38.47536893167913,1.493217794171592e-05,-22.714515353413304,0.0,2
29.710067357598625,3.46105255958458e-08,5.886152189175272e-06,6.1258044645353,52.06933794855005,4.034887120336259e-06,-32.09336439270554,0.0,1
23.462171707861287,4.955131287662912e-08,1.470721388560985e-05,5.400734094661873,45.90623980462592,3.0690806102911593e-06,-36.12649200356012,0.0,1
-0.02680362677907847,4.0070877521839556e-10,1.3893642924454532e-05,16.637939593748506,141.4224865468623,5.588037708719312e-07,-26.458133803536455,0.005,1
4.718509976325999,1.2593549004050316e-10,5.317479724638448e-06,18.424463136179114,156.6079366575225,6.500830015982184e-07,-21.65584807892931,0.0,2
20.913658154354287,1.0401473226290505e-08,8.731167480048655e-06,8.464637660201989,71.9494201117169,5.954561942601301e-06,-22.943549668509228,0.0,2
12.818688852971377,2.1923001196655623e-09,9.614953420943149e-06,12.517195382828241,106.39616075404007,4.524992862835317e-06,-18.459250463752333,0.0,2
-4.033702096107476,2.5557003933477163e-10,1.337495100438777e-05,18.64074219851981,158.4463086874184,6.387786594944309e-08,-40.83341288442814,0.07,0
21.048957958345262,6.762972600587142e-10,2.062469543698261e-06,14.279367537404656,121.37462406793958,6.653855263247515e-08,-50.7252613192425,0.0,0
4.45464940794021,3.0572430303082314e-10,8.563628141167145e-06,16.911537353634664,143.74806750589465,9.692881516744916e-07,-22.24511777378218,0.0025,2
-5.329052758605828,3.4914438388275665e-10,1.6408644696983305e-05,19.000599145728653,161.50509273869358,7.404513785452251e-08,-40.34997036997112,0.22749999999999998,0
7.488482913033222,2.1577070229973244e-10,5.583443511692144e-06,17.124382653072704,145.55725255111798,1.5324288297453815e-07,-37.430969413463046,0.0,0
18.696944432036105,3.354214258261776e-09,6.4698631367546214e-06,10.658653356992588,90.59855353443699,1.6763378799431492e-06,-28.936528164079398,0.0,1
6.6493301217121115,8.501893678250926e-10,1.229778418919905e-05,14.342772025106047,121.91356221340139,6.129399962586631e-07,-31.6070628679357,0.0,1
17.755644214790117,1.888475845662672e-08,1.7196021959778274e-05,7.422535750745931,63.09155388134041,5.745097850814307e-06,-26.270487634896543,0.0,1
16.18675793215023,8.3564261265941e-09,1.3002595082435453e-05,9.067303823983275,77.07208250385784,8.53209664837223e-06,-18.513023153396823,0.0,2
22.88015801146248,5.954149583728414e-09,5.395261380733087e-06,9.70430136863321,82.4865616333823,5.520423211199942e-07,-41.44773182496185,0.0,0
24.80699695759785,1.566569839050398e-08,6.6827979763253e-06,7.960800829060516,67.66680704701439,1.095633004358212e-05,-19.44606799334881,0.0,2
0.4696420217690125,8.896108393946823e-11,6.602573339163189e-06,19.925004260432065,169.36253621367257,2.8423029870812406e-07,-26.758960414074867,0.017499999999999998,1
1.505180839605562,1.517504753908276e-10,7.705552702323841e-06,18.964483699571243,161.19811144635557,4.993869064221455e-07,-24.249922919707686,0.03,2
19.391720992797968,2.2832459169913505e-08,1.5517825868326062e-05,6.793037987980878,57.74082289783746,7.181102353936939e-06,-24.59368566068067,0.0,2
5.432262955580821,4.0504838857380535e-10,9.135661851665546e-06,16.230621692831573,137.9602843890684,1.2624454379742272e-06,-21.35727321818555,0.0,2
6.2726988944362745,9.797863998572471e-11,3.961043209601429e-06,19.111875943570805,162.45094552035187,8.219243915791324e-07,-18.882914983924934,0.0,2
11.432385511025931,3.751269875979129e-09,1.4961616115308053e-05,10.741606584774525,91.30365597058346,4.354723490905686e-06,-20.64045234899362,0.0,2
40.58704056874761,7.462048970541983e-08,2.3398835282189447e-06,4.188113312428967,35.59896315564622,1.2516595147507765e-06,-45.54405329211866,0.0,0
6.0344607340898015,7.693682536583346e-10,1.1670111020409025e-05,14.412380201088082,122.50523170924869,1.986613757522154e-06,-19.938152328411448,0.0,2
31.39919918656792,2.1040327616453493e-08,3.700242703907812e-06,7.166839397133884,60.918134875638025,3.3329736971227316e-06,-31.638676960172955,0.0,1
2.97358849358867,5.294418019235905e-10,1.245537587479087e-05,16.362825076780805,139.08401315263683,1.7933535395087366e-06,-18.721350559787897,0.005,2
6.147514033068634,1.3131525036923627e-09,1.5922260400903085e-05,12.738655884064862,108.27857501455134,3.405640900576191e-07,-37.80951764758215,0.0,0
28.870637107140862,8.131999706010138e-09,2.993350797540409e-06,9.194731618304031,78.15521875558426,3.067399911738586e-06,-28.16651861580043,0.0,1
39.84021848924676,4.637080293839687e-08,1.93230431285396e-06,4.871183526188829,41.405059972605045,2.411483933429595e-06,-37.573096742188966,0.0,1
6.522590577781369,7.316805886795408e-11,3.4925100401980905e-06,19.54243175043524,166.11066987869958,7.112281678664268e-08,-39.42725225804,0.0,0
18.211560174165914,4.997131519306669e-10,2.3615131184593516e-06,15.21037134460369,129.28815642913136,1.8539984870252239e-06,-19.6328692440175,0.0,2
20.86980934182039,1.2638901806744837e-08,9.992000140602585e-06,8.084780585886362,68.72063498003408,1.4575257443700992e-06,-36.51706366631673,0.0,1
22.870223354295174,1.7574196951117278e-09,2.816063759959687e-06,12.30542874567392,104.59614433822831,3.236707943190844e-07,-40.82356007541889,0.0,0
5.178091700817254,1.497324348704032e-09,1.848405346509032e-05,13.097124913150111,111.32556176177596,5.444608615383246e-07,-34.53051026139904,0.0,1
16.83303683435944,7.027817733605891e-09,1.1381470029409693e-05,9.666767937830636,82.1675274715604,4.377365999795537e-06,-24.287725725194246,0.0,2
22.109617486043543,4.0167646494748165e-08,1.5642595492450893e-05,5.25930940899447,44.704129976453,2.2626992248658904e-07,-57.51007644458256,0.0,0
11.32391559747347,1.8088664714544697e-09,1.0558564603354532e-05,12.443091506587443,105.76627780599327,3.0152295926114385e-06,-20.998564579939554,0.0,2
29.6063947967375,3.4642719703240185e-08,5.944467522895749e-06,5.9329264162531405,50.429874538151694,5.10818497145904e-06,-29.958911771081404,0.0,1
18.061202954375247,1.189590140560945e-08,1.3461900998136397e-05,7.93244776990335,67.42580604417847,9.5399492925556e-07,-39.57395861143007,0.0,0
26.400283456636096,1.7485498790153948e-08,5.815979994444158e-06,7.496569968543902,63.72084473262316,1.1683210111864044e-05,-19.15894073474675,0.0,2
1.4003344059707241,1.9178784375746797e-10,8.599947926968652e-06,18.331917040310984,155.82129484264337,9.93689153914945e-07,-19.054242676575598,0.0,2
22.727001548173924,3.8455729309926465e-09,4.129834283961944e-06,10.974827222128418,93.28603138809156,5.089502009484411e-06,-20.123789161571555,0.0,2
2.185954403712453,2.53952853162497e-10,9.542954460254721e-06,17.253822006538105,146.6574870555739,2.619564753990495e-07,-32.23999342281584,0.0275,1
6.024860442221555,1.6559105082228652e-09,1.718131908660718e-05,13.035867369088084,110.80487263724872,3.004458347137551e-06,-19.964301420178746,0.0,2
23.828075014904464,1.6516110251013525e-09,2.277615418298507e-06,12.62322522652873,107.2974144254942,2.824555206882378e-06,-21.302076808373485,0.0,2
-4.531153117745163,2.048793383168993e-10,1.2482406744336075e-05,19.505964546172983,165.80069864247037,2.2543500638537474e-08,-48.81439916753696,0.21500000000000002,0
26.186088059854775,1.56686151234781e-08,5.647988582551844e-06,7.634780487386547,64.89563414278565,1.1107411555184889e-05,-18.963688588087265,0.0,2
23.7800819905419,5.321800252699392e-08,1.4769692487643205e-05,5.260572961934493,44.71487017644319,1.4454953808685062e-06,-43.29052399870391,0.0,0
13.22069866650801,5.9299502736897495e-09,1.6347684499087658e-05,10.243680758084466,87.07128644371797,1.1389628978247296e-07,-55.612999539204395,0.0,0
0.026806449347134713,2.852511832347991e-10,1.2138815565325428e-05,17.831960125346615,151.57166106544625,3.6669032796814847e-07,-29.473971231392042,0.052500000000000005,1
14.678224660288798,9.833994397489846e-09,1.6922447198070456e-05,8.774892617072512,74.58658724511635,7.385242017287781e-06,-20.46928869051952,0.0,2
17.242893936447423,9.98886839794888e-10,3.976135829836219e-06,13.564548042736215,115.29865836325783,2.0151732036547748e-06,-21.991525791362513,0.0,2
29.943148639155797,2.2775708707632e-08,4.558390594566892e-06,7.000212301580786,59.50180456343668,5.8568908076984075e-06,-27.090701804812525,0.0,1
25.811924723334243,1.579427848868024e-09,1.722534761451385e-06,12.415446822665707,105.53129799265851,1.20844420747085e-06,-28.99438008549849,0.0,1
18.972317719692434,1.7190198896635128e-08,1.4359438728650637e-05,7.292449999350019,61.985824994475166,3.756064558846408e-06,-29.289772152553716,0.0,1
13.053413583990082,1.9442905177445795e-09,9.351731629401766e-06,12.31970082818761,104.71745703959469,1.4132791082522412e-06,-28.4573683724547,0.0,1
20.233250461874654,1.4944341517825434e-08,1.1138667031613626e-05,8.324259874819894,70.75620893596911,8.623157595772795e-06,-21.695712548157235,0.0,2
24.385066363064286,2.6195108510737392e-09,2.912025085019023e-06,11.461301186883745,97.42106008851184,1.67584989012095e-08,-68.50138774390699,0.0,0
21.238601995612886,1.4134316262136256e-09,3.0100045017322355e-06,12.681470822272946,107.79250198932004,1.2862284743965245e-06,-27.832574623551025,0.0,1
2.1297264090734362,1.0947952549899595e-09,1.9971609994373354e-05,14.191631285917532,120.62886593029903,1.6346724358952747e-07,-42.287272508194135,0.0025,0
3.791298356722904,8.656247197306177e-10,1.5970873593055684e-05,14.513547862218468,123.36515682885698,7.745870373520614e-07,-28.814058469364294,0.0025,1
14.682492467856985,1.8323539947314962e-09,7.669940554027216e-06,12.476045220455378,106.04638437387071,1.0707289079612357e-07,-50.96178148023106,0.0,0
11.880151933725443,1.2958755884337135e-09,8.256595769517042e-06,13.266498217078809,112.76523484516986,2.9593028889255598e-06,-19.479529234846172,0.0,2
29.18377921725902,2.356266596791191e-08,5.075475237176959e-06,7.0500176993922485,59.92515044483411,6.206116899450378e-06,-26.59267774845352,0.0,1
19.000953782036405,2.274834411069544e-08,1.643124826635897e-05,6.785769881374453,57.679043991682846,3.5882020397523784e-06,-31.087391786336454,0.0,1
0.7947519011870597,1.5609201330601882e-10,8.214731369387967e-06,18.875728250964116,160.443690133195,7.279976587843787e-07,-20.81193904261808,0.0,2
0.7309056800787803,4.6098907780936726e-10,1.391092547157187e-05,16.68464456032148,141.8194787627326,1.631303914309614e-06,-18.238580469928753,0.0075,2
7.6949325585276664,1.616636376735019e-09,1.4920071457532965e-05,12.942942746048875,110.01501334141543,1.1568718486246633e-06,-28.580221425840836,0.0,1
2.7877144637160645,1.4397688047704272e-10,7.023141021516827e-06,18.799058449193748,159.79199681814688,7.723427938471783e-08,-41.198572227279385,0.024999999999999998,0
21.352074050864125,1.777064491400044e-09,3.423062866546537e-06,12.252958652318803,104.15014854470984,4.547729454073187e-07,-37.813733656062524,0.0,0
22.023202811451803,1.9058409229861275e-09,3.2907791385130337e-06,11.889679271624296,101.06227380880652,6.048647851103221e-08,-55.67306558643001,0.0,0
7.55983208185418,6.857651623320501e-10,1.0146848483014518e-05,14.91515750182637,126.77883876552414,4.5918937052658123e-07,-33.43892430600653,0.0,1
17.16297542587933,2.902648610738611e-09,7.249087605930652e-06,11.225724867982269,95.41866137784928,7.188003466641601e-07,-35.81935814247927,0.0,1
-4.306518672885867,3.1039391450732034e-10,1.5073848963694832e-05,18.899332933603784,160.6443299356322,4.1839683333822924e-07,-25.545814177230824,0.1275,2
18.687032483064037,8.129654812590369e-09,1.0332572189558894e-05,8.55807385856704,72.74362779781984,6.674364796701937e-07,-40.81719401592057,0.0,0
6.309036261738916,1.5464389359077776e-10,4.920819548892871e-06,18.103295646478323,153.87801299506575,1.1034861540889809e-06,-17.989389131465266,0.0,2
25.888188924782575,3.098716730901338e-09,2.467950925795433e-06,11.253415339687066,95.65403038734006,4.441277881205845e-06,-20.15935128495171,0.0,2
30.70272489670395,2.3373953793563125e-08,3.995441554313865e-06,7.081070142370507,60.18909621014931,1.4472939346100659e-05,-18.566457533630693,0.0,2
-1.3791821121198962,3.478559889271211e-10,1.414364423534633e-05,17.753166532945304,150.9019155300351,6.369775452509267e-09,-64.4699854811101,0.042499999999999996,0
6.508802684918354,8.004784299901903e-11,3.73305687206959e-06,19.49584811807337,165.71470900362362,5.853865831668449e-08,-42.00789293011777,0.0,0
19.49489926539971,2.3752915117270375e-08,1.612024320911909e-05,6.832463061053433,58.07593601895418,1.4319356286757939e-06,-39.42339491471347,0.0,0
23.104932607665795,4.10023395513656e-08,1.3782810283528694e-05,5.580605919418867,47.43515031506037,6.456445702920949e-06,-28.481737123503468,0.0,1
12.029014649262553,6.537127639380491e-09,1.8858387317023222e-05,10.078609953619058,85.668184605762,4.389040734432205e-06,-23.72202100281628,0.0,2
22.301311683004403,2.9066290556919994e-08,1.282776333788039e-05,6.2495284190386045,53.120991561828134,2.8215166347730937e-06,-34.34606404920668,0.0,1
1.858709051555144,4.979775019780671e-10,1.4101638091647912e-05,16.188436728154517,137.6017121893134,1.0741873725175916e-08,-63.063841427145334,0.005,0
23.03652096631009,7.956969610131414e-08,1.9658425883229945e-05,4.078491288561056,34.66717595276897,2.728156358631978e-06,-39.00312468359119,0.0,0
30.316903538318513,1.0275025211526241e-08,2.909703824432587e-06,8.411609799398917,71.4986832948908,6.253262697200202e-07,-43.06830460223222,0.0,0
5.197184005837185,9.582724133986777e-11,4.670103186717661e-06,19.105644560840187,162.3979787671416,7.659390057761589e-08,-39.769154699966144,0.0,0
11.09001915105646,3.948956626712283e-09,1.6057365291284867e-05,10.96985874312263,93.24379931654236,4.904961983033178e-06,-20.312394860153496,0.0,2
5.286258071437,2.321923244043482e-10,7.0945739157369264e-06,17.211094807487886,146.29430586364703,2.1516220729854095e-08,-54.422235210330754,0.0,0
-5.047331782212781,2.1737927908550393e-10,1.3054460807858686e-05,19.89122265695199,169.0753925840919,9.397358355567987e-08,-36.85200336190168,0.12000000000000001,1
1.191754851409537,5.761321427859613e-10,1.5837142930616596e-05,16.178088041077547,137.51374834915916,8.53193027146346e-08,-45.70242940678621,0.024999999999999998,0
9.738955061076231,5.379644432364865e-10,7.1451361662621555e-06,15.25010831108391,129.62592064421324,3.2180922420323723e-07,-35.75319637758406,0.0,1
-0.3610039560834458,7.710725728170376e-10,1.9204586082372173e-05,15.507915028226751,131.8172777399274,1.7990386405960455e-06,-18.800442760486668,0.03,2
31.058350490670005,6.705940813876596e-08,7.066377898744336e-06,4.430648791091833,37.660514724280574,5.181306481059462e-06,-32.53277298101309,0.0,1
4.871374951408424,1.0831454715571154e-09,1.6152397591214736e-05,14.011486344262549,119.09763392623165,9.075586530372512e-07,-28.64129598306969,0.0,1
11.550741371000475,4.636459097331588e-09,1.7244524720155106e-05,10.472206452297176,89.01375484452599,8.18065854904575e-07,-37.07076484839901,0.0,1
19.71338608587619,3.3462349628299686e-08,1.8747804176049247e-05,5.902483585250511,50.17111047462935,3.0169097938960244e-07,-54.25695182119013,0.0,0
4.1341544688672025,4.2314079488073774e-10,1.0371043003888063e-05,16.068392094826233,136.58133280602297,1.4650713606483538e-06,-19.689129302379072,0.0,2
4.5418013417688465,7.670680998347967e-11,4.35174442627636e-06,19.892695070631206,169.08790810036527,7.800729215761222e-08,-38.53039730772631,0.0,0
19.227514196331363,2.2157419433297533e-08,1.5157249749035125e-05,7.1919869166841295,61.1318887918151,1.1979539152473894e-05,-20.278487341352346,0.0,2
10.011558527596165,1.6780230067156938e-09,1.1509478418823129e-05,12.947350170240753,110.05247644704642,2.908082103574012e-06,-20.69340166985327,0.0,2
7.8416951039431755,3.2696986045579715e-10,6.687352756862972e-06,15.945930993475523,135.54041344454194,1.503804321825382e-07,-39.381058608603595,0.0,0
29.146016254908407,2.8401749739749595e-09,1.4725223456977634e-06,11.373825667642125,96.67751817495807,3.1324720485129775e-06,-23.060821360550015,0.0,2
38.67239366281051,8.118259021420518e-08,3.095553237922829e-06,4.358012041458654,37.043102352398556,7.979485978171614e-06,-30.22695281891044,0.0,1
17.316243664986153,2.0087938506785782e-08,1.804403210316666e-05,7.222863472148965,61.3943395132662,1.0775747303515769e-05,-20.573385444962057,0.0,2
9.9926598724761,5.712517361464573e-10,6.752204149108494e-06,15.363914586586208,130.5932739859828,1.8454176570867052e-06,-20.500390077978704,0.0,2
12.613960735155185,9.21412894671102e-10,6.858436298814722e-06,13.73606873239259,116.75658422533702,1.4902232873371425e-07,-44.70605462795858,0.0,0
26.607226065475352,8.127182764601865e-09,4.064707917958392e-06,9.058503837977712,76.99728262281056,4.819109223738025e-07,-44.250475733582036,0.0,0
-1.5425865853056893,2.8412801658718075e-10,1.2803448383629184e-05,18.464191783409955,156.9456301589846,5.639226006868617e-07,-24.77631384018906,0.045,2
20.268789899063442,1.991507901579626e-09,3.922395589560796e-06,12.244328418073852,104.07679155362774,3.980438020877619e-06,-19.023788086332114,0.0,2
3.021108916293059,6.99902205714911e-10,1.5384823164235967e-05,14.969854846444315,127.2437661947767,4.540632584596227e-08,-51.82738702100339,0.0,0
17.229306705575112,2.090474215604146e-08,1.9522735518528987e-05,6.740312618438175,57.29265725672449,5.89202465114406e-07,-46.14390202971726,0.0,0
15.198416181045962,3.1410047725478186e-09,9.377420008875617e-06,10.66570375579743,90.65848192427816,1.3558957575602977e-06,-30.20882170572029,0.0,1
4.798879772038052,5.084109889957424e-10,1.1348466106346178e-05,15.348181876066661,130.45954594656664,1.6319690494811108e-07,-40.38831284987117,0.0,0
30.841075175137664,7.536581907770124e-08,7.2766375796733835e-06,4.5409064730458155,38.597705020889435,2.317173905252017e-05,-19.53392469794843,0.0,2
12.073674056298502,2.397396428068294e-10,3.4104280886184143e-06,16.466270857862053,139.96330229182746,1.181311739941323e-06,-20.09715139854464,0.0,2
7.6231510706799455,2.1693520957977404e-10,5.542763017219517e-06,17.26162319157066,146.72379712835058,3.4909961304896845e-08,-50.63811760449896,0.0,0
8.878801543308516,3.71883735496115e-09,1.9817504657951543e-05,10.9907936285407,93.42174584259595,4.0424849130271614e-06,-21.404883298763266,0.0,2
18.817041049082473,5.703654519841223e-09,8.498854960623293e-06,9.674224608449641,82.23090917182196,5.488080104200408e-07,-41.219731079303784,0.0,0
3.963450810451879,5.078020518913483e-10,1.1916814357961562e-05,15.507498078312615,131.81373366565722,1.5778523532856282e-07,-40.00766186793867,0.0,0
25.394657753090094,6.134196655091614e-08,1.327129499165412e-05,4.512224369062679,38.35390713703277,3.7212712729745303e-07,-55.334366966823296,0.0,0
3.5170059990836005,4.835616604813479e-10,1.2085545134902412e-05,15.764507557775818,133.99831424109445,1.874908406300546e-07,-38.45244682645874,0.0,0
11.330094798895313,1.7895358888274255e-09,1.0832251475609471e-05,12.136679771089698,103.16177805426244,9.222865363488052e-07,-31.233395044699748,0.0,1
23.63301097794734,2.0951563225820255e-08,8.752686906895829e-06,7.14012548446431,60.69106661794663,1.4253554128935992e-05,-18.04231894519746,0.0,2
19.159589156537578,9.320653354670155e-09,1.023639109486017e-05,8.253434636122918,70.15419440704481,3.6379195961991153e-06,-26.576864056418916,0.0,1
-5.934631201472557,2.834340043698852e-10,1.5138925885378705e-05,19.60789131061321,166.66707614021226,6.601163755978011e-07,-20.046772996534976,0.11499999999999999,2
18.69148179337371,2.6661600117403474e-08,1.877496272096946e-05,6.492333490414021,55.18483466851917,3.0776383097457877e-07,-53.06652796490663,0.0,0
1.0086410445717147,7.410814304992418e-10,1.7936526920642314e-05,15.653370263137816,133.05364723667145,1.9645225698196805e-08,-58.97880829213483,0.0075,0
17.298842605827986,2.9901994079984525e-10,2.0428984513168513e-06,16.63594415594545,141.4055253255363,6.560814374899134e-07,-27.488666053229387,0.0,2
14.99947371406446,6.425980590516801e-09,1.397898132660225e-05,9.614440667709784,81.72274567553316,2.6149925094185324e-07,-48.259794647417884,0.0,0
2.9304518897637735,9.044324045893482e-11,5.528955756602346e-06,19.444651920849573,165.27954132722138,5.281065945420715e-08,-42.415656820190435,0.02,0
0.7260057651577062,1.624082196472744e-10,8.475968362038476e-06,18.98705542594804,161.38997112055833,3.8846073747986984e-07,-26.645745577755783,0.037500000000000006,2
25.02507676841612,5.480053060655504e-08,1.276225104805813e-05,4.072291990940942,34.614481922998,8.081998641037958e-06,-27.076755335425297,0.0,1
33.0085409109857,1.2773737604270968e-08,2.305294492012742e-06,8.156043845729677,69.32637268870226,9.820037296456858e-07,-40.311144580439596,0.0,0
7.090820358571702,1.345580308648706e-09,1.4866230642575207e-05,13.344157213993526,113.42533631894499,1.359265649984027e-07,-46.91018523936886,0.0,0
14.69095447249337,5.439923278991323e-09,1.2509745499528974e-05,9.784452838159257,83.1678491243537,5.590065656151819e-06,-20.113057093407193,0.0,2
-0.997704398119482,3.164484395278157e-10,1.3100467758987714e-05,17.719574451651383,150.61638283903676,1.7268513179116084e-07,-35.426526208125004,0.0225,1
17.299308372582804,7.659359529717443e-09,1.1686681979861636e-05,9.237609118012612,78.5196775031072,7.752599013489537e-07,-39.716790318935374,0.0,0
25.022870195610277,8.336605707184642e-10,1.2027386603625318e-06,14.167146891151427,120.42074857478713,1.340079625108608e-06,-25.458918840260843,0.0,2
0.9543595625412435,7.941567017645491e-10,1.8678650962960493e-05,14.919396595566992,126.81487106231944,4.774851278629118e-08,-51.52012378383118,0.0,0
20.822680830753548,2.5734793825307915e-10,1.0451193566497783e-06,16.68737975341034,141.84272790398788,1.2875192656253132e-07,-40.933407744278426,0.0,0
21.461435747546133,1.2248658868199182e-08,9.224975796560152e-06,8.215641216467878,69.83295033997697,5.773709088698817e-07,-44.49558519761953,0.0,0
30.094277621837556,4.1045359228316646e-08,6.246047840729002e-06,5.392829852181471,45.83905374354251,1.5013394133490548e-07,-61.088084329667794,0.0,0
11.262163198753615,1.2483470668772725e-09,9.01157936697914e-06,13.245313524854115,112.58516496125998,8.924294193491884e-07,-30.2017029636363,0.0,1
18.625022700698384,2.9217951252245656e-08,1.957080312069384e-05,6.303591039060338,53.58052383201288,3.448623850346637e-06,-32.48161120818776,0.0,1
10.3644272928824,7.002142190390877e-10,7.5655357715697526e-06,14.571795736829078,123.86026376304716,1.5706611698937406e-07,-42.99697896518781,0.0,0
27.77375887375581,3.456047179229371e-08,7.053894223904442e-06,5.991828896805095,50.93054562284331,1.5091278555070642e-05,-19.891511141888653,0.0,2
20.525980865205902,9.25818859010619e-09,8.390750222764223e-06,9.04839261670449,76.91133724198818,8.247973272183608e-06,-19.49242396297733,0.0,2
24.892506378464653,1.7418049326109266e-08,6.976275930662186e-06,8.10424470000122,68.88607995001036,1.0149257514676553e-05,-21.239576145439916,0.0,2
-2.759614707235799,2.60070238431003e-10,1.2953038984803407e-05,18.55697591680544,157.73429529284624,8.121501285207213e-08,-39.856794696237266,0.0725,0
21.121413703779336,1.188304801505372e-08,9.098795639255802e-06,8.137171059001354,69.16595400151151,5.565204495638996e-06,-24.1369530702545,0.0,2
31.456787009982996,4.648474128418312e-08,5.662734923947891e-06,5.080867151679577,43.18737078927641,5.1273498754352e-07,-51.14600169111415,0.0,0
24.587921086289626,1.2263789645344196e-08,6.336666459728544e-06,7.994503209076713,67.95327727715207,2.645276292856463e-06,-30.875697909238685,0.0,1
25.355510791556426,2.0885104031577982e-08,7.2768036034344025e-06,7.022701355645374,59.692961522985684,1.0368993255338642e-05,-21.19594438655283,0.0,2
3.7644247838940634,4.74432499094403e-10,1.1252535011705433e-05,16.329141797344544,138.79770527742863,1.2886268583108427e-06,-21.688821618684635,0.0,2
9.432314251495232,1.6720848099390207e-09,1.2930171115675857e-05,12.468639893593792,105.98343909554724,9.03241973834702e-07,-31.185366304788978,0.0,1
-0.8231786689270173,4.766947391706548e-10,1.658704200511116e-05,16.612227851903242,141.20393674117756,4.638093944944082e-07,-28.943008036281825,0.07,1
-2.4047536964134935,3.317980515843827e-10,1.4569620694877215e-05,17.82375140135687,151.50188691153338,8.611874557699529e-07,-20.86603970187693,0.0375,2
10.366203885868083,2.9156094209366525e-09,1.4566552367806567e-05,11.390383844021253,96.81826267418064,4.8407956477622215e-06,-18.564199167133616,0.0,2
25.3611412918219,8.139539897919374e-09,4.58644122700082e-06,9.098670433187213,77.3386986820913,4.47692275161871e-06,-24.52810942518102,0.0,2
20.865183415914657,1.610644871786889e-08,1.0650243299364538e-05,8.201401958828521,69.71191665004243,1.1353903769078186e-05,-19.45079210912199,0.0,2
9.502230337633032,1.944596013417127e-09,1.396926802170691e-05,12.407428352789951,105.4631409987146,4.6097991317556557e-07,-38.1362477899291,0.0,0
18.184445159266872,1.3358271455268453e-09,4.2630177196770225e-06,13.032141688779621,110.77320435462678,8.676561775289146e-07,-31.232624641382777,0.0,1
11.770793163812128,9.056759682871415e-11,2.1599142969789003e-06,18.96989512277341,161.244108543574,1.0775783756091785e-07,-37.47665933785059,0.0,1
-6.154306983758795,2.9102608462072845e-10,1.556940003558587e-05,19.100818189645917,162.35695461199032,6.125218047194167e-08,-40.11869722292444,0.12000000000000001,0
-0.4755354512375324,1.2891069286329202e-10,8.007122185039862e-06,19.664245681726108,167.14608829467193,1.3955294080511363e-07,-33.53900562190851,0.045,1
39.279015353448116,1.859431319088932e-08,1.0512074201032474e-06,7.195174013151806,61.15897911179035,3.816479458800862e-06,-29.56340045359001,0.0,1
27.349664091054194,9.963927614201292e-09,4.051692862819171e-06,8.658249941390745,73.59512450182133,3.266261369280569e-06,-28.331293423391855,0.0,1
1.0801291138282036,1.24780231500021e-10,7.33045637171083e-06,19.43055519897248,165.15971919126608,1.707716110152384e-07,-32.608142148563445,0.0075,1
7.765793054679855,7.900688643848573e-11,3.212483670727817e-06,19.509830290198074,165.83355746668363,6.600695073172275e-08,-40.849883131410145,0.0,0
3.4003406274517105,1.1907575092104456e-09,1.8289420496612218e-05,14.251364998594875,121.13660248805644,2.5186683981275484e-06,-19.50684834784784,0.005,2
3.857088242482198,1.2931604095260202e-09,1.876706433356012e-05,13.952715129961314,118.59807860467117,2.24987523872559e-06,-21.236332349599948,0.0,2
11.893225681017046,3.6485571514117715e-10,4.626733358916229e-06,15.752481786055956,133.89609518147563,8.898755208754786e-08,-45.17354031706268,0.0,0
11.951376136931646,1.8686458037893686e-09,1.0281538535807357e-05,12.378135648314041,105.21415301066935,1.4385992469241253e-06,-27.96313011469671,0.0,1
36.597034780940085,3.5277907548692035e-08,2.559098315943725e-06,5.71824621711552,48.60509284548192,3.1060885185285205e-06,-34.14397040598352,0.0,1
21.999518045223788,1.6335370599809715e-08,9.807041854282262e-06,7.724368430381947,65.65713165824654,4.599652926353855e-06,-27.400644024449477,0.0,1
16.23101675032938,3.1147042261529646e-09,8.33561478679927e-06,10.957875088081156,93.14193824868983,1.1462522854314082e-06,-32.24983919549917,0.0,1
29.364161660352796,5.021582292258765e-09,2.079928692466287e-06,10.223722096786236,86.90163782268301,4.207025868938734e-06,-22.89214993612605,0.0,2
19.38042970615313,4.497086177372826e-09,7.082338169066617e-06,10.345169816804855,87.93394344284127,4.51639266389842e-07,-42.132997849448344,0.0,0
-0.21469835098829176,7.644695376442607e-10,1.9924924002294333e-05,15.468408938465746,131.48147597695885,2.5355664083665377e-07,-36.39475939952461,0.0275,1
14.455242556632177,4.3625311565534106e-09,1.1658486436338349e-05,10.83097955162481,92.06332618881089,4.649592700587076e-06,-21.709275574796678,0.0,2
16.422668905977766,1.6226499534739764e-08,1.7855415442161776e-05,7.481428939996592,63.59214598997103,1.142635179966195e-05,-18.82674070424104,0.0,2
17.185260165085015,9.021834707910412e-09,1.2539803190154541e-05,9.07266589882521,77.11766014001428,4.248222186476429e-06,-25.27431661210052,0.0,2
14.87944415518264,8.652528391277189e-09,1.6419781743637356e-05,8.84954527478401,75.22113483566407,8.463592671487613e-07,-39.53138313216674,0.0,0
9.384878615214378,2.2089183277879384e-09,1.4650574258914083e-05,12.176771743052706,103.50255981594802,1.268212285677066e-06,-29.381807787844863,0.0,1
12.206227475135275,1.2387331043814115e-10,2.3206000285271717e-06,17.769936994470154,151.0444644529963,1.0282474291434363e-06,-18.476646493134197,0.0,2
6.961030228196112,9.76716690149478e-10,1.2579570349366771e-05,14.046998692888094,119.3994888895488,1.984088052259424e-07,-41.84139709097433,0.0,0
11.29049722449258,5.391425206612468e-09,1.906223079463622e-05,9.998026812683804,84.98322790781233,1.3102749156594778e-06,-33.29780121298156,0.0,1
23.800145258153282,1.0049705057053293e-08,6.314360011540029e-06,8.493823888638952,72.19750305343109,1.2629093971690181e-06,-36.62976418399337,0.0,1
-5.010543977540535,4.498659678286014e-10,1.8186043526919714e-05,18.71847394848061,159.1070285620852,3.0578018975721344e-07,-29.65077770213421,0.13999999999999999,1
23.132515066176545,2.5769897651240003e-08,1.052395285398642e-05,6.359777450692565,54.05810833088681,1.1384150397046635e-05,-20.958205196687203,0.0,2
30.928263238257365,4.945548905881903e-08,6.229470627990723e-06,4.70345136522831,39.97933660444063,2.978103809140304e-07,-55.91926587996177,0.0,0
2.351211950507453,8.504558994844879e-10,1.7437618618165736e-05,15.181766927281348,129.04501888189145,1.513189161089418e-07,-42.846443036379895,0.02,0
21.285456451283004,2.887533782251851e-08,1.4444972408082212e-05,6.329739296681959,53.802784021796654,1.7891602143803598e-06,-38.54509683836472,0.0,0
25.745503946650082,2.661078036688436e-08,8.303110081388215e-06,6.605382509142934,56.14575132771494,1.4479312175708418e-06,-40.16378901653138,0.0,0
17.17755678647895,5.357457575456558e-09,9.694341711924633e-06,10.14443415624916,86.22769032811786,2.076603621111412e-06,-29.517772831597334,0.0,1
31.30021636145152,4.287117534071123e-09,1.3411330955761347e-06,10.381220770123855,88.24037654605277,5.7564935029253015e-06,-19.19645167330598,0.0,2
15.960830492557287,3.1544021698104327e-09,8.65892089020913e-06,11.154027472557729,94.8092335167407,1.3511135296916982e-06,-30.94919030919735,0.0,1
14.961573372268095,2.043572605011493e-10,2.301122222369099e-06,16.790240817727014,142.71704695067962,1.0158844284798398e-07,-41.40183477155415,0.0,0
9.159182812161074,1.4031769941959523e-10,3.5444996799782916e-06,18.16475944728701,154.4004553019396,9.352958222343477e-07,-19.79492969995197,0.0,2
8.35390657728196,2.409533804479512e-10,5.3958962154252095e-06,17.1308956384297,145.61261292665242,2.888988460854654e-07,-33.167453281332776,0.0,1
33.15064410889494,5.907882889563738e-09,1.2660344239890478e-06,9.753644132481785,82.90597512609517,4.889169989469198e-06,-22.165506292661817,0.0,2
21.699116243071423,6.063832676796918e-09,5.853474129483803e-06,10.230975745798553,86.9632938392877,6.8839402352403285e-06,-19.420985555657044,0.0,2
7.5363296590576825,7.273653015051822e-11,3.149615526600146e-06,19.401195764724836,164.9101640001611,1.1330067290326035e-08,-55.504022557926966,0.0,0
19.090220160059776,1.3750164991914376e-08,1.2408969651738774e-05,8.041327099932163,68.35128034942339,5.453417863458312e-06,-25.16900092827486,0.0,2
13.046185943274885,4.752892282729897e-09,1.404227821911286e-05,10.442527195015082,88.76148115762818,5.543833233713934e-06,-19.819422462111408,0.0,2
3.800465546713273,1.342734786512704e-09,1.9768105512040475e-05,13.585547427222464,115.47715313139093,1.406564466357909e-07,-45.420380076766804,0.0,0
35.81643669252136,3.0764437329480954e-08,2.5756995189403954e-06,6.257972737404337,53.19276826793687,6.559910375738088e-06,-27.115186974175444,0.0,1
10.485343146719243,9.30446377532778e-11,2.5889734680544134e-06,18.986058735217853,161.38149924935175,3.684218751066729e-08,-46.96823673075617,0.0,0
-3.2878278784727333,3.2846406847250037e-10,1.4369343276740782e-05,18.510033800488245,157.33528730415009,5.800861425036061e-07,-23.39397146487121,0.075,2
26.93952111358196,1.1268620625664607e-09,1.0015841350006366e-06,13.33543871928718,113.35122911394103,2.930569266096778e-06,-19.285492232797115,0.0,2
1.6016513798146361,6.767128495851924e-10,1.589242036615353e-05,15.539182595288224,132.08305205994992,2.0431804250766703e-06,-18.081399701786275,0.015,2
10.74354778496365,1.7023967635721332e-09,1.1297069419314014e-05,12.532600207984945,106.52710176787203,1.4246370216950081e-06,-27.38396666991147,0.0,1
8.501271197492157,3.2105436148487703e-09,1.9279438158936616e-05,11.298792643187074,96.03973746709012,3.246154240760295e-06,-22.798173759084975,0.0,2
20.109913480164625,2.7842388537399292e-08,1.587502295477095e-05,6.509317013677829,55.329194616261546,5.701869385672962e-06,-27.56749873423871,0.0,1
2.330284093168431,3.086791023451274e-10,1.0295907434397874e-05,17.048312480328647,144.9106560827935,1.0710815255924571e-07,-40.81721004486362,0.0075,0
19.235147877117754,3.883660803536193e-09,6.467001312810016e-06,10.925899399053357,92.87014489195353,2.529874223410459e-06,-26.508408676680517,0.0,1
28.847528331479978,1.513349843926536e-08,4.297425058469869e-06,7.624494545886799,64.80820364003779,1.146933010961359e-06,-39.539637736918124,0.0,0
19.408075530865936,1.136346472171564e-08,1.1089209615453726e-05,8.189858535894002,69.61379755509903,2.754740090042827e-06,-30.220699137619516,0.0,1
13.274945787196973,6.459274281229261e-10,5.102062746436144e-06,14.563702277220708,123.79146935637603,1.2947933435341216e-06,-24.23878975375182,0.0,2
1.916695911766305,3.855452152386837e-10,1.1779212971252276e-05,17.13203513212392,145.62229862305333,8.252215242804155e-07,-24.035287696209497,0.01,2
31.70790673375084,1.9468399427612938e-08,3.4603743552598767e-06,6.941134540993182,58.99964359844204,1.410989493133392e-06,-38.50314910733811,0.0,0
-5.358680124061889,2.427429358175895e-10,1.3681707964415143e-05,19.757347757028587,167.93745593474299,3.64077029017388e-08,-44.920772456239526,0.13999999999999999,0
4.806351614587133,5.651643460028424e-10,1.1910968020480905e-05,15.27308175088873,129.8211948825542,1.0848441463817178e-08,-64.39790928536536,0.0,0
-2.8810718534430935,3.1823607478158406e-10,1.4582610358533169e-05,18.19820196600501,154.68471671104257,1.6493116569161892e-07,-34.71342210135271,0.042499999999999996,1
-1.9284290778710327,5.873170847319489e-10,1.8514831225850465e-05,16.904070997159504,143.6846034758558,1.1371845983879431e-06,-21.354996154147013,0.1075,2
17.849180535490145,5.750880531425698e-10,2.819367029015161e-06,14.582640903757728,123.95244768194068,7.751398293854277e-07,-28.205528377821935,0.0,1
37.38353791729213,2.2016271762193625e-08,1.5941958602487697e-06,7.057169088218714,59.98593724985907,1.1484188995902274e-05,-20.27924289958413,0.0,2
-0.8047375405475059,7.094863510707243e-10,1.929044455600738e-05,16.08096972555204,136.68824266719236,4.850306825493639e-07,-30.188160252675544,0.05500000000000001,1
29.79963050642924,5.600979222604671e-09,2.0236807808584924e-06,9.57464276662823,81.38446351633996,6.752412021059673e-06,-18.856472205237907,0.0,2
-0.3181013586737802,1.7697206862875274e-10,9.529390786439986e-06,18.75082375141839,159.38200188705633,2.7944227183090443e-07,-29.00885064237597,0.017499999999999998,1
10.460746626288993,6.434001045066245e-11,2.065816874741534e-06,19.328905283620276,164.29569491077234,1.9652224342597227e-08,-50.52684284938511,0.0,0
2.8064067586968235,2.055836712116758e-10,8.14632255607446e-06,17.76849250126425,151.03218626074613,6.189533606708898e-08,-43.92740706417135,0.0125,0
-6.874017884538045,4.134083631135673e-10,1.8295396214056112e-05,19.54805315660051,166.15845183110434,7.678719936221521e-07,-19.86341714667096,0.24,2
16.330847835741306,2.960730528743827e-09,7.64143515451027e-06,11.082199922544511,94.19869934162836,4.733101214632348e-06,-19.17057628686591,0.0,2
29.275874248355592,7.43448608736844e-08,9.008537086699595e-06,4.529866303067109,38.50386357607044,1.3088797188221015e-05,-24.903259860420476,0.0,2
4.800049666508029,7.605660770816878e-11,4.3147123046453876e-06,19.6746916158157,167.23487873443344,1.3053432056592369e-08,-54.43198528254235,0.0,0
6.315383810216254,1.9780097606170204e-10,6.051967271952665e-06,17.41583047204527,148.0345590123848,5.0721007321847936e-08,-46.78823452808242,0.0,0
-3.790600450039756,4.924428844286636e-10,1.863412921958678e-05,17.723815378724648,150.65243071915953,3.9783432971821897e-07,-28.35618053363385,0.09749999999999999,1
14.06022386638391,2.870150547920655e-09,1.0296659277052627e-05,11.484507941346777,97.61831750144762,5.96798625650004e-07,-37.94265581561103,0.0,1
37.289155089521984,4.6044052139161334e-08,2.7124726981237538e-06,5.446851861929665,46.29824082640215,4.280976851219073e-06,-32.99148508675097,0.0,1
30.84916006750928,2.4848486496706554e-08,4.382916424006326e-06,6.3613822438708745,54.071749072902435,1.2585829512414232e-06,-40.51105094893053,0.0,0
23.884786636402985,3.345824437940623e-08,1.1085057830027278e-05,5.998833054298922,50.99008096154083,1.1772196456987405e-05,-22.149359462454136,0.0,2
13.747782713110144,8.617840400438482e-11,1.5713651071754329e-06,18.7854585678819,159.67639782699618,8.700142467729047e-08,-39.28553857889398,0.0,0
-3.104241461482586,4.562258808784088e-10,1.7560161880015128e-05,17.460294242091205,148.41250105777522,5.3190655422734486e-08,-46.35714044116674,0.15500000000000003,0
32.3638368528622,2.785995386752866e-08,3.876218447305601e-06,5.386651671014497,45.78653920362322,1.0146737453524192e-06,-42.2864330214434,0.0,0
32.14394734142893,4.1210563742672646e-08,4.8844830515791715e-06,5.76782011945827,49.026471015395295,1.6918023050359994e-06,-40.62147874359887,0.0,0
-3.9338222582599087,4.971164476398581e-10,1.8452690219606685e-05,17.794796315661966,151.25576868312672,1.136539600592566e-06,-19.05195564058774,0.0575,2
28.438530579766645,5.6390686132266965e-08,8.804670421050036e-06,4.9677406274786,42.2257953335681,5.458843839692199e-06,-31.67746417920069,0.0,1
12.635671128159318,7.456828062781541e-09,1.8778212331274686e-05,9.205535178546612,78.2470490176462,4.51760670950414e-06,-23.692867876482218,0.0,2
23.733762564746556,1.2496309238116311e-08,7.059305174020689e-06,8.223735632900592,69.90175287965504,2.4912899847799935e-06,-31.781427680537455,0.0,1
2.0599489452099022,2.360556520253453e-10,9.2590315351883e-06,17.395433635658105,147.86118590309385,4.5666442515780766e-07,-26.45216058979034,0.0,1
17.389068045813616,3.64280467049503e-10,2.3675954654890658e-06,15.827314115973497,134.53216998577474,1.9024024216078068e-08,-58.92304032556599,0.0,0
19.465645616970782,2.2499262540025396e-09,4.8808495342648226e-06,11.46027506107015,97.41233801909625,7.192055625229127e-07,-34.765639574235394,0.0,1
14.969382751514678,8.331944914800358e-09,1.5957179328071103e-05,8.972086191417203,76.26273262704622,6.290909820165895e-07,-41.60982196494753,0.0,0
13.906442668340958,3.471441477648998e-09,1.1524224405436441e-05,10.680434924647514,90.78369685950386,7.255182939595666e-07,-36.363862763531564,0.0,1
-3.551616353043422,5.052458624042253e-10,1.8788483293313535e-05,17.73256173479871,150.72677474578904,7.561136835745992e-07,-23.24529604713274,0.1625,2
11.878875017134355,8.747149333841415e-11,2.072656516379493e-06,19.020878265508465,161.67746525682196,1.4758534537842392e-07,-34.472512800497,0.0,1
26.517395006302657,5.603552292808162e-08,1.083746464232182e-05,5.035584240284947,42.80246604242205,8.206618654146812e-06,-28.003321937662133,0.0,1
8.36201705126476,1.3729389868191542e-09,1.230622225982816e-05,13.68282680404014,116.30402783434118,3.27237846027815e-06,-18.975320091906763,0.0,2
16.886856231321275,1.6171040755709292e-08,1.7795959238811573e-05,7.541362042613123,64.10157736221156,1.4074306523649125e-06,-37.46113080295467,0.0,0
22.582004404690757,1.554267144522584e-09,2.5455744722359376e-06,12.605567068460049,107.14732008191041,3.6894391284715943e-06,-18.54386781576931,0.0,2
10.013402852142015,4.1408295873883994e-10,5.94840148829335e-06,15.252696661515984,129.64792162288586,4.78338670094166e-07,-30.223699937646447,0.0,1
4.300012848105929,3.5176260305510534e-10,9.375095051559225e-06,16.727049588210665,142.17992149979065,1.4874601666021727e-06,-19.166121518809383,0.0025,2
28.448521114978075,2.7073895800660333e-09,1.6336389312017296e-06,11.40411376753647,96.93496702406,1.9408459841075783e-06,-27.07927648759268,0.0,1
16.960877782322726,1.453762398099143e-08,1.677664207233238e-05,7.886188592603052,67.03260303712594,1.1688612105355163e-06,-38.884564490675245,0.0,0
7.4934797791446375,1.1165447334376831e-10,3.980492448467712e-06,18.615842698367658,158.23466293612512,4.597108428142407e-08,-45.130120006525985,0.0,0
7.067409624996453,1.653888064366192e-09,1.607505232501269e-05,12.847364559774185,109.20259875808057,1.2552677176634975e-07,-48.058775712938996,0.0,0
20.475418188559335,4.8869589844077095e-09,6.386435807113465e-06,10.017596974230628,85.14957428096034,2.0508071043846807e-06,-29.2806819874382,0.0,1
8.268519559677888,1.5923585049958248e-10,4.3669129008100365e-06,17.933027835299942,152.4307366000495,3.9960748705584616e-07,-28.29408338114693,0.0,1
24.264638382173196,5.5816700446479834e-08,1.3466544028547471e-05,4.969384259752541,42.2397662078966,2.1089751143489247e-05,-18.97258320228476,0.0,2
29.781106735033728,8.42866602395964e-08,8.802233011775624e-06,4.48993092146474,38.16441283245029,2.262811947204027e-05,-20.7641049028566,0.0,2
9.602067708568168,4.091098350764394e-09,1.9371916574387198e-05,10.85931241227766,92.30415550436011,5.175318693393412e-06,-19.75781710622751,0.0,2
6.869891328668954,1.1568147311367846e-10,4.254246317333667e-06,18.42610790614275,156.62191720221338,4.3287671372768313e-07,-25.43456838730839,0.0,2
15.313019197250865,5.033673263060028e-09,1.1597876867888391e-05,10.462995969601378,88.93546574161172,2.6580117485853735e-06,-27.263671862086195,0.0,2
14.56372844264619,1.6649045032413456e-09,7.3788836304165334e-06,12.21597272269316,103.83576814289187,1.8070594169446042e-07,-45.22283423176583,0.0,0
-7.423891642512812,3.863471999898811e-10,1.784388177077187e-05,19.3575855528881,164.53947719954886,1.6919015423419782e-09,-71.56237402187884,0.23750000000000002,0
18.185379336290964,7.059130254807187e-09,1.0151626667016144e-05,8.884903912889742,75.5216832595628,6.020424058781793e-07,-41.12379790135412,0.0,0
31.749465645012723,1.0852445316489227e-08,2.3922918156563154e-06,8.608811547421224,73.17489815308039,4.942641652088923e-06,-25.08024666624297,0.0,2
16.63509454347695,3.950293421129841e-10,2.627667683758748e-06,15.894856396012157,135.10627936610334,8.322059868792083e-07,-26.16630764592142,0.0,2
9.129739170945856,1.2869544509814717e-09,1.1369476448026395e-05,13.174780942189944,111.98563800861453,1.333849766905349e-06,-26.359976553672638,0.0,1
27.84489399039645,6.70749873536317e-09,3.0216645853662765e-06,9.500388246204649,80.75330009273952,4.393981092734721e-06,-23.92381096118649,0.0,2
-1.1061277991739416,2.125240923145788e-10,1.0653043258684235e-05,19.07641671891278,162.14954211075863,7.587754285444375e-07,-21.340729912834973,0.03,2
-3.1652765539429737,3.354982867352567e-10,1.5063788442481486e-05,17.96109007483151,152.66926563606782,1.0783477571481124e-07,-38.24564719359532,0.0475,0
8.100780293632917,2.043452880031969e-09,1.5672969182813833e-05,12.527125892421664,106.48057008558413,3.383615536244759e-06,-20.232154807471666,0.0,2
17.85472714434112,2.532509493579821e-08,1.9245758547388838e-05,6.718281500868471,57.105392757382006,1.0470634784571993e-05,-21.831221004641353,0.0,2
10.432390897389602,3.902979731327112e-09,1.7970306357282352e-05,10.852915236692423,92.2497795118856,1.231341942068159e-07,-52.609655675712624,0.0,0
8.110062673644675,3.712147140173293e-10,6.56500410771815e-06,16.173791621354432,137.47722878151268,1.7105719987338194e-06,-18.584958767337262,0.0,2
19.164111212199057,5.792638804547324e-09,8.238883318757731e-06,9.587993264180293,81.4979427455325,8.805014832157903e-07,-37.33961063632476,0.0,1
21.830473478377883,3.2136956461458876e-09,4.430011215906123e-06,11.007643562388425,93.56497028030162,7.86841319935944e-07,-35.81831713469362,0.0,1
16.84990378533787,2.7796520351869986e-10,2.1357872427862092e-06,16.255260560595815,138.1697147650644,8.991449409114923e-08,-43.904712241092476,0.0,0
17.549743411201597,1.23459119744857e-08,1.4099483406090204e-05,8.173180918272596,69.47203780531707,3.7125240946191607e-06,-28.070162119788314,0.0,1
13.143955916649224,1.5741534592104293e-09,8.150216471222087e-06,12.501147524230223,106.25975395595691,2.265633628496367e-06,-22.846657096336116,0.0,2
-6.663512673613511,2.7578336805324606e-10,1.4696711983744178e-05,19.60484731756597,166.64120219931073,6.506941281248978e-07,-18.66889988171589,0.135,2
2.0249478671083714,6.159674491849024e-10,1.4864097719370553e-05,15.918303249546227,135.30557762114293,1.6731743946351595e-06,-19.99760649304943,0.01,2
13.526536930608968,5.413140448486927e-09,1.4874758639077272e-05,9.997290202858927,84.97696672430088,1.306340440871464e-06,-33.5681637088445,0.0,1
2.47834936215741,2.5904741550501994e-10,9.323069952292774e-06,17.578246858338712,149.41509829587903,1.7123217996618218e-07,-36.10137336665499,0.0,1
15.477601379889272,6.110443698374463e-09,1.2942554788818783e-05,9.829887915224582,83.55404727940895,1.483286448008514e-07,-53.3827349415955,0.0,0
11.532972566594404,3.893689038004061e-09,1.565300051927683e-05,10.900072546260775,92.6506166432166,9.693606804584706e-07,-34.70242556141818,0.0,1
14.09484240723578,2.194473671365925e-10,2.652496005952576e-06,16.922300770006004,143.83955654505104,3.0308979935938756e-07,-32.11421954306931,0.0,1
34.47077719852783,3.140447421612407e-08,2.992077919490491e-06,6.2697938853524695,53.293248025495984,1.5374987301195472e-05,-19.406911895848662,0.0,2
6.64510279472505,6.623088596618631e-10,1.0667950685939532e-05,14.493887789842303,123.19804621365957,5.61924680793783e-08,-50.776948339907015,0.0,0
33.383885469184634,3.79938689569384e-08,3.92061537904699e-06,6.234354132627248,52.99201012733161,7.87326841813714e-06,-26.69996172021466,0.0,2
23.76656064008513,3.393248443623077e-08,1.1421919098384552e-05,6.263687778809542,53.241346119881115,8.914165808919281e-06,-24.76402151568901,0.0,2
9.734110811021266,1.8777504864647862e-10,4.013944869084492e-06,17.030391311925232,144.75832615136446,6.608649290633035e-07,-24.113213966890722,0.0,2
30.89911036203068,4.5749561316051366e-09,1.63353115628453e-06,10.349426513787904,87.97012536719717,5.297472770281979e-07,-40.953213563433366,0.0,0
20.777467095615712,3.4915167373823455e-08,1.687129485879205e-05,6.222923095230712,52.89484630946105,1.955176245897217e-06,-38.62557074334642,0.0,0
29.06549028736787,5.867770088842836e-08,8.465597606407767e-06,5.014848397112624,42.6262113754573,2.3543380250736515e-07,-59.60031399555721,0.0,0
23.696871581980602,3.6546821844829426e-08,1.2214237060808487e-05,5.534456579588738,47.04288092650428,4.483795891744701e-06,-30.758100467427685,0.0,1
3.590044392347215,5.906100605347871e-10,1.326189973416346e-05,15.232671467611107,129.4777074746944,9.124903614696619e-07,-25.324369274996954,0.0,2
20.775789535404616,2.8038625042564756e-08,1.4806552522258701e-05,6.435534302825049,54.70204157401292,6.482818626495288e-06,-26.753930703292824,0.0,1
1.9682623419559722,9.775534507317592e-10,1.877039353308321e-05,14.635469850456111,124.40149372887693,2.055619961089947e-06,-19.90765552454488,0.01,2
4.205039813687618,6.071527452664998e-10,1.2874086517036535e-05,14.851172995094288,126.23497045830146,3.079080149371247e-08,-55.25658569126545,0.0025,0
6.726230593805667,2.129006111385834e-09,1.9033714309423293e-05,12.37351450821047,105.17487331978899,2.761386262412437e-07,-42.25527359521982,0.0,0
3.743501686385282,1.1184599191343149e-09,1.8089490071875302e-05,14.364500069339147,122.09825058938276,3.855142688241355e-07,-36.18728020656548,0.005,1
3.9281657503865306,1.2407598197740924e-09,1.87848692147618e-05,13.697896534085439,116.43212053972623,7.652442443832854e-07,-30.635016221559592,0.0,1
11.23616719028448,1.0879453354498084e-09,8.416501192336528e-06,13.762129385393473,116.97809977584453,1.6657040659379198e-06,-24.50554915838397,0.0,2
22.848986379142907,2.5808805860039945e-09,3.3326896386146776e-06,11.698207222543225,99.43476139161741,3.218257682143178e-06,-22.307506579057335,0.0,2
9.335559576709855,4.45829411007362e-10,6.66955469021054e-06,15.664355968215142,133.14702572982873,2.1941460257283765e-08,-58.03541753736091,0.0,0
11.828916766267966,5.773344053241076e-09,1.880885391883915e-05,9.601851470849343,81.61573750221942,1.912238215359223e-06,-30.435106949410063,0.0,1
1.8093138683493293,5.615910935594327e-10,1.4773618673238186e-05,16.092361358980398,136.7850715513334,3.7817474668263186e-07,-32.7535077544531,0.0,1
-3.3849032598444646,6.098146062874866e-10,1.980817855305946e-05,17.256329797365385,146.67880327760577,4.5497812961169004e-07,-28.16335966267337,0.075,1
13.674686920510341,8.061145394341099e-11,1.5232708151010807e-06,19.29767474768788,164.03023535534695,3.2602511342946485e-08,-47.873884860877865,0.0,0
27.024141347260446,7.524326890546027e-08,1.2103023521887321e-05,4.050423071239777,34.428596105538105,2.5434808597287046e-06,-39.11565214410743,0.0,0
9.691276078070345,6.393364588795274e-11,2.30281200106909e-06,19.6944959045413,167.40321518860105,2.3918642394781128e-08,-48.80411809771121,0.0,0
25.650136731940837,7.128983622075035e-08,1.3373470686438543e-05,4.5623516247580245,38.77998881044321,1.2290352328858431e-05,-25.301075941041,0.0,2
22.8225436055668,4.246422175459981e-09,4.578312465478868e-06,10.047815350604843,85.40643048014115,7.336265252964057e-08,-57.33820442640423,0.0,0
13.748164635851172,7.853172470613249e-09,1.6791095540523232e-05,9.529407908985599,80.99996722637759,6.3634451209133405e-06,-20.913678970116333,0.0,2
39.66132206126568,6.470540145352412e-08,2.4383200040996112e-06,4.226913835762659,35.9287676039826,1.3443626806176568e-06,-44.403669383430966,0.0,0
17.95843458532158,1.727673215706937e-08,1.640940545860016e-05,7.716064906019064,65.58655170116205,6.642337917275847e-07,-44.99964442857583,0.0,0
18.847067569270912,9.651645571474489e-09,1.1030237005403905e-05,8.627692945893395,73.33539004009386,8.33263411091314e-07,-40.101815894611825,0.0,0
8.166811119156934,3.6880149291066445e-10,6.4983915092957914e-06,16.62847011415803,141.34199597034325,1.3586598805015536e-06,-21.086575390594817,0.0,2
20.632802416251504,9.98471721715061e-10,2.542702876388953e-06,13.632140596322479,115.87319506874105,2.7570349055413653e-06,-19.281351198316774,0.0,2
23.754219330586963,1.3468855582225252e-08,7.311835494686776e-06,7.802874284238317,66.32443141602569,2.928121948660759e-06,-30.63693171015189,0.0,1
6.975302992517742,1.6011954593126324e-09,1.6242423971408485e-05,12.803830824949216,108.83256201206835,3.8536478382039275e-07,-38.100302857908616,0.0,0
-6.385903943098197,4.3348339719510745e-10,1.8825075998059195e-05,18.845671940938217,160.18821149797486,2.3298503691688417e-07,-30.279673656560334,0.16,1
-4.742275955863256,4.9636688789927e-10,1.881231591401298e-05,17.981077507763604,152.83915881599066,2.1117292080138654e-07,-32.895043888469225,0.18,1
19.91805372265633,1.099956043910156e-08,1.0492588101043772e-05,7.928758653002497,67.39444855052123,2.8516514687554866e-07,-49.595520157547945,0.0,0
4.285567156266802,2.5416703724120465e-10,7.807833155243547e-06,17.39143024454437,147.82715707862715,1.0120374098526745e-06,-20.908439055780043,0.005,2
10.094617676930826,2.308923538276843e-09,1.3862613746999688e-05,11.836758765171565,100.6124495039583,1.8152266516166165e-06,-26.549295140717824,0.0,1
-2.847474690785475,5.884089259279717e-10,1.988548194236481e-05,16.883872080462858,143.5129126839343,5.067913048415304e-08,-47.823799361139535,0.037500000000000006,0
4.500099028248207,6.975782641173672e-11,4.0877431885043414e-06,19.959881684658008,169.65899431959306,3.268173639382583e-07,-25.548813739515353,0.0,2
10.448857008030055,2.4326900223336604e-09,1.3642062887450987e-05,12.036513666630668,102.31036616636067,3.07705129301209e-06,-22.37680206596889,0.0,2
12.015844149183065,6.140530340687798e-09,1.8653162881821514e-05,9.638810410160136,81.92988848636116,2.9222241446311544e-06,-26.868126790631006,0.0,1
11.449906247663126,9.989881196988217e-10,7.840019769541013e-06,13.360750804546246,113.5663818386431,1.6554735863220042e-06,-23.437122875791694,0.0,2
27.3052122076664,7.905447245554003e-08,1.1476495008425556e-05,4.434690117510911,37.694865998842744,1.8817300200571415e-05,-22.139335641952282,0.0,2
0.441589013901169,1.6628530603875116e-10,8.647014289434057e-06,18.787900708455858,159.69715602187478,3.037587798381087e-07,-28.57201109548079,0.0325,1
6.053112498532773,1.1266975058872174e-09,1.4709472094590899e-05,13.90883936424006,118.22513459604052,6.265143756362192e-07,-32.381134209709344,0.0,1
17.643052812216627,8.710998565247427e-09,1.1300721111382108e-05,9.125324627662659,77.56525933513261,8.161339386521198e-06,-19.086443465772696,0.0,2
24.647825197748453,4.9922419183142625e-08,1.294627170100808e-05,5.282663041122328,44.90263584953979,1.75286483187294e-06,-41.0727455703874,0.0,0
18.7611407983962,2.38911068915451e-08,1.7403323823539038e-05,6.74380076203679,57.322306477312715,3.746885762448351e-06,-31.068058320396503,0.0,1
40.96017561328381,3.506185826915171e-08,1.240692214233981e-06,6.034178327300878,51.29051578205746,1.1613186485272944e-05,-22.32952673813091,0.0,2
14.685706710438444,5.621577662446938e-10,4.0670953091852014e-06,14.974693069645042,127.28489109198286,8.551251256618281e-07,-27.20212365737977,0.0,1
25.73465553781206,5.116573250751629e-09,3.4764319465937573e-06,9.71604977729207,82.58642310698261,2.14443503688572e-06,-28.712655328157798,0.0,1
22.975569401030672,4.722601179472821e-09,4.594048422832468e-06,10.150224397960557,86.27690738266473,2.9574414276939854e-06,-25.53209498892378,0.0,2
2.9798976967969306,9.161028945759753e-10,1.7522867474807725e-05,14.884078818578676,126.51466995791873,3.856164504844175e-08,-55.21772888015529,0.0425,0
15.665333164492633,2.6984350341436426e-09,8.018929889103435e-06,11.58750990763155,98.49383421486817,3.220633908984822e-06,-22.495783216463543,0.0,2
8.324978563304168,2.1754473812488635e-09,1.6776144637366323e-05,12.284700617836144,104.41995525160723,3.22209769428357e-07,-41.870364437890835,0.0,0
26.250047046570096,6.514349481658689e-08,1.2316790001447687e-05,4.577113485582672,38.905464627452716,1.738152313625131e-06,-42.06561696661045,0.0,0
22.66436536788394,3.3713308819235593e-08,1.3396667356085471e-05,6.007163194910728,51.06088715674119,1.4056642810255978e-06,-41.17821052558953,0.0,0
13.294495473862906,7.3701395428075684e-09,1.7567683498810433e-05,9.259071950006177,78.70211157505251,4.444360408683231e-06,-23.98975827921661,0.0,2
2.244274345893042,5.349221639038668e-10,1.4167335730752904e-05,16.0951291950075,136.80859815756375,9.393396444760763e-08,-44.62869201314406,0.0125,0
29.462507808491907,5.567171760883134e-08,7.535113173732193e-06,5.277076151273626,44.85514728582582,1.4277036707296363e-05,-22.992728880251455,0.0,2
17.52890332799674,1.6254116354419452e-08,1.6631617833888803e-05,7.082286521530138,60.19943543300617,1.189020087382698e-06,-38.65622539180558,0.0,0
29.28062112703855,2.5578959511616235e-08,5.352379206335916e-06,6.661683923333971,56.62431334833875,2.0226942010126904e-06,-36.83110555628096,0.0,1
-0.06279285217883109,7.836730981545806e-10,1.9891230482816212e-05,15.577149520094304,132.4057709208016,4.1717468994108027e-07,-32.41644236579206,0.02,1
3.7758771776836,6.274220773219917e-10,1.3301893441089456e-05,15.440705693681958,131.24599839629664,1.7794579850645284e-07,-40.12011003588568,0.0025,0
2.719853151233143,5.046548317493277e-10,1.3128679670606113e-05,15.983151882300104,135.85679099955087,3.3807960988664805e-08,-53.39335462706778,0.0075,0
8.222007196943625,1.1974584029457542e-09,1.2242795743690744e-05,13.309540147043846,113.13109124987268,1.1030777695591902e-06,-27.70972957587867,0.0,1
23.077571871335746,6.414306211135692e-09,5.370612720092928e-06,9.708346019700175,82.5209411674515,2.8803368244909487e-06,-27.632057343405926,0.0,1
26.631662295358872,1.3377135086113687e-08,5.2688030241178e-06,7.796409089159461,66.26947725785543,6.722014765368102e-07,-43.04424642151646,0.0,0
13.254870718624707,6.7528369467989974e-09,1.6149079026536753e-05,9.293076493198784,78.99115019218966,8.285297281329805e-06,-17.148495443607132,0.0,2
16.897479434052244,1.136315589886812e-08,1.4920973961733107e-05,8.25453730905299,70.16356712695041,5.555681107506314e-07,-44.41520130125596,0.0,0
-1.4685694135781004,6.453285269637417e-10,1.9386795720489574e-05,16.43347122536984,139.68450541564363,7.160367420997206e-07,-26.159483633132787,0.035,1
7.276084516664765,1.4655382468937692e-09,1.4810790138690068e-05,13.006788095285323,110.55769880992523,2.4044421009326308e-06,-21.618653184429505,0.0,2
17.207662644863827,5.079625928278399e-09,9.602569517439975e-06,10.2898116173564,87.46339874752938,5.690759454115508e-07,-40.70563731322637,0.0,0
10.567304236173115,2.423314157398392e-10,4.082715818432049e-06,16.746403633556834,142.3444308852331,1.0974177713101774e-06,-20.871724799896903,0.0,2
22.556507618413875,7.04543144465679e-08,1.9628438145184873e-05,4.60439986951172,39.137398890849624,8.255193310989732e-07,-49.30265103220532,0.0,0
19.52498885175625,2.0272115082980967e-08,1.418185922323299e-05,7.160384402034921,60.86326741729684,9.6150451663885e-06,-21.494992423221152,0.0,2
20.19056017861537,2.563511581749122e-09,4.675383740859897e-06,11.604263548720338,98.63624016412287,2.2670511039856775e-06,-25.621713547074933,0.0,2
27.037504545694034,4.53915556089275e-09,2.8217034229620028e-06,10.421034003569716,88.57878903034259,1.497192599054874e-07,-52.024635959177246,0.0,0
23.677612366946388,1.964681279636242e-08,9.079080346787424e-06,6.670836860326955,56.70211331277912,7.431984855856817e-07,-44.07383078546556,0.0,0
26.665822382988353,1.232710187563531e-08,5.05252509226784e-06,8.169944809317009,69.44453087919457,3.6104956302916946e-08,-68.72307453578367,0.0,0
28.492634756549467,2.7354934535698743e-08,6.06257118558821e-06,6.08608689522795,51.731738609437585,2.3042303549271713e-06,-35.556340601437306,0.0,1
6.382798799604933,8.210724487893072e-10,1.2424941940993181e-05,14.16542560150691,120.40611761280876,2.061622641695087e-07,-40.6828901827858,0.0,0
11.455310606356804,1.2760772714937319e-09,8.683648603702e-06,13.597654528921538,115.58006349583307,2.7913290097820905e-06,-20.609889137259717,0.0,2
30.696385693164242,1.892740129262853e-08,3.7836746171951424e-06,7.4278663632078334,63.13686408726659,4.583936390502595e-06,-28.340839564276514,0.0,1
4.082360623913498,1.0688924663447789e-09,1.717748377504887e-05,14.18189410044979,120.54609985382322,2.0371336872397227e-07,-41.35284849198149,0.0,0
2.151314315835124,9.804971697919805e-10,1.9125210247862205e-05,14.218598557069908,120.85808773509422,1.3328736104580562e-07,-43.97257619092164,0.0,0
-1.2417866553854051,4.535293528520758e-10,1.5599077867942133e-05,16.744917701863354,142.33180046583854,9.802887394805591e-07,-21.09376580641488,0.030000000000000002,2
15.14451159625414,1.555652845748725e-09,6.710108002215948e-06,12.774718094350014,108.58510380197511,3.218426066802625e-07,-40.52398374141033,0.0,0
0.284574419821018,2.4556218933391815e-10,1.0766273574469915e-05,17.87889461863972,151.97060425843762,1.8486757152367872e-07,-34.38908964550292,0.0525,1
14.62373914635014,4.903358534095169e-10,3.7715874129795158e-06,15.3553789496984,130.5207210724364,9.265526789893913e-07,-25.986617690026353,0.0,2
11.448009354244128,8.706783084805839e-10,7.551585602369063e-06,13.952715519173163,118.59808191297189,6.693717830770081e-09,-71.1528306218171,0.0,0
8.404576767371065,2.6932408844872024e-09,1.852830055993656e-05,11.607889632564564,98.66706187679881,4.1219456351150046e-07,-40.047140520010814,0.0,0
-3.365160933922927,3.212516554536761e-10,1.4265035319338906e-05,18.58018740290154,157.93159292466308,4.2851660078574644e-07,-26.050219341488337,0.09,2
16.198770951439684,3.281364855452791e-09,8.45400737427069e-06,11.221195353904685,95.38016050818982,2.2292448721641316e-06,-26.7757669170525,0.0,1
2.345980627926071,2.358286995872775e-10,9.125283657071473e-06,18.01576402296629,153.1339941952135,9.483148765264602e-07,-21.102067597935374,0.0075,2
3.164379488464264,9.284836963920188e-11,5.2719570694985e-06,19.237582049819796,163.51944742346825,5.37282602536234e-07,-21.581426985136822,0.0,2
28.144032420748893,4.483871577310551e-08,8.136104621548375e-06,5.105049429122435,43.3929201475407,3.4914068343231187e-06,-34.22055698875633,0.0,1
3.0687961391557566,1.4772613157892997e-10,6.881302610391028e-06,18.66489444188444,158.65160275601775,2.43479372141489e-07,-31.04243787610409,0.0,1
5.711356086407199,4.4129092342919794e-10,9.7431587718536e-06,15.640775323787132,132.94659025219062,1.2069218909999648e-07,-42.602353859944344,0.0,0
17.393999053376362,1.4267967621529219e-08,1.4789644283616418e-05,7.999724522118024,67.9976584380032,1.1970335597879736e-05,-17.98338895128375,0.0,2
21.69343896851713,3.701446111411267e-10,1.1926300340049707e-06,15.68306174827469,133.30602486033487,4.2977768782713837e-07,-31.56373132164861,0.0,1
20.31074208849988,2.818992712554509e-09,4.863932085344526e-06,11.506233563934268,97.80298529344128,1.8917333690554612e-06,-27.664055195987103,0.0,1
-7.666396156542507,3.745656597744387e-10,1.841143508628216e-05,19.489714372713543,165.6625721680651,4.386228067097312e-08,-43.39448204391617,0.23500000000000001,0
33.38310526679678,4.6212491424456495e-09,1.0532136054704642e-06,10.2256487969552,86.9180147741192,2.2170998400031545e-07,-48.533248572180355,0.0,0
9.628552418080199,6.983256584492043e-10,8.239746647958278e-06,14.921484091566661,126.83261477831661,2.3008226889759412e-07,-40.162799254180534,0.0,0
26.46741853573802,2.082524293722694e-08,6.399559065006459e-06,6.716324708748672,57.08876002436372,1.14042089657987e-05,-19.82102525974542,0.0,2
-2.7308578105091814,4.2363018235661305e-10,1.663309235530327e-05,18.00212423363357,153.01805598588533,2.017691928287764e-07,-34.92103749179122,0.08,1
30.17538879515978,3.976373269414797e-08,6.06107298237525e-06,5.479471832514917,46.575510576376786,1.3063080716214099e-06,-42.39028699165013,0.0,0
40.54971644271519,4.494012863662955e-08,1.6919648963369372e-06,5.151150754817717,43.7847814159506,3.7449988988042135e-06,-33.71611875213629,0.0,1
19.702030257394018,7.852496885801722e-10,2.5469208172311313e-06,14.137991364084465,120.17292659471796,1.9047387798632351e-06,-21.50424722923665,0.0,2
6.920402251292186,6.263244493320665e-10,9.999972711072422e-06,15.098220457720593,128.33487389062503,8.010863266737732e-07,-27.56172091803162,0.0,1
13.102011556231137,1.265778179112577e-09,7.262606812873921e-06,13.292135414225596,112.98315102091756,2.328505623447934e-06,-21.932930236065214,0.0,2
3.446989832118077,8.748960588959026e-10,1.6440136603529393e-05,14.963691534684607,127.19137804481915,7.005190102201289e-08,-50.03810948002393,0.0,0
27.878675265160652,6.58929220686111e-08,1.0278851079583895e-05,4.371741156350481,37.15979982897909,1.2062103200620447e-06,-45.211528563572195,0.0,0
15.389215410835499,1.1197190597237806e-08,1.758296896904167e-05,8.385308649812997,71.27512352341046,4.1028513693694956e-07,-46.78130246778966,0.0,0
19.784812353678053,7.438788410996166e-09,8.204830438861956e-06,9.636692057656209,81.91188249007777,6.891949609948273e-06,-20.32667388297684,0.0,2
3.1780584301335626,9.142360866995227e-10,1.666722390204018e-05,14.679385367944574,124.77477562752888,2.074827155276051e-06,-20.035204300110003,0.0075,2
13.597117387925753,6.6631407823124334e-09,1.6519116023392834e-05,9.230893624278114,78.46259580636396,7.281461016192802e-07,-39.22214988207039,0.0,0
-0.4863530515487518,7.162734853082368e-10,1.947100580038919e-05,15.510914818659893,131.84277595860908,5.104790237487899e-07,-29.784858428000142,0.0175,1
7.206161971770239,1.2995078271447115e-10,4.47793096987433e-06,18.597606020709524,158.07965117603095,1.0687842871427291e-07,-39.12575878439877,0.0,0
16.907622612199035,2.7347249745752955e-09,7.26133635608243e-06,11.255714798282241,95.67357578539905,6.397960084221831e-07,-36.686479025769,0.0,1
13.786569261226349,4.534369690021662e-09,1.3247413761787999e-05,10.27927217883113,87.37381352006462,1.1434765139376593e-06,-33.602212016128654,0.0,1
11.588076753801428,6.607689471573563e-09,1.9904624810967716e-05,9.477010308975307,80.55458762629013,4.3563979172238855e-06,-23.328232559768296,0.0,2
19.86535366678083,3.118624507242298e-08,1.7589830753535724e-05,6.102549613022868,51.87167171069438,3.3190970800849994e-06,-33.180907669502034,0.0,1
-1.9581071826349112,3.322871761816181e-10,1.3550073014128893e-05,18.098822825294924,153.83999401500685,1.2008295882245785e-06,-17.88024593206613,0.13,2
18.77009603694955,2.4815187515012345e-08,1.70374618024631e-05,6.357354430147447,54.0375126562533,1.2844543810913583e-05,-19.651255944116667,0.0,2
10.383995334046794,3.430434890473675e-10,4.941690176819152e-06,16.276948842510535,138.35406516133955,1.2779572745383294e-06,-21.140130911550067,0.0,2
8.74487328509544,1.3801541271242862e-09,1.2325155460759322e-05,12.97145419406234,110.25736064952987,1.123102827504493e-06,-28.051134528173915,0.0,1
5.367262187381167,1.244004491261459e-09,1.634286992819268e-05,14.065726964903105,119.5586792016764,1.1723939347072746e-06,-27.579078046256676,0.0,1
10.19854117237289,1.3343557122921477e-09,1.0134400047799283e-05,13.562648783893621,115.28251466309578,2.772934828737203e-06,-20.488115664880873,0.0,2
15.402660021384282,6.774888983062571e-10,4.026398075044797e-06,14.525734444396784,123.46874277737265,1.711261396782894e-06,-21.794401116721026,0.0,2
1.8164222565071424,2.3621922474663194e-10,9.808738464347201e-06,17.6041843943601,149.63556735206086,3.181497895282965e-08,-50.04388472866089,0.022500000000000003,0
9.932173136644474,4.0422779000833797e-10,6.045458441931874e-06,15.521493672035371,131.93269621230067,6.72940084168899e-08,-47.9257948985387,0.0,0
19.54512915529258,3.567894425062283e-09,5.823658494836311e-06,11.133754646409944,94.63691449448453,3.5427012815849722e-06,-22.786300680196927,0.0,2
1.8707571211441705,2.299685706765111e-10,9.583974073266077e-06,17.58614134164497,149.48220140398223,2.6934572677370572e-08,-51.62234138554172,0.015,0
15.623157142245436,1.874616945497852e-09,6.582511861267263e-06,12.2210216751748,103.87868423898578,3.6165797705758866e-06,-19.530930432187677,0.0,2
22.90888193043105,5.166183740546948e-08,1.562356680471881e-05,5.260848136268293,44.71720915828049,1.1512471196654532e-05,-24.52959841401035,0.0,2
18.591893311880863,2.9488994388973625e-09,6.244036678977154e-06,11.10061143694609,94.35519721404177,6.361205629087692e-07,-37.15203872204399,0.0,1
0.4435368788124838,5.998701293587494e-10,1.5985029643343085e-05,16.18359587750175,137.56056495876487,1.561312538696522e-06,-19.21921236181796,0.005,2
16.269053378165363,8.412564130723888e-10,4.089047394040542e-06,13.98360619735675,118.86065267753239,1.6426385306952978e-06,-23.097419725417527,0.0,2
-4.783101084053047,5.115925669092262e-10,1.9069983708880622e-05,18.11993530600824,154.01945010107008,2.612411356269161e-08,-51.3712232403322,0.1525,0
12.117183514350758,6.853389587963114e-09,1.9656255399229932e-05,9.168129704558579,77.92910248874793,1.6483773477427e-06,-32.066533297816974,0.0,1
15.441191500994604,1.4300195943637554e-08,1.9800934758035492e-05,7.84486687038148,66.68136839824258,3.576628942977718e-07,-48.9950229343949,0.0,0
0.7478737726054817,8.33034681857392e-10,1.9329761608133585e-05,14.97525760484756,127.28968964120425,1.1070536448316625e-07,-44.026760756741695,0.005,0
7.268042896143183,1.6368822010406572e-09,1.565309464509858e-05,13.03251137238853,110.77634666530251,7.997817596132799e-07,-31.83513552522083,0.0,1
23.51661665741628,7.578805817593768e-09,5.4342996562907324e-06,9.268923344434926,78.78584842769686,5.2334694234999965e-06,-22.666890712693903,0.0,2
5.032267098125911,1.1771386145117987e-09,1.6285229610560387e-05,13.718244489306437,116.60507815910472,1.013392527441165e-06,-28.10162035873731,0.0175,1
19.85140040689592,3.0824403286683306e-09,5.521316254917136e-06,10.700032368359665,90.95027513105715,2.8768090220593875e-08,-63.957976946160144,0.0,0
17.72683778113505,1.623112175179713e-08,1.5837287415424313e-05,7.793101633101705,66.24136388136449,5.795234927689011e-06,-25.397649929522505,0.0,2
10.042921645815639,1.423324022738124e-09,1.075767682577045e-05,13.048877384042818,110.91545776436395,2.3659597428304723e-06,-21.750053172850983,0.0,2
11.517430380915464,2.563290387298102e-09,1.2728739391387729e-05,11.76008634100941,99.96073389857997,9.464173669714498e-07,-32.994851143133886,0.0,1
28.05400960240626,6.93191930362682e-08,1.0332744533798604e-05,4.171083538744494,35.4542100793282,1.8639073546483794e-06,-41.6783806969455,0.0,0
34.19700062941515,3.909743379864663e-08,3.6990636136790273e-06,5.518395499896453,46.90636174911985,1.8053146686996362e-06,-39.552201250652736,0.0,0
-1.5136423979948113,1.4135242988202463e-10,8.964051916249744e-06,19.422183973330664,165.08856377331065,1.0287254816997157e-07,-35.972080141406,0.15250000000000002,1
8.167855883621034,1.0471434223425227e-10,3.6282498777933876e-06,18.61109263924987,158.19428743362388,1.608232233454161e-07,-34.18853719845318,0.0,1
30.59569032637777,6.24851409617759e-08,7.261377164657388e-06,5.013126146084456,42.61157224171788,2.1624838883549873e-06,-40.679995677738525,0.0,0
28.273038218354714,2.0963396007585525e-08,5.474880674648676e-06,7.070440898016251,60.09874763313814,4.810252245102289e-07,-48.40794791986605,0.0,0
14.189344538070989,3.352412082421068e-10,3.3391209893359177e-06,15.598741230807102,132.58930046186035,1.6859284985562566e-07,-38.99101642264642,0.0,0
18.99711273154566,1.6062769177669246e-08,1.3961689890533468e-05,7.157198864018259,60.8361903441552,2.7126470761593084e-06,-31.670584611163562,0.0,1
1.4070779000738043,5.555578473358175e-10,1.4707373801380687e-05,15.77843630411499,134.11670858497743,1.1279350814990762e-06,-22.248408423333238,0.01,2
24.646641735447425,2.7259100918805016e-09,2.6856758569865647e-06,11.464697695918957,97.44993041531114,4.5248509952987535e-06,-19.240192152574135,0.0,2
14.986396545162211,7.075032225891077e-09,1.4779174663929054e-05,9.206587238290055,78.25599152546548,2.0697456349005265e-07,-50.74538619712017,0.0,0
0.29439075973725654,3.7353886690850497e-10,1.3655382456418934e-05,16.983001883537806,144.35551601007134,2.3948753920647815e-07,-34.29053577179277,0.025,1
12.534254658965018,7.631563140153026e-10,6.192451168579878e-06,14.612604874250486,124.20714143112912,7.759635120619818e-07,-29.72301384456309,0.0,1
34.75744881874882,6.804174140881707e-08,4.651205171794491e-06,4.385347778866322,37.275456120363735,9.210663846194456e-07,-47.928234831136635,0.0,0
7.542779411042729,1.7556519409886707e-09,1.6137679065416045e-05,12.763256670375599,108.4876816981926,4.551678248035636e-08,-57.49086107811161,0.0,0
15.009722397848275,9.332198345933526e-10,5.273366849314289e-06,13.976917543089332,118.80379911625933,1.0645790331876471e-07,-48.13818417637812,0.0,0
27.599358775359228,2.039358390945269e-08,5.415567329117258e-06,6.958417577510469,59.146549408838986,1.484444972658126e-05,-17.60788874525118,0.0,2
16.81732352462459,1.5632779998047544e-08,1.7320782184029457e-05,7.939377393691403,67.48470784637692,5.53019624758158e-06,-25.760830985310783,0.0,2
21.722174472025202,3.209958999089101e-08,1.4188108009146178e-05,6.0598878937086145,51.50904709652322,6.680798987594652e-06,-26.93447242728744,0.0,1
13.681229278884432,3.907038923415696e-10,3.866324563014605e-06,15.767170175034034,134.02094648778927,1.5988166274635053e-07,-40.554128578102265,0.0,0
8.305668466866862,8.789067461780884e-10,1.0453089952879836e-05,14.214952925889918,120.82709987006432,5.084208497931671e-07,-33.39540785875692,0.0,1
-0.5843737016025383,1.1975820589402854e-10,7.593269748518264e-06,19.90154041724637,169.16309354659415,6.393211600951223e-07,-19.863849631042658,0.04,2
23.367592839319858,2.9711773457824774e-09,3.4341896977203146e-06,11.361246464269247,96.5705949462886,2.6311888027503354e-06,-24.925497109138313,0.0,2
39.88024875971523,2.3003259050949357e-08,1.1624577411898205e-06,6.865296811782605,58.35502290015214,5.775604370258024e-07,-47.258055092513125,0.0,0
11.227910367155571,1.7410336422242515e-09,1.0975736760308917e-05,12.58513625882265,106.97365819999254,8.256168790768658e-08,-52.65702207463845,0.0,0
26.677372206519344,1.682976543175261e-09,1.5805576385700426e-06,12.832870281039078,109.07939738883218,8.372571515578014e-07,-32.78600308940058,0.0,1
11.250871312962696,5.865798319172613e-09,1.9647881845397584e-05,10.015805952677576,85.13435059775941,3.4823707763639906e-06,-25.323574696233866,0.0,2
18.784306117874316,2.2718124040321682e-08,1.652411800511379e-05,6.635989215737962,56.40590833377268,8.06914759128548e-06,-23.41482261445471,0.0,2
11.02233458846281,2.2975224068213954e-10,3.8581610050189046e-06,16.6000875160676,141.1007438865746,5.483398751052661e-07,-26.829625519020528,0.0,1
2.427794783372508,3.804975979312273e-10,1.1716834361826092e-05,16.396028841719648,139.366245154617,3.201275871190515e-07,-32.23302583525979,0.0025,1
11.963012607542748,1.7695021491742802e-09,1.0113366457450254e-05,12.012328025836863,102.10478821961334,8.722134534214372e-07,-31.51854222684075,0.0,1
22.95257265786216,1.2709213576771093e-08,7.4785519789056255e-06,8.241905845610825,70.05619968769201,8.751372223572077e-06,-20.357841097337058,0.0,2
23.60418071827788,2.492775533141425e-09,3.040946462155805e-06,11.766229998292438,100.01295498548573,1.8901372855475564e-06,-26.864129087868402,0.0,1
22.816824629209155,3.8705801545108505e-08,1.3523645369244508e-05,5.930777917155291,50.41161229581998,1.148571170559642e-05,-23.29934710523971,0.0,2
20.753514017808033,3.3588814470924277e-08,1.6003298656777988e-05,6.274499029269534,53.33324174879104,9.693495042129334e-06,-24.032211585145554,0.0,2
23.269229091295152,4.5219878513802124e-08,1.4255571294818918e-05,5.128669293008065,43.59368899056855,5.380287642461927e-06,-30.552232618637532,0.0,1
10.352482874507576,1.9603026292372405e-09,1.2183049790432734e-05,12.653430951192796,107.55416308513878,2.726509853231508e-06,-22.37747035576987,0.0,2
-3.290500600907456,2.0378154656188618e-10,1.1734641497962264e-05,19.472690521602175,165.51786943361847,2.2065881482328498e-07,-30.00698559909727,0.12000000000000001,1
35.33869136559732,7.425947771584751e-09,1.0694663905356106e-06,9.529035219893489,80.99679936909466,8.307598167262716e-07,-39.417588126402464,0.0,0
26.225241819487128,4.150615652048351e-08,9.355244711959661e-06,5.512646546371122,46.85749564415453,1.4607289067721658e-05,-21.04245965006127,0.0,2
32.92895434273587,1.0860168907597128e-08,2.025443224429003e-06,8.310430857303444,70.63866228707927,6.3076482749198345e-06,-22.680545447795332,0.0,2
5.285010596228287,1.2158275586321444e-09,1.648443333566182e-05,14.105427224662861,119.89613140963432,3.017635195582852e-08,-59.23376022786472,0.0,0
3.567507589132113,6.426043639814745e-10,1.3232727077128491e-05,14.942709994524234,127.01303495345599,2.0180787130223726e-06,-18.25300238441435,0.0,2
-1.229033821480991,5.026168278634795e-10,1.6584340573282377e-05,16.904504067771146,143.68828457605474,3.182436157786067e-07,-32.13496891029244,0.045,1
8.960318495594235,1.0528521366686884e-10,3.2164996357973452e-06,18.696632154386368,158.92137331228412,3.2420839636188696e-07,-27.928963697005713,0.0,1
36.83699918576171,1.2687510786338734e-08,1.2490400965696451e-06,8.202183571872835,69.7185603609191,2.1668604215549695e-06,-32.954923011228374,0.0,1
-4.420890143671816,2.1446303657954543e-10,1.2339139772607381e-05,19.863397449683678,168.83887832231127,4.7068875928854377e-07,-22.977335743958356,0.2,2
18.028366859885118,2.3008700271500293e-08,1.8318153866814238e-05,6.414457160135088,54.52288586114825,7.021518876997855e-06,-24.681024599717773,0.0,2
22.57748657480391,4.755683498897725e-08,1.6012462378005192e-05,5.238239564065946,44.52503629456054,3.3881666548663406e-06,-34.89778737902972,0.0,1
-1.0495023082712525,5.266546210626366e-10,1.71967325802554e-05,16.38022473325093,139.23191023263288,4.394506577657477e-08,-49.348450221343,0.035,0
33.63320729356958,9.39830965559777e-09,1.7074427755270555e-06,8.757388274027706,74.4378003292355,2.49358811039106e-06,-30.475741532088275,0.0,1
17.46626396722377,2.5437559831745784e-09,6.405715499617168e-06,11.686757087461345,99.33743524342142,1.8774819222039711e-06,-27.020847506755,0.0,1
-1.6134906203488608,6.505720874358981e-10,1.94686679558805e-05,16.529040781077722,140.49684663916065,6.920623911174796e-08,-46.36186529405211,0.09500000000000001,0
3.4542187828211106,2.9824002627349057e-10,9.547540505983038e-06,17.267423577383948,146.77310040776354,9.653604033107544e-08,-42.6673419861975,0.0025,0
22.611995398881977,1.923836306595975e-08,9.690165619117879e-06,7.548627168148402,64.1633309292614,9.29415281791967e-06,-21.996592467967986,0.0,2
18.943066258215598,2.655365056156353e-10,1.4695764152819523e-06,16.65164800377465,141.53900803208452,7.102375497366041e-07,-25.80828940222119,0.0,2
4.804525882566567,6.695991327626604e-11,3.9270096084013614e-06,19.688027846422983,167.34823669459536,7.612059364919509e-08,-37.66775286582159,0.0,1
-0.28289258330030237,7.524548854482223e-10,1.9083397302398795e-05,16.06987497782887,136.59393731154543,2.020017293473789e-06,-18.22889139297424,0.027500000000000004,2
18.53650045436546,1.953872331793148e-08,1.5097737286419958e-05,7.634938977056656,64.89698130498158,1.3378692561676015e-05,-18.569764373618895,0.0,2
-1.277459168917181,6.08976472412681e-10,1.893058204070546e-05,16.482418346002316,140.10055594101968,3.279148358155236e-07,-32.861783570384084,0.0475,1
9.449629967447237,3.4049712951844085e-09,1.756880389987508e-05,11.358590220574875,96.54801687488643,4.065307239206469e-06,-20.914405745631107,0.0,2
2.2841902921367376,1.313337135952124e-10,6.890670334399813e-06,19.010048602000236,161.58541311700202,5.181694056566169e-08,-43.6828838014512,0.005,0
5.887437354705291,3.252423937208943e-10,8.16112744309793e-06,16.172481889428884,137.46609606014553,2.86023373554463e-08,-53.54352279700207,0.0,0
8.662867650754036,2.2802120387119932e-10,4.96384952383561e-06,16.687912114763844,141.84725297549267,8.170155401641715e-07,-22.9140280041836,0.0,2
13.453998058782627,9.719475237348077e-09,1.9576103778366736e-05,9.012048234060792,76.60240998951673,6.128981520502971e-06,-22.72038982884868,0.0,2
17.25652978550531,1.160448920745697e-08,1.4242960070028464e-05,8.319904668159479,70.71918967935558,3.6881382781298904e-06,-27.87924023304162,0.0,1
20.715495679006594,4.2773151754557874e-08,1.882083557634092e-05,5.340721964947097,45.39613670205033,1.866797330306913e-06,-39.422277573533194,0.0,0
14.93449940158914,5.413168829098483e-09,1.2952847324313306e-05,9.976210302556142,84.79778757172721,6.40258791535241e-07,-40.00490931237644,0.0,0
6.255726946489367,4.073566572363347e-10,8.54847541403605e-06,16.264676385855285,138.24974927976993,8.661473012043315e-07,-25.218619983422794,0.0,2
25.88340638209484,6.292607481428645e-08,1.1877341047641215e-05,4.875782819404392,41.444153964937335,2.138722696338302e-05,-19.76587954719418,0.0,2
7.61971685319725,1.8865341852664237e-09,1.6665145397433667e-05,12.181509199707143,103.5428281975107,2.1345426372133554e-07,-43.99679541744831,0.0,0
-1.484648336921628,2.596856976717183e-10,1.2260834556419405e-05,18.58366692316871,157.96116884693404,2.437679377874168e-07,-31.59177033422499,0.1,1
9.862994984674566,1.2676018808524687e-09,1.0271241150949894e-05,13.633600645979739,115.88560549082777,3.04352482104532e-06,-19.551564781967112,0.0,2
14.871792053069635,7.044606784815585e-09,1.4546444066268751e-05,9.464148409716925,80.44526148259388,2.1357211910604697e-06,-30.351422911534822,0.0,1
17.052171021570306,4.730985978088554e-09,9.27821056174639e-06,10.180399126927796,86.53339257888626,2.4025406405914957e-06,-27.48785550500211,0.0,1
29.140467133002325,3.193262710849522e-09,1.579025933580135e-06,11.604329031867719,98.6367967708756,4.1567603924248955e-06,-21.405200481338188,0.0,2
28.251479016287988,5.8664441158574335e-08,9.267780558721743e-06,4.717218490278421,40.096357167366584,1.3641820744240016e-06,-43.57474505513591,0.0,0
23.1214725287316,6.276107333124133e-08,1.743888843129741e-05,4.638326501199379,39.42577526019472,5.18192932993862e-07,-52.59097102200563,0.0,0
-5.1673031308543464,2.76050678994516e-10,1.426889686901812e-05,19.955757545560882,169.62393913726748,3.261113685635534e-08,-46.84445101652638,0.2,0
17.730942732623138,3.812661154366495e-09,7.585744809816175e-06,10.791984338324689,91.73186687575986,2.8176663266409974e-06,-25.178430489606782,0.0,2
14.814565915289835,2.261864112633215e-10,2.3777176781203135e-06,17.098832086877543,145.3400727384591,9.589162996212978e-07,-22.28230439998894,0.0,2
16.065915848173745,1.013565457159931e-09,4.782978786826278e-06,13.69853298761987,116.4375303947689,2.7204511928926734e-07,-40.17922938955348,0.0,0
2.2495707965222325,4.234525038271127e-10,1.2491343678649041e-05,16.11251412401634,136.9563700541389,6.98645135046819e-07,-25.89536369589053,0.0,1
25.591698546696374,1.593565503466685e-08,6.4125717914714205e-06,7.532633791811655,64.02738723039907,3.834187662243992e-06,-28.59648083377605,0.0,1
14.992731381013817,9.849990591041445e-09,1.6567195081746827e-05,8.617036528749104,73.24481049436739,7.032860805397464e-06,-20.871440274366428,0.0,2
23.108164937078506,3.2655556879248246e-08,1.2255959775801673e-05,6.128052505311519,52.08844629514792,5.951438257133183e-06,-28.362267713497907,0.0,1
18.234756254918903,1.1766953717138232e-08,1.2633930038918316e-05,8.167464456250423,69.4234478781286,6.314619925531607e-06,-22.86140249741855,0.0,2
-0.7523389981515285,2.43288858874811e-10,1.1390955003542885e-05,18.059959543231837,153.50965611747063,4.051980569988903e-07,-26.904637006826803,0.0125,1
6.694219220798342,1.6928300057249885e-10,5.207225037487505e-06,17.721974233993144,150.63678098894172,4.984281150305677e-07,-25.87590479734557,0.0,1
33.23265702431926,5.5239351148379974e-08,4.988056404922703e-06,4.679280122490965,39.77388104117321,2.4988869142561217e-06,-37.935687570642486,0.0,0
14.191878520878518,7.111612208589382e-09,1.5927505009380863e-05,8.990286809264033,76.41743787874428,7.011774950861759e-07,-39.69431009633756,0.0,0
14.9871804119441,8.01734331501703e-09,1.5464264591207766e-05,8.96454509035813,76.1986332680441,2.936592847090076e-06,-28.0591876838319,0.0,1
6.965880448100262,2.0578743470808153e-09,1.835043608624075e-05,11.884456852235274,101.01788324399985,1.6300175483426113e-06,-26.534701479076944,0.0,1
20.890763528102205,4.366506481054829e-10,1.5921689026908822e-06,14.980012308454945,127.33010462186704,2.677283502463488e-08,-56.33580927984549,0.0,0
29.859795594996534,4.454454441924778e-09,1.833260094668448e-06,10.689390125130329,90.8598160636078,2.466741742814139e-06,-27.83316067640508,0.0,1
31.916813535352794,1.0843721226470898e-08,2.369438640474885e-06,8.390174059196362,71.31647950316908,3.6872578335321934e-06,-27.466791609522243,0.0,1
19.578352769905734,7.075045196596471e-09,8.647412210490548e-06,9.393132148772116,79.841623264563,6.98860572934566e-07,-40.37961808338099,0.0,0
13.033897064105183,2.096735634734175e-09,9.799035137802985e-06,12.086571609311079,102.73585867914417,2.426558400413728e-07,-44.13064565166732,0.0,0
-1.539144814819719,4.129178037749503e-10,1.569802555636925e-05,17.423707476144752,148.1015135472304,6.860430899495479e-08,-44.718062919623364,0.0475,0
21.646766023026025,1.088333926238081e-08,8.486053387293345e-06,7.975859437430566,67.79480521815981,5.864287347032046e-07,-43.24911736806213,0.0,0
19.441618372210876,1.7691043636677122e-08,1.3416084817811547e-05,7.612281282711734,64.70439090304974,8.247835219382497e-06,-22.683689835009496,0.0,2
15.716471989276977,9.584223796813244e-09,1.5628383633281992e-05,9.084507273531445,77.21831182501728,1.2402113544821213e-06,-36.748336376243614,0.0,1
14.954393656632272,8.616944910570391e-09,1.629719520858119e-05,8.931364960673665,75.91660216572615,4.29483066653725e-08,-65.11634861579014,0.0,0
10.598821568909944,2.4473206557762704e-09,1.352334673226381e-05,11.595169413560313,98.55894001526265,2.1621760303786664e-06,-25.030436851873247,0.0,2
21.065283917030094,3.72666518948609e-08,1.5909643442635676e-05,5.802680831280242,49.32278706588205,1.6442207496398057e-05,-19.33149632786219,0.0,2
1.2199621266153184,8.190832858155377e-10,1.82620745387948e-05,15.128505761924202,128.59229897635575,1.44315336304293e-06,-21.909750323534965,0.0075,2
9.725439447799461,2.5043830534218245e-10,4.720639234078046e-06,16.662441065544925,141.63074905713185,3.670670609925063e-07,-30.803982127252677,0.0,1
13.61287010051597,4.400244238434954e-09,1.2612837567654348e-05,10.793209116463295,91.74227748993802,5.366369163027823e-06,-19.97954089904713,0.0,2
6.854059173042135,1.8070455963942408e-09,1.7167473874444618e-05,13.10930732260083,111.42911224210707,1.5282692002233002e-06,-26.99625549583827,0.0025,1
36.47116751237919,2.5487533327737948e-08,2.110522286840605e-06,6.660736133137306,56.616257131667105,5.983944822689113e-06,-27.10717222917725,0.0,1
-6.357843261750375,4.091730502998048e-10,1.7765211699698397e-05,19.455722517595717,165.3736413995636,1.6821222081743222e-07,-33.38570351590016,0.2925,1
16.629521206286114,1.2098126595004265e-08,1.5839802497689017e-05,8.21695510202051,69.84411836717433,1.8286265187908022e-06,-33.97225319877174,0.0,1
7.115445712324116,8.596571498559413e-10,1.107482618515648e-05,14.519126248952217,123.41257311609384,2.150893328645856e-06,-20.03522470163293,0.0,2
20.282487659728833,3.868313581705432e-09,5.864648191122606e-06,10.931241867868424,92.91555587688161,6.699392606420074e-07,-38.228784279587636,0.0,1
14.981679587186163,2.890056845884041e-10,2.722435273931255e-06,16.46476996900895,139.95054473657612,6.849859148010238e-07,-26.31274250803729,0.0,2
31.186496398142452,2.098011726397868e-08,3.853998402699048e-06,6.766642195073887,57.51645865812804,7.492696460659576e-07,-44.40210431879508,0.0,0
11.286784781838668,3.12243336324507e-10,4.470749050524182e-06,16.526168298099236,140.4724305338435,4.96027970509686e-07,-29.799288835966287,0.0,1
17.95616720173325,2.990899309283328e-09,6.684498135610812e-06,11.08365564588855,94.21107299005268,1.260573756883906e-06,-31.272380070002292,0.0,1
19.63773991948296,3.548421759512466e-08,1.9464317250987395e-05,6.173770496026499,52.477049216225254,5.753744546044076e-07,-49.530447420766166,0.0,0
-0.4210540769682197,3.9042215064739037e-10,1.4213198582343258e-05,17.079092438983945,145.17228573136353,5.407415528545952e-07,-26.71045717463116,0.015000000000000001,1
23.17981331496601,3.4865300103538116e-08,1.2161097550361866e-05,6.125748960138004,52.06886616117304,1.3236016623894403e-05,-21.422913462777586,0.0,2
15.662475090184191,4.010907979771071e-09,9.89492515981714e-06,10.854540257558114,92.26359218924398,3.494529808063809e-06,-23.72471669660138,0.0,2
22.18565238857266,5.6393867610847666e-08,1.812184807577631e-05,4.89856346777866,41.637789476118606,4.712033184403035e-06,-32.850533920554746,0.0,1
24.426336562880692,2.1921335356972562e-08,8.524008744766857e-06,6.856916917362426,58.28379379758062,7.261499969721632e-06,-24.401107933342374,0.0,2
25.162333005561536,8.9102574094321e-10,1.2606406646657924e-06,13.933009739822408,118.43058278849047,9.154605669653417e-07,-29.14570146982455,0.0,1
-2.5453240615815567,3.8362669925757085e-10,1.528894448748393e-05,18.121430605611867,154.0321601477009,2.1550364658520049e-07,-33.62096458383337,0.07750000000000001,1
-3.4847782766924356,1.8648622963434817e-10,1.163432248533352e-05,19.606845509697685,166.65818683243032,3.946965322140652e-07,-24.92184915158177,0.09,2
16.239865067986493,9.8506767433346e-09,1.4990595681540105e-05,8.472726183703331,72.01817256147831,7.663666096016598e-07,-40.64552339627734,0.0,0
1.478197239026275,1.8408468482954585e-10,8.517120531628667e-06,18.33444980935496,155.84282337951717,5.480737374381384e-07,-24.036400708937244,0.022500000000000003,2
21.20412371893734,5.0393772015634066e-08,1.9217474210867093e-05,5.217072027972055,44.345112237762464,3.079325649339479e-06,-35.95748770962855,0.0,1
10.52983832240432,5.1783061353898315e-09,1.9629040344754326e-05,10.114250813731383,85.97113191671676,3.927540274356755e-06,-23.061593048316226,0.0,2
10.308409649273791,2.3921140389375652e-09,1.3386707966533376e-05,12.30791377664869,104.61726710151386,4.065135331816053e-06,-19.746067263007546,0.0,2
9.83170016253633,1.0016334131320967e-09,9.559120167541204e-06,13.918304656659414,118.305589581605,1.318433971714889e-06,-26.012092324331118,0.0,2
41.224389618755765,3.9161675354035144e-08,1.3850874090973718e-06,5.229373436302807,44.44967420857386,1.7465843406324254e-06,-39.11105522096901,0.0,0
4.153718717252496,1.2112089647164137e-10,5.6653732321194176e-06,19.02604677130827,161.7213975561203,6.38841684566931e-08,-42.088061841711244,0.0,0
6.3877549360332955,2.03622421649093e-09,1.882507560240969e-05,12.590487285994767,107.01914193095553,3.260851619722215e-06,-20.44533506482525,0.0,2
-3.607390815320582,3.3016433005679777e-10,1.521241849739291e-05,18.2384122002103,155.02650370178753,4.968095708151961e-07,-24.609737619602015,0.15000000000000002,2
12.072141258181802,9.70536371289121e-10,7.289426011086433e-06,13.747489720768499,116.85366262653224,7.023902104508776e-07,-31.128669299990914,0.0,1
-5.851214914226937,4.0850896315039526e-10,1.794268669679395e-05,18.740487502434657,159.29414377069457,7.771776652588854e-07,-20.09980877320077,0.1575,2
29.924987576068457,1.4861503904228276e-08,3.6417764048320743e-06,7.580311696202116,64.432649417718,4.588357039226218e-06,-26.747034805578945,0.0,1
10.304977395596493,3.5811429208578803e-09,1.6738357448810302e-05,10.718892692165836,91.11058788340961,4.514409230893586e-06,-20.307718123094794,0.0,2
28.364023552896217,5.306171905074179e-08,8.627801514387608e-06,4.743798948582432,40.322291062950676,4.086959283602498e-06,-33.457263704401335,0.0,1
-6.179867591696447,3.326209564120481e-10,1.6839026728746203e-05,19.48108811629041,165.5892489884685,3.429099490716044e-07,-26.669907180981195,0.1825,1
0.08704793368649777,2.6523724340244275e-10,1.1090145192263762e-05,18.110898956989526,153.942641134411,5.404284599377677e-07,-25.14583839820716,0.02,2
29.62541355884415,3.511253833293003e-08,5.982742423090034e-06,6.137829285698209,52.17154892843478,4.9303503560599625e-06,-30.422980523417245,0.0,1
25.467708836458357,8.986657935625781e-08,1.4836605038189988e-05,4.0378078561177535,34.321366777000904,2.6332151607983435e-05,-19.369331893628917,0.0,2
-6.396522605504367,3.722656415459361e-10,1.7457274356219406e-05,19.085172481063903,162.2239660890432,4.9395706083632844e-08,-43.19372974943043,0.25,0
6.728697981920687,2.2997696382930213e-10,6.13713753724885e-06,17.36106022283833,147.56901189412582,1.7973511450484522e-07,-36.4933719097941,0.0,1
27.215918801277713,3.0614115146107385e-08,7.447162678900531e-06,6.335140756297992,53.84869642853294,3.2588573787182336e-06,-33.489534180387686,0.0,1
7.703763456639793,8.335983971287528e-10,1.0924003644644376e-05,13.756479067350647,116.9300720724805,8.532075384068141e-08,-48.41045559592982,0.0,0
30.21312187282777,3.7151832626968723e-09,1.562653753496874e-06,10.660436579468607,90.61371092548316,1.0969579260971459e-06,-33.47928942358004,0.0,1
13.017906090878324,4.618625455434571e-09,1.4064473492625409e-05,10.778236500052259,91.61501025044419,4.906013957628506e-06,-21.151395207220997,0.0,2
20.73826572485107,9.533867037860967e-09,8.821758975500116e-06,8.413653020999286,71.51605067849393,9.615570302107208e-07,-38.22766061083102,0.0,0
-4.903822149156463,2.4226133630193643e-10,1.313674230701384e-05,19.568276893174172,166.33035359198044,2.2602799597330367e-07,-28.998466388394277,0.1275,1
30.782329142061297,2.478017278031946e-08,4.312737842826864e-06,6.598567856209813,56.08782677778342,5.718202660180104e-06,-27.288375548486798,0.0,1
12.932383363737435,1.8829741016652604e-10,2.744919000900591e-06,17.32887786813546,147.2954618791514,6.021049754220834e-07,-25.358032269550375,0.0,2
2.5110911493302215,1.0077730486166747e-09,1.8368080667129224e-05,14.838330140755994,126.12580619642596,1.4401359011311036e-06,-23.570559849817595,0.0125,2
4.564990288057718,1.997322056412228e-10,7.072330801847581e-06,17.29513999302566,147.0086899407181,3.8545914891915164e-08,-48.247389850368634,0.0,0
21.124337978566416,1.1917350327519997e-08,9.322211421667897e-06,7.935060448482331,67.44801381209982,2.9929489733679476e-06,-29.690649210181512,0.0,1
-6.267254905708247,2.7113995059591874e-10,1.4754117484381567e-05,19.65180596128354,167.04035067091007,5.250292699147729e-07,-21.210566609175427,0.21500000000000002,2
20.69592296344336,5.623035011040741e-09,6.809064869922726e-06,9.854842514322138,83.76616137173818,1.0182387463326101e-07,-56.08884693575146,0.0,0
15.641434091817178,9.630168434867959e-09,1.5139754401223687e-05,8.323964659321673,70.75369960423421,7.966056567881606e-06,-19.486119629590405,0.0,2
17.831637930994876,2.323995060942624e-08,1.8790580869327337e-05,7.300596136009396,62.05506715607987,6.90263155780682e-06,-25.7636366485334,0.0,2
9.65737260666171,7.04925690744996e-10,8.183669002683786e-06,14.32343860779078,121.74922816622164,8.095482725060844e-07,-28.275620440106803,0.0,1
-1.4276292763900589,1.4179979694285198e-10,8.81949699345601e-06,19.682617934799605,167.30225244579663,3.6403388281595835e-08,-44.94803296239097,0.16,0
19.009854292433136,6.131979155867348e-09,8.49950882369686e-06,9.485071406965439,80.62310695920624,2.049700867477473e-06,-29.73069835499404,0.0,1
14.866983939264953,6.017818755813589e-10,4.262244348517448e-06,14.217687541572065,120.85034410336254,9.618178347761602e-08,-46.34778779439156,0.0,0
6.676409396016853,1.284603634778153e-09,1.4521699626612732e-05,13.526197961551668,114.97268267318918,1.6903802340460795e-06,-24.162720423929088,0.0,2
11.457797920166774,3.011877135501715e-09,1.3915254545826579e-05,11.486972850308492,97.63926922762218,1.46283281576967e-06,-30.117151559442185,0.0,1
5.450149573600029,9.625287342881888e-11,4.450873538112231e-06,18.52454471076903,157.4586300415368,2.117283323226778e-07,-30.2899074197327,0.0,1
4.782669436474116,7.721948161609372e-11,4.257451463743225e-06,19.821936024702303,168.48645620996956,1.9216818001863096e-07,-30.93967602967294,0.0,1
25.57102083084081,2.5341742114042567e-08,8.227703461734194e-06,6.6512399977322465,56.535539980724096,2.305767596281788e-06,-35.59403555236042,0.0,1
-7.984553375167225,3.3227284010221085e-10,1.6987135711684995e-05,19.997352160853907,169.9774933672582,4.861563420870111e-07,-21.504063864559026,0.20750000000000002,2
8.41714547459124,1.8510827955252294e-09,1.5065438390346674e-05,12.362552499192166,105.08169624313342,7.546048816733807e-07,-33.00753521185384,0.0,1
18.699526754471215,1.8378683377365834e-08,1.5141005057948024e-05,7.541051553685205,64.09893820632423,4.865653022016681e-06,-27.570851877357136,0.0,1
-0.8704631103460457,1.6475119984677456e-10,9.308010902804746e-06,19.343122176796342,164.4165385027689,2.2109931996233288e-07,-30.551790020450373,0.015,1
23.062565027421577,3.501196375687085e-08,1.3065724733510508e-05,5.745679948266922,48.83827956026884,7.478852902114036e-07,-46.77158274749053,0.0,0
3.2207188561026703,1.175240780821261e-09,1.915607430016639e-05,13.921155240239736,118.32981954203777,2.2829963297965063e-07,-40.39337054163698,0.0025,0
27.867609120290766,5.853145497217662e-08,9.69316287519075e-06,5.140509664019749,43.69433214416787,1.1108628397158972e-06,-46.07582349588478,0.0,0
12.88021998682171,4.659385480776073e-10,4.699881954361865e-06,15.00893726585599,127.57596675977591,1.3302106445044092e-08,-62.51231550100027,0.0,0
9.418582261278344,2.0480904363946034e-09,1.4102256576728867e-05,12.100720413255331,102.85612351267032,1.9366035967178237e-06,-25.423372091875226,0.0,2
9.713821914673133,2.9946384786931536e-09,1.6648205730235494e-05,11.501610873022058,97.76369242068749,1.249334545534897e-07,-51.11933761665406,0.0,0
9.52234240737141,2.0683871739434402e-10,4.394377934868546e-06,17.44115971624479,148.24985758808072,4.4542240598089736e-07,-28.627513569914164,0.0,1
-0.2861641910953786,2.8655130257813514e-10,1.1770430240234143e-05,18.04092072955255,153.34782620119668,7.706342849599259e-07,-22.10515552329442,0.0275,2
5.962611407259571,9.756236020561809e-10,1.4216778817261695e-05,13.697228450279978,116.42644182737982,1.6064651937874983e-07,-43.28751040436258,0.0,0
5.337672989485659,1.1016066453155592e-10,4.826579808000104e-06,18.854481393502805,160.26309184477384,2.7878336518686605e-07,-29.022882430702175,0.0,1
-2.4672905975184096,5.018869404049129e-10,1.7687450377884206e-05,17.244913016846347,146.58176064319395,1.5156074464488847e-06,-17.85313423594978,0.0625,2
12.295327940907328,2.1500216142914004e-10,3.1795522926740927e-06,17.285821945426086,146.92948653612174,9.009247007775975e-07,-22.774574430826576,0.0,2
14.00845277880391,5.628506033824891e-09,1.4423502262035547e-05,9.660716022589869,82.11608619201388,8.536430689579103e-08,-56.96571995306107,0.0,0
-2.753373641742871,2.1871967404034266e-10,1.2013275361129396e-05,18.831140600708586,160.06469510602298,4.5888241401135747e-08,-44.34953482352341,0.0425,0
16.301309862826226,9.832624860106648e-10,4.420743448446316e-06,13.780878651889886,117.13746854106404,1.876732496563835e-06,-22.789216634184605,0.0,2
-1.3739239975989515,9.531834486990139e-11,7.344403927923581e-06,19.997808045739713,169.98136838878756,5.762222194576594e-07,-19.37195796912893,0.025,2
24.022505532956497,4.574354237255106e-09,3.91180726679755e-06,10.548890689549085,89.66557086116723,4.615889543273174e-06,-21.766777460152316,0.0,2
-1.5088757116434273,6.626760295403148e-10,1.9373315874269855e-05,16.190409539487643,137.61848108564496,4.643737655785221e-07,-29.63130831394201,0.075,1
10.691061836707028,2.7816923371736406e-10,4.367769597325878e-06,16.762309854916623,142.4796337667913,9.631021778957067e-07,-22.942487937884216,0.0,2
25.44401573073912,1.075995066809956e-08,5.1550461263997475e-06,8.435943148520265,71.70551676242223,6.708169265592969e-06,-21.97935539834065,0.0,2
-4.0830722287231564,2.647993683289416e-10,1.3610717550458144e-05,18.9082990596561,160.72054200707683,8.523301855145169e-07,-18.69830826118172,0.1,2
31.72890145837503,3.919669951004817e-08,4.641960305220409e-06,5.4862752887919175,46.6333399547313,1.9124764676521798e-05,-17.91699708840826,0.0,2
5.683426282555058,1.3874804275094246e-10,5.157364386598754e-06,18.73324102935555,159.23254874952218,4.192620772185537e-07,-26.624441065013535,0.0,2
14.3892743757931,2.873800538877512e-09,9.360070023692389e-06,11.474132995103787,97.53013045838219,3.943567610498125e-06,-20.727806633932598,0.0,2
0.2986281451834388,7.631344182759318e-10,1.813978007665145e-05,15.663982762448143,133.1438534808092,1.7676461849559045e-06,-19.213417614564644,0.0325,2
23.492760362246038,5.059387711095258e-09,4.633012382299839e-06,9.663448953279719,82.13931610287761,2.8029184996084105e-07,-46.292827405622404,0.0,0
-4.053602800488539,4.657969031177522e-10,1.8489873974281474e-05,17.66490867164817,150.15172370900945,2.5647597796747665e-08,-51.6951961374278,0.08249999999999999,0
-1.5846463468008853,2.329516199633577e-10,1.1275559680435457e-05,18.875308644965276,160.44012348220485,3.3632683020467417e-07,-28.05427958691842,0.1,1
22.341187111703743,1.897303266181083e-09,3.0959318608993815e-06,11.822240826970475,100.48904702924904,1.2861649230462342e-06,-28.553792100194517,0.0,1
-4.3757494759669475,2.473146060887844e-10,1.3062105386250854e-05,19.421259187093057,165.080703090291,2.452321187998686e-07,-29.081735919585817,0.11000000000000001,1
23.740780400997576,6.936782684893544e-08,1.6332875459439574e-05,4.485708448724231,38.12852181415596,1.5001976263948117e-05,-23.223989160226655,0.0,2
19.455084695311243,1.6163207550422395e-08,1.3416515023182679e-05,7.521881162736029,63.93598988325624,8.654855046514047e-07,-42.03068837773117,0.0,0
-1.6840750006931835,2.2807053152842275e-10,1.1882434958752837e-05,18.69903705528579,158.9418149699292,4.1266254798853564e-07,-26.324893760566283,0.0575,1
6.944100810198657,4.634926652656257e-10,8.420625639871542e-06,15.90606447105123,135.20154800393547,1.3459901550828693e-06,-21.81369810959648,0.0,2
27.15583698306085,1.1893314134350836e-08,4.671357585767312e-06,8.125202826404456,69.06422402443788,5.695251333488245e-08,-64.50914477438954,0.0,0
14.93671979320194,9.008123120389392e-09,1.5834640165306847e-05,8.977895341549857,76.31211040317378,7.274260633198762e-06,-20.453398644875683,0.0,2
9.657850573527375,5.155612686503231e-10,6.480334243569987e-06,14.959321522015234,127.15423293712948,2.226173630568337e-06,-17.2152353302174,0.0,2
2.948100626453192,6.781569681003572e-10,1.4963948227090115e-05,15.260661781249457,129.7156251406204,5.551038023058217e-08,-50.42825655264422,0.0025,0
5.516184539008808,7.037296139884528e-11,3.839276387173731e-06,19.47414151615537,165.53020288732063,5.479395962083052e-08,-41.30180306688323,0.0,0
11.389393186328004,4.490155575493873e-09,1.6901165631009145e-05,10.598564942040515,90.08780200734437,2.9715285570855795e-06,-25.37244626623524,0.0,2
5.849923885091477,4.071487161680939e-10,9.005171182050327e-06,16.244444701369616,138.07777996164174,5.624039261795377e-07,-29.176486249161037,0.0,1
0.0205847350312045,7.752851640357967e-10,1.8584461174216867e-05,15.82978069966044,134.55313594711373,1.891593338648744e-06,-18.816457542384665,0.05,2
-5.074641267406211,3.3221402861346677e-10,1.5679920988620105e-05,19.23703649382021,163.51481019747177,6.375754519138638e-07,-21.812687674380697,0.1375,2
3.7751939555184535,1.6054300347589107e-10,6.602914667404221e-06,18.487181980791544,157.14104683672815,9.193001007519791e-07,-19.996113081203973,0.0,2
20.603746648260643,4.69847222310833e-08,1.9473523955691505e-05,5.335813418588325,45.35441405800076,9.930281548512214e-06,-25.190888583155342,0.0,2
33.270649849163675,8.046337952891609e-09,1.628486855280111e-06,9.253852850869453,78.65774923239036,2.2216398191621913e-06,-30.87763460567237,0.0,1
13.924199360508368,7.54141371755911e-09,1.7019139390858933e-05,9.383009222335946,79.75557838985554,5.564594232059053e-07,-42.414404053461965,0.0,0
16.250454736808752,3.2328873181147847e-09,8.268412059747207e-06,11.075225588723008,94.13941750414557,3.1224783514323977e-06,-23.318662360184994,0.0,2
7.098143272741725,1.713409653848817e-09,1.6255681200126054e-05,12.598737127113097,107.0892655804613,1.6237798240760416e-06,-25.53214051283312,0.0,1
-1.0813428026111764,3.4744832982535475e-10,1.384953894492924e-05,17.566007080514847,149.31106018437617,2.512487254764707e-07,-32.4494756816513,0.045000000000000005,1
7.563038540104667,1.1366373625918035e-09,1.2807841518839668e-05,13.984784130039996,118.87066510533997,1.4366055245355572e-07,-45.690376705184484,0.0,0
20.919624857094746,3.219073739602579e-08,1.527628873726894e-05,6.470098098303459,54.995833835579404,1.3550403514615658e-05,-21.030662919678015,0.0,2
-1.263965593629591,4.130496477706391e-10,1.4956168688489803e-05,17.14015581311055,145.6913244114397,3.484891566463612e-07,-29.900610938539618,0.0725,1
15.118401079171981,1.2014012407649409e-08,1.849010787034519e-05,8.34507951409629,70.93317586981846,2.0113927273296973e-06,-33.51923930625447,0.0,1
24.33265052970812,3.0416065519920036e-08,1.0306065646003686e-05,6.536657264509339,55.561586748329375,4.854706869505421e-06,-30.081685957384153,0.0,1
13.117240434347057,3.5215626964373703e-09,1.194890769188268e-05,10.919004400957322,92.81153740813724,5.580905184756026e-06,-18.228014674876285,0.0,2
6.032036673576896,1.3486156626879132e-09,1.6366449737248167e-05,13.457724571871887,114.39065886091106,1.214586217474998e-07,-47.57789314114605,0.0,0
7.606119747416017,2.2416325806930963e-10,5.550687808657461e-06,17.501252522789382,148.76064644370976,2.731335114532987e-07,-33.00520680788816,0.0,1
19.895461553846935,1.0344840979664052e-08,1.0016151680919376e-05,8.561573592080567,72.77337553268482,2.500208415154839e-06,-30.72021960257469,0.0,1
25.879268612800644,1.0449756132766023e-08,4.934163745443216e-06,8.35461010959883,71.01418593159006,3.689053370898803e-06,-27.24436235224765,0.0,1
24.83862428233516,1.09502319097013e-08,5.883903519156369e-06,8.402215455601015,71.41883137260864,7.256917920481965e-07,-42.01843711285112,0.0,0
15.935772889662614,7.090637109910909e-09,1.3228804087615115e-05,9.766493147629161,83.01519175484788,9.468906719565839e-08,-57.87012638459474,0.0,0
27.180799732814364,3.8726231668812354e-08,8.208453244945261e-06,6.0521357537979545,51.443153907282614,9.477351908148183e-06,-25.272468436408644,0.0,2
15.522842811823722,3.895838754961399e-09,9.623971333746376e-06,10.280634275603035,87.3853913426258,5.632167124302553e-06,-18.42815310314329,0.0,2
12.555826899820104,8.364956341413145e-09,1.954110555934638e-05,9.468884830525838,80.48552105946963,8.7018636095601e-06,-18.707323932937097,0.0,2
28.78156461903923,4.3888903709008825e-08,7.432616682270377e-06,5.396695652056289,45.87191304247846,4.4007549183093225e-06,-32.151300675063304,0.0,1
15.799061972219468,5.245630132875759e-09,1.139237663830048e-05,10.097675369579527,85.83024064142597,2.1347295858898248e-06,-29.299744281606635,0.0,1
15.160465992203097,1.9915222870847664e-09,7.461217648428657e-06,12.013499089580405,102.11474226143343,1.530229058852881e-06,-27.470085528517032,0.0,1
24.9125410860485,3.05376949260805e-08,9.419264192549235e-06,6.481035155851493,55.08879882473769,9.971251063772983e-06,-23.511580483512166,0.0,2
-0.3238065704174784,4.144931232692109e-10,1.4261956429152539e-05,17.426602663019718,148.12612263566763,1.1099132774581222e-06,-20.76304392614119,0.019999999999999997,2
13.833137790087942,7.666354946941257e-09,1.6358957465490655e-05,9.754915812405953,82.91678440545058,7.901417641248392e-06,-19.393265074670957,0.0,2
-3.0318518508494883,5.559434815070537e-10,1.9075651823675682e-05,17.243023578803612,146.5657004198307,8.366366939672281e-07,-22.989663422697866,0.20500000000000002,2
15.760892315052764,7.835665571425247e-09,1.4154819915317485e-05,9.094549424526582,77.30367010847596,6.162359431934715e-07,-41.794827443067284,0.0,0
4.101828964149413,7.789273951901375e-11,4.464599813044462e-06,19.355264260053943,164.51974621045852,3.771023345522996e-08,-44.11021834006903,0.0,0
20.242666940289723,1.1050183588100749e-08,1.0045011807044887e-05,8.417764121340198,71.5509950313917,1.0726074885362817e-06,-38.304470192216826,0.0,0
2.4280697871065278,4.500556004869182e-10,1.2917558183242725e-05,15.974975360069251,135.78729056058864,2.5536061496756556e-07,-35.09701875314071,0.0,1
6.76981949103941,6.543420311472366e-10,1.0503527630946607e-05,15.30879360823081,130.1247456699619,7.352124177069319e-08,-49.01414859518958,0.0,0
7.008652135394104,1.1179541198608537e-09,1.346892531369018e-05,13.770424231043803,117.04860596387232,3.2941872198981445e-07,-38.165427968004416,0.0,1
7.9916967917676835,8.496533544994816e-10,1.0934675144909467e-05,14.135858040177343,120.15479334150741,2.5688934127654027e-08,-59.08209542332871,0.0,0
17.5944099884046,2.165270548171798e-08,1.8720162986581395e-05,6.7873003946960395,57.69205335491634,5.173964343854629e-06,-27.3244267108406,0.0,1
18.388366927958376,1.2709484194010961e-08,1.2961638882016452e-05,8.287709905654783,70.44553419806566,5.352268744210051e-06,-25.011579531341862,0.0,2
14.713949882902151,4.689050715747365e-09,1.2306549854779455e-05,10.265222139879823,87.2543881889785,2.95461802557284e-07,-45.90130582749428,0.0,0
4.20808126232355,2.806458761940205e-10,8.896146118018144e-06,17.03864311658074,144.82846649093628,1.076730365666494e-07,-41.57441186364966,0.0,0
24.317250772333768,3.8647238567503015e-09,3.588825874857862e-06,10.709495447763008,91.03071130598556,9.268173811609762e-07,-35.115470216800425,0.0,1
14.898859961509185,6.646591420087464e-10,4.294627392593584e-06,14.557641963566562,123.7399566903158,1.1202683361741595e-06,-25.71473944315681,0.0,2
13.96639813835089,2.9068158000098724e-09,9.794813851344821e-06,11.535302578843911,98.05007192017325,5.157752506615609e-06,-18.263581962363997,0.0,2
-3.4514961758349387,2.596181912107107e-10,1.3511233183445987e-05,19.068904457913167,162.08568789226194,1.835062984118598e-07,-32.77361105805555,0.18,1
13.045513706773807,5.4951684324910304e-09,1.5761610152706216e-05,10.11389338545391,85.96809377635823,2.2079736761347635e-06,-28.87267883475541,0.0,1
9.389538246301672,7.274793818924765e-10,8.606077540079297e-06,14.508072571273122,123.31861685582153,1.4065640162193006e-07,-44.37520570125634,0.0,0
-0.28327058648596926,3.73167167896668e-10,1.378199738087307e-05,17.358490794660224,147.54717175461192,1.0880238031911221e-07,-40.5260304311724,0.015000000000000001,0
11.117446256720413,1.0824461975212054e-09,8.703101258664767e-06,13.079974803811545,111.17978583239812,9.470727081620266e-08,-48.77721618456456,0.0,0
21.616009063958508,3.11404047876701e-08,1.3541143569124987e-05,6.358481731967436,54.047094721723205,1.7172355948903884e-05,-18.498177512535683,0.0,2
-3.632400780140217,2.011377730904351e-10,1.1744865008372703e-05,19.59688496235482,166.57352218001597,6.667291508922737e-07,-20.05182610709586,0.11249999999999999,2
11.718215010652173,2.487402031584898e-09,1.2452588766748461e-05,11.876150990268963,100.94728341728619,3.7617317093599975e-07,-41.15214806865916,0.0,0
21.755446851485733,7.440965657531587e-09,6.919732703085165e-06,9.171350636467611,77.95648040997469,7.892083785842501e-07,-39.603225814271134,0.0,0
3.5463480594461902,1.0236756360184893e-09,1.7745135766221636e-05,14.266998538318507,121.26948757570732,1.4991935486040847e-07,-43.939605567490005,0.005,0
39.849372110325724,4.9490601820133105e-08,1.8576032832392472e-06,5.4951460354718495,46.70874130151072,2.0555723646216885e-05,-19.004929337757584,0.0,2
27.37844468211032,1.6721230113639378e-08,5.42389032805936e-06,7.674456805942086,65.23288285050772,1.1525905577733598e-07,-60.088912961688365,0.0,0
28.908468072329455,7.711058695663078e-08,9.84275094990867e-06,4.4465618478456115,37.7957757066877,1.3770087556405073e-06,-45.05506060707401,0.0,0
-2.158273389324081,2.6835065496377567e-10,1.3092862439657646e-05,18.1622226876299,154.37889284485414,3.8008705223524333e-08,-47.143763453846205,0.047499999999999994,0
12.399713208015262,3.548083781945229e-10,4.207300865087319e-06,16.18171519044647,137.54457911879499,4.0872921755420106e-07,-31.9101457390078,0.0,1
20.341431210758106,6.659763677566796e-10,2.071464407677758e-06,14.952550171595949,127.09667645856555,2.4181846645312246e-06,-18.891556487840948,0.0,2
14.983794718745504,1.5225138672557088e-09,6.736596506885907e-06,12.490156965014004,106.16633420261904,1.4178291911859335e-08,-67.15004704427282,0.0,0
15.49060172877706,9.652094014314489e-09,1.6293811814642455e-05,8.828121823177353,75.0390354970075,1.4850201252532073e-07,-55.13327027116677,0.0,0
8.240245498502203,2.210363506665186e-09,1.69877625307987e-05,11.93149315855356,101.41769184770526,1.1690153775889193e-07,-50.24222095832947,0.0,0
4.726903422707379,8.096605953737646e-11,4.3186065518638e-06,19.871508898457865,168.90782563689186,5.336103307581212e-07,-22.124807845508844,0.0,2
5.645989458082382,9.294678613050282e-10,1.4162623118998914e-05,14.234785930855047,120.9956804122679,1.9209586903141317e-07,-42.079457485566074,0.0,0
8.77842123374057,3.7069581340515994e-10,6.520147516802388e-06,15.683790571688883,133.3122198593555,6.387207853863475e-08,-47.41268191906194,0.0,0
11.20351418279748,4.7180919285230065e-09,1.7349541058269778e-05,10.493010940233198,89.19059299198219,3.843321746066746e-06,-22.97867362400213,0.0,2
-4.811522943927362,2.2762843735017077e-10,1.3229383764002486e-05,19.799372745688327,168.2946683383508,5.820997817973943e-07,-21.167549571710182,0.1325,2
21.630020405356298,4.730274318459636e-08,1.6783577111211055e-05,5.288938682317189,44.95597879969611,2.179480911583399e-05,-18.0832218596798,0.0,2
29.06953607845344,2.690684602584034e-08,5.515210408877522e-06,6.043289956321523,51.36796462873295,6.593236856532709e-06,-26.063711146316756,0.0,1
23.36667282032493,9.785671365968749e-10,1.7828025899139372e-06,13.617827469162757,115.75153348788342,1.543560814863405e-06,-24.535599531465692,0.0,2
23.46303959721425,5.038560749995035e-08,1.4963367345180621e-05,5.046360996091078,42.894068466774165,9.225337781118728e-07,-46.56398187098446,0.0,0
30.296366835398736,5.4972724888984236e-08,6.582731834929272e-06,5.113062425550682,43.461030617180796,2.2531351451324266e-05,-18.5446415954544,0.0,2
8.422461942163457,1.2451357135528917e-09,1.2460659446159662e-05,13.357269169974217,113.53678794478085,3.891197119816101e-07,-37.41445909936898,0.0,1
5.4086552590577055,1.5161171457883316e-09,1.800659338739582e-05,12.85091638334822,109.23278925845987,2.0964317104391734e-07,-42.306685846497984,0.0,0
27.78009195593334,2.2443712694518034e-08,5.986247584875874e-06,6.9804546576657005,59.333864590158456,1.3929899514543084e-06,-39.68285901284411,0.0,0
9.57147257327253,1.7726709836271037e-10,4.0929929457258485e-06,17.084201396686968,145.21571187183923,8.015734899712896e-09,-62.18811677370048,0.0,0
11.060482194481345,4.723858441572416e-09,1.8169492524745636e-05,10.531732048847083,89.5197224152002,1.8759221101548616e-06,-29.61965540213162,0.0,1
5.851770981951896,2.393012450984253e-10,6.771196514099286e-06,17.081097434023405,145.18932818919896,3.597053177604007e-07,-29.97342455472063,0.0,1
2.5269725971349413,3.910977428509991e-10,1.1454142823175022e-05,16.297741610894747,138.53080369260536,1.8093279420771444e-07,-37.05859998544319,0.0025,1
19.842755254514298,3.352191789040734e-08,1.8003742936454612e-05,5.735568746074323,48.752334341631745,7.06594090004457e-06,-26.46598217278486,0.0,1
25.39850070776296,7.109987144063075e-08,1.3361838892019245e-05,4.524808820086115,38.46087497073198,2.4661234903142022e-05,-18.828462744083257,0.0,2
33.45864213627893,1.2754189339032844e-08,2.174691962560673e-06,8.060193467409206,68.51164447297826,4.1736571978208793e-07,-47.55949076315352,0.0,0
22.934316691838788,5.803696789503518e-08,1.622804285896572e-05,4.688012782981371,39.848108655341655,1.839181890619557e-05,-20.271310607109495,0.0,2
15.311879714268859,3.04302144264311e-10,2.759539281201166e-06,16.408709490551452,139.47403066968732,1.483733749372308e-07,-40.16347686811204,0.0,0
17.837502457617784,4.3070661418082944e-09,7.966972147982651e-06,10.150617778351277,86.28025111598586,3.122572878773569e-06,-24.279716468036675,0.0,2
6.65001494214016,7.559438059763095e-10,1.144840822174028e-05,14.65105329075301,124.53395297140058,2.0380910721923636e-07,-40.41479158213028,0.0,0
26.435157468621888,3.034044285071958e-08,8.183206062075138e-06,6.07197948617522,51.61182563248937,1.3287748823856666e-06,-41.11471104585434,0.0,0
25.865892140365027,2.0637725272928922e-08,6.930930590616008e-06,7.065379490588535,60.05572567000255,8.821370947243951e-06,-22.601369106831903,0.0,2
27.769376386066867,7.973389328495197e-08,1.1338341888025205e-05,4.254804132869459,36.165835129390395,5.436936615110055e-06,-33.15184431351789,0.0,1
16.008515695733518,3.549134591612894e-09,9.11269267052924e-06,10.639344330671705,90.43442681070948,1.5753957145906665e-06,-29.763713450615242,0.0,1
26.738780839816982,4.242312704013675e-08,9.010692599299171e-06,5.718415284478066,48.606529918063565,1.1913099317858434e-05,-23.32714618141329,0.0,2
27.669795848699053,5.326033359729574e-09,2.6798583810416173e-06,10.262868793587545,87.23438474549414,4.944430672532517e-06,-21.857072848416305,0.0,2
17.543693283038472,1.6208858032399844e-10,1.2185303896097696e-06,17.65788809978498,150.09204884817234,1.1234247277787965e-06,-19.500690302981877,0.0,2
1.2979019119883952,7.907983382541072e-10,1.816227923072446e-05,15.113261963441103,128.46272668924937,3.984600232668591e-08,-53.06682864915828,0.0075,0
37.86566452814349,3.765528813083193e-08,2.1324334513566365e-06,5.8416202854013015,49.653772425911065,1.4028374806460828e-05,-21.16349350009559,0.0,2
7.399067280956934,1.5269076745488407e-09,1.5255278113374256e-05,12.67421773995905,107.73085078965192,3.5149009106705144e-07,-38.82491314285015,0.0,0
-2.6009748359693416,1.3607521380856714e-10,9.282889465758437e-06,19.66252073314743,167.13142623175315,6.05105312282599e-07,-19.53550924517154,0.037500000000000006,2
7.21044712343083,1.0411539880414854e-10,3.843315770274896e-06,18.85645020034703,160.27982670294978,5.659048632438916e-07,-22.901406373572712,0.0,2
-8.438150420129348,3.7771851614154866e-10,1.782754512328006e-05,19.765257408666354,168.004687973664,1.2314728463915704e-07,-33.097767134878794,0.25,1
31.490254457912947,8.496609732508677e-09,2.2300984658185945e-06,8.73427618690164,74.24134758866394,5.1993479785797e-07,-43.36989791356996,0.0,0
7.753869673089251,1.6298790800579184e-09,1.448921879991857e-05,13.08231330610901,111.19966310192659,3.5112766208524765e-06,-18.93959715912805,0.0,2
31.42124408100041,1.5279390144520165e-08,3.1575550015157624e-06,7.204560871710996,61.23876740954346,2.439141978657789e-07,-52.56269068788089,0.0,0
19.816727800917675,1.7857367669892223e-08,1.3153576672594887e-05,7.2948891499600865,62.006557774660735,5.133843178883001e-06,-26.69891981683843,0.0,1
36.818762342987846,7.106446405926463e-08,3.710420431900801e-06,4.238975157384643,36.03128883776946,1.1371266786649196e-07,-66.09257405940788,0.0,0
21.470480991630566,3.47811564927729e-08,1.553850917475888e-05,5.921707667673473,50.33451517522451,2.441459482227801e-06,-36.44350957307368,0.0,1
32.59781173925995,7.02911730789667e-08,6.1134020419518955e-06,4.402305974078863,37.41960077967033,1.2730578855806476e-06,-45.16583093992988,0.0,0
24.86151343135804,2.19160742033106e-08,8.174408745948245e-06,6.311341655929929,53.6464040754044,5.9124093955243174e-06,-26.092714697712527,0.0,1
17.679045507018316,1.1207493808367184e-08,1.3529060690419336e-05,8.415986136109007,71.53588215692655,1.5996944520108519e-06,-34.82214237551004,0.0,1
-0.0807913431058798,4.004303961139213e-10,1.351252171778538e-05,17.034960500329355,144.79716425279952,1.0564706043719117e-06,-20.647616072330187,0.045000000000000005,2
25.11872261966395,7.313362395178037e-08,1.4715330162930443e-05,4.3329503863421825,36.83007828390855,5.270419311438174e-06,-32.95031899405094,0.0,1
21.364585473255456,2.3256956339786476e-08,1.2221852837699482e-05,6.649111407452506,56.5174469633463,1.1793035545048864e-05,-20.006899589360984,0.0,2
5.272324917010989,1.1576914124193746e-10,4.994078952753913e-06,18.95588745573141,161.125043373717,2.834614370955506e-08,-49.36789233288624,0.0,0
7.596641484286666,1.3662181135181755e-09,1.333997397998649e-05,13.475812096164024,114.5444028173942,2.990250929127388e-06,-19.29208097781324,0.0,2
10.878822284381904,2.0007558353186128e-09,1.2218112700005494e-05,12.297429358843372,104.52814955016866,2.509713145819099e-07,-43.62545069627139,0.0,0
13.297329138321956,6.639706993932282e-09,1.607151650077379e-05,9.903755434536224,84.18192119355791,7.04561783286358e-06,-19.3003355531672,0.0,2
8.459046897862542,1.9664701566873083e-10,4.732215969797423e-06,17.586935176243866,149.48894899807286,6.539697807255391e-07,-24.759063913735062,0.0,2
26.94283280634614,2.813227791638837e-08,7.202453652028952e-06,6.363298189066221,54.08803460706288,8.016810021699439e-06,-24.988325304901316,0.0,2
17.822997204731493,1.9585774539070533e-08,1.6935748262315305e-05,7.330750684036812,62.31138081431291,9.761269998755116e-06,-21.364710292003135,0.0,2
9.121258148940278,4.0903505127575227e-10,6.337953807125457e-06,15.861334626433027,134.82134432468072,9.264244267414717e-07,-24.80981630039726,0.0,2
8.983990110855025,2.0308338649065136e-09,1.400178581967687e-05,12.529972702581379,106.50476797194172,3.893899996551634e-06,-18.78128692538844,0.0,2
-1.0137173693637826,3.03825597865327e-10,1.2662860206388383e-05,17.531959651053608,149.02165703395565,1.087743788677621e-06,-18.38317190403719,0.0125,2
15.145348746759549,1.1719673554613507e-08,1.8555185989402127e-05,8.590634695025447,73.0203949077163,2.483398268145374e-07,-51.75789210169703,0.0,0
31.30258271472846,1.687047169212168e-08,3.378697965778079e-06,7.329850491366935,62.30372917661895,4.6717305628440184e-07,-47.56814504392259,0.0,0
5.603629441475314,1.6237343754783274e-09,1.8351708497281765e-05,13.176361511035863,111.99907284380484,2.988399350836255e-07,-40.240783213207536,0.0,0
-6.499132006368084,3.9917411845459534e-10,1.808994388455654e-05,18.9823574877585,161.35003864594725,3.541740914944639e-07,-26.25047674787758,0.12,1
7.649313059784001,1.4135318607818222e-10,4.392798846804252e-06,17.998707553839502,152.98901420763576,1.3869189290118177e-07,-36.5687026027298,0.0,1
7.293918326712898,1.1325304724511297e-10,3.916268431167944e-06,18.55322080294635,157.70237682504398,7.926243033337019e-07,-19.993079085631045,0.0,2
6.913092716932917,4.094522112358892e-10,7.80940958562874e-06,15.69820127363532,133.43471082590023,1.956736929058869e-06,-17.454786408042118,0.0,2
10.191831397651232,1.2247798225376363e-09,1.0059246823511092e-05,13.598015448260961,115.58313131021816,1.2550861102846652e-06,-27.288667887151952,0.0,1
3.6391554279367733,7.605433237113521e-10,1.4795792652679035e-05,15.049159998422073,127.91785998658762,7.997165806761973e-07,-28.015591309485337,0.0025,1
20.01045161229444,1.5429734913771147e-08,1.2122739987713366e-05,7.638890497378802,64.93056922771981,2.1690006842753995e-06,-33.861784443584575,0.0,1
10.189623918210351,3.84885470789111e-09,1.8289080750018116e-05,10.771637092096919,91.55891528282382,4.691108228909176e-08,-60.7145171419543,0.0,0
-3.4149887372834664,4.4254089084830467e-10,1.7531186239780263e-05,17.84234420396113,151.6599257336696,2.5736981384737732e-08,-52.23632349739006,0.1125,0
18.43848541607823,4.2332882938995e-09,7.5131738897659625e-06,10.25045353628322,87.12885505840738,1.6786148003328236e-06,-29.969816525160823,0.0,1
9.097587144057465,3.613532204897266e-09,1.9036900624499588e-05,11.009749678654934,93.58287226856694,3.954301448626508e-06,-21.44038136330956,0.0,2
10.227887614271383,2.3907768992527913e-09,1.4171073390494588e-05,11.62730505781504,98.83209299142783,4.252955237850471e-07,-39.26417309325413,0.0,0
19.969730720076818,5.304553057147415e-09,6.911377451720183e-06,10.391638250938621,88.32892513297828,3.8419922244014025e-06,-24.404363699261733,0.0,2
23.310287788630347,5.24646130663438e-08,1.5303699258587495e-05,4.753702442369153,40.40647076013781,4.856398136250286e-06,-31.82954292577214,0.0,1
1.1609741506434659,2.4917578543335414e-10,1.0153046557546795e-05,18.223341912740494,154.89840625829422,9.061417756780555e-08,-41.49573504933804,0.07,0
15.787242118283956,4.3016335705083394e-09,1.0411382833184537e-05,10.271843301977766,87.310668066811,4.938807780132508e-07,-40.88089159156076,0.0,0
-2.7085524237542775,3.2079373405993966e-10,1.371364970543304e-05,18.59260918803426,158.0371780982912,9.301031435415204e-07,-19.65320993463148,0.1325,2
6.689218896966703,8.2412621055517e-10,1.149845948151368e-05,14.096551191458637,119.8206851273984,1.9706497667171855e-06,-20.363606384464784,0.0,2
20.22922966980007,8.682793999677779e-10,2.5989287602245924e-06,13.843841756194564,117.67265492765381,1.0454386608375284e-06,-27.37790504305184,0.0,1
6.51755475030793,1.330846307931686e-09,1.5214368512183048e-05,13.175385144381245,111.99077372724058,1.2191993751994725e-06,-26.915447081506652,0.0,1
11.812729338995887,1.819169856443045e-09,1.0410487450653172e-05,12.520359846204194,106.42305869273565,7.022703570476892e-07,-34.11511178906915,0.0,1
6.196567812841794,2.0519113473119792e-09,1.9411326983507068e-05,12.595425255183343,107.06111466905841,1.3997752009887159e-06,-27.957588687866604,0.0,1
14.114255797874875,2.222934716045113e-09,9.04042099826848e-06,11.47082411927206,97.5020050138125,2.807502377681902e-07,-42.941746982324375,0.0,0
3.458828977937899,4.965512037363308e-10,1.2165250730603437e-05,16.066720244381138,136.56712207723965,4.92255989490686e-07,-30.44117850727703,0.0175,1
1.2659200768308878,1.5624970231071832e-10,7.907522968271052e-06,19.131556895579855,162.61823361242875,7.613992776559234e-07,-20.53975627877479,0.0075,2
17.634551926201617,2.3151896737390856e-09,5.9487539263682015e-06,11.644015173061995,98.97412897102694,2.2469470592966726e-06,-24.77317620560202,0.0,2
8.58326133971097,1.2965635454807338e-10,3.850995503640378e-06,18.161922334502343,154.3763398432699,3.1942134150700276e-08,-49.3800239878406,0.0,0
38.165107554399356,7.464935109656411e-08,3.1413516992589e-06,4.097169281854137,34.82593889576017,8.096261566999834e-06,-28.92739217741528,0.0,1
20.55501129325806,2.4291397786088563e-09,4.4540706044723445e-06,11.534342743950704,98.04191332358099,6.726232302208511e-07,-35.863242859843545,0.0,1
-2.212098274920267,3.177344876191409e-10,1.3883106246218236e-05,17.680245454594854,150.28208636405625,2.1264389203265173e-07,-32.323525614296884,0.1275,1
21.716126065439973,3.125636559522124e-08,1.3995069830083733e-05,6.29250707604869,53.486310146413864,6.596169761913586e-06,-26.94987383978814,0.0,1
3.193316522869813,9.539887209835525e-10,1.7462636200178222e-05,14.901783602695861,126.66516062291483,1.5452714676092796e-07,-43.242617859613105,0.0125,0
4.102593939097014,3.371758654239075e-10,9.430381295626813e-06,16.53961885464114,140.58676026444968,8.091984906580728e-07,-24.3837373433552,0.0,2
-1.6556645861022068,5.667589849285862e-10,1.7872588327992034e-05,17.153430476616347,145.80415905123897,1.3139366808307252e-07,-40.326903646743304,0.05500000000000001,0
22.6048617778185,2.9444471943691874e-08,1.1945850913463803e-05,6.127497969935597,52.083732744452576,1.4141195908545755e-05,-19.69721352294439,0.0,2
16.91834028088976,1.8655051326048257e-08,1.7982761253125584e-05,7.251624074049836,61.63880462942362,1.2501999662258768e-05,-18.462343566834583,0.0,2
20.171831269658384,8.552731826162567e-09,8.710313383257607e-06,8.751374979758104,74.38668732794389,3.6904110007280794e-06,-26.395840282451086,0.0,1
6.765040747064413,8.373745171830765e-11,3.7036257233311e-06,19.55778054713855,166.24113465067765,6.04747749255541e-08,-42.06723088629393,0.0,0
18.0331144920105,1.2293599160415907e-08,1.3214054814166348e-05,8.121170438978211,69.0299487313148,5.590715885700086e-06,-24.087910489723974,0.0,2
9.4940331430217,5.820454924675482e-10,7.573684055230721e-06,14.639644715017193,124.43698007764613,4.5415645883240887e-07,-32.57781863932522,0.0,1
15.257415930784992,4.072581748235471e-09,1.0167267569691204e-05,10.980157786916962,93.33134118879417,4.988193943653172e-06,-20.75471554447129,0.0,2
5.658811164339194,5.537287630176264e-10,1.0799430189629905e-05,15.084109100383808,128.21492735326237,3.3287610978192917e-07,-34.43162325092744,0.0,1
11.652367292636384,6.719625442948268e-10,6.433123948553285e-06,14.101670409773124,119.86419848307156,2.202430266262372e-07,-39.479860527888356,0.0,0
14.872275311997756,4.466154907338463e-09,1.1497754618413999e-05,10.005287218812569,85.04494135990684,2.8808506873650684e-06,-25.39442874004283,0.0,2
11.599297365264682,3.4419530156968343e-10,4.397034514801543e-06,16.11022696296895,136.9369291852361,1.3848578556499516e-06,-20.715604856845687,0.0,2
12.258838235080567,4.0850348999114605e-09,1.4747063572647832e-05,10.289809807938255,87.46338336747517,2.713671628823781e-06,-25.188668997986255,0.0,1
15.013588724899034,7.101550152898667e-09,1.452000922761154e-05,9.223750748798322,78.40188136478575,1.4382515036288536e-06,-33.57144218894452,0.0,1
20.482332460705422,1.6763513775380088e-09,3.7215629364183363e-06,12.826846188770531,109.02819260454952,2.1614065795454157e-07,-44.76446463696605,0.0,0
-2.810189272274373,1.4234706528175804e-10,9.57762840576698e-06,19.92946000888958,169.40041007556147,3.217019907817792e-07,-25.371870308621226,0.10500000000000001,2
19.445223317835453,6.9555521505121595e-09,8.657355697097978e-06,9.496134297082879,80.71714152520447,1.6720964453680915e-06,-32.78739939088492,0.0,1
21.471777825310674,1.8472305050388e-08,1.106159160753949e-05,7.470229049775561,63.49694692309228,4.842356806218673e-06,-27.60737396405645,0.0,1
16.532677969762833,1.2277476003316679e-08,1.6308427066474297e-05,7.768733335404599,66.03423335093909,1.378161810723181e-06,-36.60120989740133,0.0,1
3.638396311496119,1.4189736326306316e-10,6.487728993633368e-06,18.630267100144263,158.35727035122625,9.390937313307606e-08,-39.48146821336286,0.005,0
20.312350523858868,2.670111494757919e-08,1.4994097114918084e-05,6.612835252803311,56.209099648828136,1.0678270037021566e-05,-22.258679275672243,0.0,2
14.673010321319705,1.3987258406889958e-09,6.593310262484681e-06,13.04445356685676,110.87785531828246,1.3531466453730023e-06,-27.411955746566964,0.0,1
15.568087151343782,2.5158028658160025e-10,2.321537187337772e-06,16.683460208752653,141.80941177439755,5.092270406965814e-07,-28.402835945037808,0.0,1
6.528038257267493,8.246506110121028e-10,1.1800954072045826e-05,14.780647009498502,125.63549958073725,1.5973424686024448e-06,-22.968338468321093,0.0,2
15.660887453480434,4.595523636013221e-09,1.0607790113833018e-05,10.388944704237275,88.30602998601682,2.821931167256114e-06,-25.897252800781597,0.0,1
29.82110338109335,6.006867746768842e-08,7.662430155771865e-06,4.475172392037954,38.038965332322604,9.349890843842013e-06,-26.420046797954242,0.0,1
2.1510473514432262,1.3286117884805024e-10,6.729257663368528e-06,19.003579286912736,161.53042393875828,7.01999680398768e-07,-20.836669955194232,0.0,2
5.777438095593661,8.047607746992506e-10,1.2961989881590574e-05,14.08792451685921,119.74735839330329,8.497140011771924e-08,-47.95986788413269,0.0,0
25.408747823186246,7.345547648975187e-08,1.4086462480670878e-05,4.376707507212062,37.20201381130253,1.0188542410130184e-05,-27.081054298701854,0.0,1
13.351277828108032,1.9729837251737678e-09,9.214047397000477e-06,11.374769124273072,96.68553755632111,4.7202602473329665e-07,-37.38390122357342,0.0,0
29.76686567649923,7.112494666730979e-08,8.497496830372648e-06,4.4557594924775294,37.873955686059006,4.3096165585466915e-06,-34.784565453455556,0.0,1
6.124330602478286,1.3230751817033909e-09,1.5458560172006342e-05,13.397565630492815,113.87930785918894,1.7464472616906547e-06,-23.64542470905412,0.0025,2
-6.38615070724045,3.067964934973883e-10,1.5916627122777368e-05,19.906950529671533,169.20907950220803,4.355307798426016e-07,-24.14698603803053,0.18500000000000003,2
34.676853311589,6.18211197508627e-08,4.251428196271611e-06,4.710271799071084,40.037310292104216,1.541839322541065e-05,-22.370263370021387,0.0,2
23.056320066356943,3.074867333081881e-09,3.755953925844289e-06,11.23789032492745,95.52206776188333,3.9902013887531965e-08,-61.82770333286929,0.0,0
33.748718828715376,3.042133011469809e-08,3.383360550765798e-06,5.867558082337708,49.87424369987052,3.5885494312958515e-06,-32.21574792543984,0.0,1
18.91573250460858,1.5075682357397618e-09,4.193968240091931e-06,12.15113347150541,103.28463450779599,1.0426712872996728e-06,-29.49150356291378,0.0,1
2.0962033221243184,3.412957015780094e-10,1.081981481365562e-05,16.997436272120307,144.47820831302258,1.457393204675039e-06,-18.352699277964998,0.060000000000000005,2
-0.759945384815779,7.193397071015961e-10,1.9709158482240332e-05,15.878689376958409,134.96885970414647,7.091111866175137e-08,-47.02602369488077,0.09749999999999999,0
4.016579888675946,1.3772101635632128e-09,1.960195769423075e-05,13.80401166468917,117.33409914985796,1.4445975158830953e-06,-25.58452159078427,0.0,2
22.628258168809676,7.461967319381569e-08,1.8699668890808798e-05,4.178594066937656,35.51804956897008,2.6146095153797483e-05,-18.11263078725831,0.0,2
17.35356479563938,1.0408278600971566e-08,1.2762804616991415e-05,9.067606136088576,77.0746521567529,9.377596367259558e-06,-19.223753401826883,0.0,2
12.597635838781901,2.1293174275304247e-09,1.0455118670102247e-05,12.229057509208497,103.94698882827223,3.4530227315942837e-07,-41.09866040038682,0.0,0
25.51641529508789,7.759494725202889e-09,4.541319324018249e-06,9.147170963021386,77.7509531856818,3.456918789085696e-07,-46.84403287065942,0.0,0
-5.15911224376735,4.441166679562964e-10,1.859804969562309e-05,18.144675736049518,154.22974375642093,7.630001931214125e-08,-41.28596528941455,0.0825,0
-2.9709985033149104,4.736242863690278e-10,1.728444573381686e-05,17.763657137427057,150.99108566813,2.2842668010822489e-07,-33.515929247475256,0.085,1
7.114685838518346,1.8977148978471007e-10,5.4863323129842216e-06,17.680679597673453,150.28577658022434,2.9949468149126956e-07,-31.55987901708176,0.0,1
14.885468356185186,2.375441285184031e-09,8.427864048150627e-06,11.63022142810513,98.8568821388936,9.735980063709268e-07,-32.28756934894161,0.0,1
13.813087925917468,5.44973884779813e-10,4.528420717695311e-06,14.385920869329665,122.28032738930216,7.732935060948702e-08,-47.651678570330816,0.0,0
12.84950649524851,2.449598276300848e-09,1.0700285615395112e-05,11.57619908299101,98.39769220542358,1.1940289162273066e-06,-30.44552307830709,0.0,1
12.709013985714414,1.7466252907881687e-10,2.7780868923172215e-06,17.257255932853962,146.68667542925868,2.8006431730552396e-07,-31.82836497289062,0.0,1
17.982135968163732,1.4215545220914881e-09,4.4361831681477555e-06,12.598550907238065,107.08768271152356,2.0970255446423944e-06,-23.1535524201451,0.0,2
23.42493358934358,7.479412865622263e-08,1.8197820916741653e-05,4.421732195755739,37.58472366392378,2.5273909974341285e-06,-39.58907720876062,0.0,0
18.643712505826326,9.776153580063148e-10,3.427054303503205e-06,13.417558026736003,114.04924322725604,7.896876130043212e-07,-30.156768701846893,0.0,1
15.86832416593705,5.277518014378379e-09,1.1388863696519086e-05,9.979206724616379,84.82325715923922,8.451089996021978e-07,-37.332244142756664,0.0,1
11.004638878196227,4.372965855129169e-10,5.444620599778481e-06,15.845335119397312,134.68534851487715,7.03901392550776e-07,-27.991728067127646,0.0,1
21.079501431450748,2.6595072328952856e-08,1.3854681997459235e-05,6.39348975148502,54.34466288762267,7.743529849366713e-06,-24.790887857345048,0.0,2
23.892090444011668,6.969682917412221e-08,1.6457844919686457e-05,4.503602296251926,38.28061951814137,7.256430900957678e-06,-30.092751918668622,0.0,1
17.065765204195337,2.9807367530839663e-09,7.4239613589330705e-06,11.2165647565484,95.3408004306614,7.067782564780507e-07,-36.26809716153459,0.0,1
17.261344903078605,7.1844785497850624e-09,1.1233246944912002e-05,9.160922946203653,77.86784504273106,2.8708741063184054e-06,-27.89955982632086,0.0,1
22.864452350728,2.2729538806856987e-08,1.0426759931614884e-05,7.145772096085169,60.73906281672394,6.380136887226079e-06,-26.36774795407888,0.0,2
18.87908653324309,1.584526432012919e-08,1.3816489554152807e-05,7.846947545347321,66.69905413545223,4.585319614534582e-06,-27.32473336287925,0.0,1
26.20068008389042,1.6945172290650302e-09,1.7379983631951308e-06,12.095448308013449,102.81131061811432,2.924591097484217e-07,-41.327249669993556,0.0,0
29.196494880575145,1.6416177981930312e-08,4.191475873280213e-06,7.595722838989291,64.56364413140896,4.9969582274610095e-06,-26.591071882176873,0.0,1
19.43215456296307,1.3344551091541513e-08,1.2195161543001716e-05,7.945346006626794,67.53544105632776,9.131412122472827e-07,-40.924683219003526,0.0,0
14.140820514537664,1.1245956237237378e-08,1.9267658852530686e-05,8.69683827297568,73.92312532029328,8.160733832556627e-06,-20.651411298665884,0.0,2
24.983758483538256,4.694410296697537e-08,1.1971651510835794e-05,5.025270696868105,42.7148009233789,4.852169240765314e-06,-31.493243038812317,0.0,1
18.87939847243617,2.0705364896275412e-08,1.5744037259230535e-05,6.797660318136628,57.78011270416133,5.627783685255174e-06,-26.21604535938441,0.0,1
5.4726601478899735,7.733810993062528e-10,1.2954885099244561e-05,14.53264025597626,123.52744217579821,2.3852461450498723e-07,-38.74702728813911,0.0,0
33.170720089056076,7.370116777798193e-09,1.4586252235785443e-06,9.679532717142921,82.27602809571482,6.945898516082452e-06,-20.42219689864246,0.0,2
16.023903086800154,1.6709751355478502e-10,1.6283613437959802e-06,17.837624654315444,151.6198095616813,9.138347384072999e-07,-21.127651450673408,0.0,2
22.863156751471976,5.007538691325669e-09,4.914582262984823e-06,10.306402547487425,87.6044216536431,1.1268926481911651e-06,-34.86872424496716,0.0,1
20.062070220127044,1.3859624029151937e-08,1.0896987136790068e-05,8.357064400883388,71.0350474075088,9.344470054020612e-06,-20.50519747243735,0.0,2
3.0719417360910746,7.995919207018455e-10,1.6026699564270985e-05,14.98716723148173,127.3909214675947,8.779182311080384e-07,-27.501498791291795,0.0,1
10.054293007209498,6.217894783973387e-11,2.025755025860642e-06,19.497354141011883,165.727510198601,5.744813421420826e-07,-20.53269419514864,0.0,2
8.106997661732924,4.6424497888934707e-10,7.4792757478693395e-06,15.79080976519341,134.221883004144,1.605352606064217e-06,-20.449567390853453,0.0,2
5.652188353254752,1.5248884193624668e-09,1.7575919098973924e-05,13.07819661787533,111.16467125194032,1.5112370422851652e-06,-25.6320576830801,0.0,2
-3.928348409784648,3.0032954085650665e-10,1.475723783200477e-05,18.92614393666252,160.87222346163142,8.131697006747592e-08,-40.18483956241228,0.14,0
6.883403869663903,9.841283693726668e-10,1.2764119763945394e-05,13.891308051375606,118.07611843669265,1.8295254859476143e-07,-42.39424682662417,0.0,0
18.159600169794132,2.437189912122592e-08,1.8113888800754438e-05,6.599537511937988,56.09606885147289,1.1399799601735986e-05,-20.591929608068593,0.0,2
23.101354668253116,3.781368122263733e-09,4.025435059130627e-06,10.809010294778012,91.87658750561312,2.860899242108415e-06,-25.235880972770907,0.0,2
27.282260039693583,2.277426492273459e-09,1.7885408406140076e-06,11.864582871929054,100.84895441139696,3.238439713569056e-07,-42.32612752710728,0.0,0
15.912768985071757,9.219821680565724e-09,1.5027953269408702e-05,8.845039972750774,75.18283976838158,2.5070670270395564e-07,-50.33786973905208,0.0,0
5.2209681744713,1.4939751021724901e-09,1.7867137724007112e-05,13.483553920876274,114.61020832744833,1.932247773324474e-06,-23.411119698455455,0.0025,2
21.625566095047066,1.1058275811730756e-09,2.391433783314116e-06,13.752521563309074,116.89643328812713,2.7020164701125605e-06,-20.28982995734442,0.0,2
23.48294973272043,4.8971689726365805e-08,1.4634939410189807e-05,5.256469768810668,44.67999303489068,2.397043559901454e-06,-38.4399605876197,0.0,0
-4.0709498598354985,3.494764437015692e-10,1.5437526812541617e-05,18.63545507742905,158.40136815814694,6.924153864341819e-07,-21.837299090836208,0.0825,2
23.56436357487816,1.9497033305861147e-09,2.5878787161235915e-06,11.95352026171713,101.60492222459561,3.3006604853845074e-06,-20.441745101931907,0.0,2
6.145756068084621,4.867948823583332e-10,9.605012195932754e-06,15.616582891696835,132.7409545794231,2.4246711063297435e-07,-36.986368552666875,0.0,1
18.65874555537399,1.679645856447334e-08,1.4692737721076778e-05,7.303353483344198,62.07850460842568,3.5758497279259156e-06,-29.619120474193608,0.0,1
26.606463770977133,1.0117053689937632e-08,4.266964826963385e-06,8.941440494067004,76.00224419956953,9.079875901905884e-06,-19.25649936859565,0.0,2
1.7352110166321983,5.054065473217623e-10,1.4091895211044613e-05,15.897855533103963,135.13177203138366,1.763303652017472e-07,-38.3631600263186,0.0,0
7.093035881688531,5.96700366491147e-10,9.35177419145557e-06,15.299870137017942,130.04889616465252,1.7282232996022673e-06,-20.71143243713959,0.0,2
17.659267447585876,6.426714592935448e-09,1.024653733505138e-05,9.745823971338964,82.8395037563812,1.1789570527077648e-06,-35.47382979929004,0.0,1
5.553748056896518,1.9749447718305786e-09,1.9355588749915282e-05,12.413192941001121,105.51213999850953,3.969346434879716e-06,-17.569935742920244,0.0,2
-6.12846899102059,4.1359361696290315e-10,1.840031336593376e-05,18.947429006266738,161.05314655326728,5.269668692320019e-07,-23.619993434861275,0.12,2
21.325885930664775,2.792757356440452e-09,4.365137418836099e-06,11.276986396807857,95.85438437286679,6.862159655895115e-07,-36.361158291442315,0.0,1
18.108392524994066,6.202374598338736e-10,2.7010953141222557e-06,14.617544603758724,124.24912913194915,2.2425929040894666e-06,-18.726405667000357,0.0,2
1.457941863561518,3.2069836308934627e-10,1.1585186209624224e-05,16.881942551135854,143.49651168465476,3.3130410489999815e-07,-30.75938664268204,0.0125,1
-6.773948920983631,4.705301185099549e-10,1.9469474380546285e-05,19.18952461591898,163.11095923531136,2.608173119980192e-07,-29.574861567040305,0.20500000000000002,1
14.60387361849757,3.2532694381653964e-09,1.0320815051807976e-05,10.656879049791872,90.5834719232309,1.7056402590777715e-07,-48.57766636375069,0.0,0
13.608984566937705,2.5531999309005384e-09,1.0097540410227401e-05,11.538364435724189,98.07609770365559,1.1361633976543087e-06,-31.308413333698383,0.0,1
13.952303558539324,1.065340080191905e-08,1.8763146210098983e-05,8.779482377527858,74.62560020898678,9.242458179075205e-06,-18.952198192332002,0.0,2
44.29555319513361,5.8811814788139836e-08,1.0499825873487668e-06,4.3025004298294425,36.57125365355026,6.794453679479631e-06,-29.036480903202445,0.0,1
3.677742457251,1.0260876805518137e-10,5.566671668609989e-06,19.13105466134063,162.61396462139535,9.139970423975195e-09,-58.34920530913732,0.0,0
20.169750267199085,4.318590000206715e-09,6.273381359014157e-06,10.8475796770813,92.20442725519106,7.213864677838149e-07,-38.41811877065917,0.0,1
22.516622937267435,9.688705803681206e-09,7.264826678725413e-06,8.710056489503032,74.03548016077578,1.9463509561349958e-07,-52.86833674301781,0.0,0
32.77519669774213,6.12675934415879e-09,1.4888634509041425e-06,9.34140172040434,79.4019146234369,2.4605221056140516e-07,-48.52894285396455,0.0,0
-1.0385378312907536,2.2120994778053022e-10,1.0953407287445638e-05,18.600602529146183,158.10512149774257,2.53817377382554e-07,-30.382383256341612,0.0275,1
10.271476058730592,4.045133393019471e-09,1.762355470214525e-05,11.058315441400255,93.99568125190217,5.192020156813611e-06,-19.710036097084856,0.0,2
41.689300400404264,8.165581932014089e-08,1.992060349450243e-06,4.0805149884744,34.684377402032396,2.12071459603445e-05,-20.727460791429515,0.0,2
-2.828667770225666,3.180469595006814e-10,1.4193149864734325e-05,18.584606661395835,157.96915662186458,7.662605846749627e-07,-21.59179841261311,0.045,2
-3.2937562029091714,3.8698258206604654e-10,1.6009619947643638e-05,17.955101528894424,152.6183629956026,3.2952251641995276e-07,-29.0430858106738,0.06,1
12.752490033906334,2.836972745485875e-09,1.1824425342562385e-05,10.99672546140268,93.47216642192278,8.590463268463035e-07,-34.10428061657089,0.0,1
15.84686365090622,5.824841504815154e-10,3.5395055662530704e-06,14.915234227262358,126.77949093173004,1.624058975604636e-06,-21.593083529331114,0.0,2
15.866704732040287,8.538622426809112e-10,4.372875387660696e-06,14.289227820161052,121.45843647136894,1.269872601077764e-06,-25.838374557467233,0.0,2
30.64885702798227,1.446067574736688e-08,3.3182262203134755e-06,7.288043360172536,61.94836856146656,2.937840700200528e-06,-30.464216893014612,0.0,1
4.576722812217441,2.430761643419467e-10,7.533501676773269e-06,17.217530662712303,146.34901063305458,1.086473390094387e-06,-19.991358659211052,0.0,2
4.48520951365729,1.4231553063178957e-09,1.8012073494953084e-05,13.732926220442494,116.72987287376121,3.0087824386004912e-06,-18.739552321391926,0.0025,2
11.36193702979485,5.961632770236753e-09,1.9180419274284412e-05,9.701819382322064,82.46546474973754,5.203318312303149e-06,-21.264478616119774,0.0,2
-4.385449090628659,2.845608212823601e-10,1.4552764641857109e-05,19.09089120876784,162.27257527452664,1.370714628541109e-07,-34.839424718022165,0.215,1
0.6177878633625221,3.3449469877445096e-10,1.2396909908460659e-05,17.150094054923766,145.77579946685202,6.153814760986146e-07,-25.459492430470508,0.015000000000000001,2
12.774948533984778,6.2097082178417964e-09,1.6730347813363445e-05,9.949748675191973,84.57286373913178,5.477662347251541e-06,-21.388914752237504,0.0,2
14.723082218765544,6.8631417696474525e-09,1.4768575533582494e-05,9.152403119623564,77.7954265168003,3.894361494522306e-07,-44.78689574113402,0.0,0
2.26189687817075,2.8632939945990276e-10,1.0304159344373406e-05,17.497944199881992,148.7325256989969,1.2187350636741767e-07,-39.91750265279232,0.02,0
24.361869643708815,2.4068124372071223e-09,2.6876773230381335e-06,11.738602830304977,99.7781240575923,2.4474058279972963e-06,-24.314661504302343,0.0,2
32.82960713460406,7.366328634587015e-08,5.827899528974674e-06,4.361915251931745,37.07627964141983,1.6594924335557155e-05,-22.517539880235105,0.0,2
10.567536103024352,3.393513975295999e-09,1.5459444607847563e-05,10.931472610627882,92.917517190337,4.5295603688006876e-06,-19.550923220545123,0.0,2
6.294203902791532,6.72682909265256e-10,1.0975534499698912e-05,14.968540397014511,127.23259337462335,4.78197723913554e-07,-32.45699309098183,0.0,1
20.13785415020742,1.1310600354967887e-08,1.0249214771804965e-05,8.582967483185541,72.9552236070771,1.5712658957799187e-06,-35.55112875361944,0.0,1
14.158849979357253,7.159335988374086e-09,1.6107426569333465e-05,9.379810829538043,79.72839205107336,7.858393019762098e-07,-39.029446638688434,0.0,0
18.74610671469042,4.321996840451499e-10,2.0915646226287875e-06,15.637167503262663,132.91592377773264,7.828712320418834e-07,-27.06924616703077,0.0,1
30.78881564305373,5.692295956145573e-08,6.652014010097383e-06,4.865384194504528,41.355765653288486,7.371225203066991e-06,-28.569689967003413,0.0,1
9.843091525278336,3.741629331558434e-10,5.758030921700949e-06,15.771677158794791,134.05925584975571,6.154312026296484e-07,-28.00684353706261,0.0,1
-7.20717174946325,4.6281643584597126e-10,1.9325531414455537e-05,19.187445375346275,163.09328569044334,3.246480661252707e-07,-27.012163530206195,0.14500000000000002,1
24.244821611430165,8.20141567729462e-09,5.412927637939485e-06,8.736453984870137,74.25985887139615,9.077533871203516e-07,-38.27703172047707,0.0,0
11.732417835596312,4.164721386087427e-09,1.5790381771053213e-05,10.721189900241098,91.13011415204933,2.0853257459835796e-06,-28.256386932954758,0.0,1
-1.9157531476296021,2.8438327529090165e-10,1.2851208160864732e-05,18.393179314936493,156.3420241769602,6.307154718223338e-07,-23.016350848388896,0.1125,2
18.973557770786208,2.7002281729910952e-09,5.493243246855081e-06,11.450344744861356,97.32793033132153,2.6321589265998377e-06,-24.207255785372134,0.0,2
35.39815580915783,2.740266942965306e-08,2.6234662782187677e-06,6.178070740874815,52.513601297435926,3.0381171751900514e-07,-53.60890141209985,0.0,0
15.825855132355146,4.0692576076904273e-10,3.062322340249722e-06,15.457522559641465,131.38894175695245,3.908530184998023e-08,-52.96330380926921,0.0,0
19.60365004664372,1.6018986103293317e-08,1.2895241648101273e-05,7.6608773921500815,65.1174578332757,3.2986767220975184e-06,-30.553145161858883,0.0,1
21.852872831822925,6.6889407577690214e-09,6.306274073876343e-06,9.559759232312153,81.2579534746533,3.5821745333524322e-06,-25.639020674884726,0.0,2
12.164161447766162,1.955208298313491e-09,9.909196886313408e-06,12.152795418915478,103.29876106078154,3.769376373391172e-06,-19.109007641645345,0.0,2
5.1740599767212725,4.973543013192501e-10,1.0454630320159344e-05,15.560595615890575,132.2650627350699,6.419989850230194e-07,-28.087920946977643,0.0,1
23.84457960849906,2.499673084803085e-09,2.806851387524596e-06,11.95741240824294,101.63800547006498,4.677687671693715e-06,-18.814385720635013,0.0,2
20.900987258709026,6.0991060311055045e-09,6.775057292831508e-06,9.73142815728783,82.71713933694656,2.5917310123766327e-06,-28.37115789181556,0.0,1
11.570643104328484,3.386440653244273e-10,4.549783086306142e-06,15.8928164199667,135.08893956971693,1.5431470527708455e-07,-39.94337686314102,0.0,0
20.96196434090505,2.6612712922786507e-08,1.4323059307189408e-05,5.9034238749277765,50.179102936886096,3.083358087903021e-06,-32.65924189950432,0.0,1
-3.7481264704726938,4.0672321034946147e-10,1.6753020697601074e-05,17.891471384988733,152.07750677240423,8.66116061369669e-08,-40.59872560773187,0.0625,0
21.790415948610125,6.742091233786165e-09,6.576516872148389e-06,9.188986632990781,78.10638638042165,3.2345963034548774e-07,-46.47619098323398,0.0,0
7.1990457545691875,2.2878001072274417e-09,1.8674442479094395e-05,12.261799586645964,104.22529648649068,2.2091571091422254e-06,-24.62977936908434,0.0,2
4.939551511803196,1.2054357952051105e-09,1.727141309565069e-05,13.415740820143341,114.03379697121841,2.041026905051052e-07,-42.09962740101591,0.0,0
9.422579255511895,5.732424950829903e-10,7.474305135555144e-06,15.176444893874075,128.99978159792963,6.55399775918259e-07,-29.757162947111215,0.0,1
16.792445632322078,7.699913936681285e-09,1.2097334168753524e-05,9.541467166598768,81.10247091608953,4.088070267128929e-06,-25.351844105385247,0.0,2
18.92672570525096,2.649934624795655e-08,1.8236435773099568e-05,6.326924100075404,53.778854850640926,4.884828912632946e-07,-49.271177223834755,0.0,0
18.71536410519949,7.357703512907716e-09,9.591479541051864e-06,9.501798847707702,80.76529020551547,2.497117590869912e-06,-29.442985224181278,0.0,1
31.256270459551686,7.2781992498301365e-09,2.107072740010124e-06,9.315347205786914,79.18045124918876,8.530395021020332e-08,-58.79889929715965,0.0,0
22.477555009920174,3.397077866407438e-08,1.3711372543744016e-05,5.829873917159485,49.55392829585563,1.4868473528087938e-06,-40.44854460066516,0.0,0
0.2580273587861386,1.4767596605612005e-10,8.286940563473924e-06,19.193502681616863,163.14477279374336,3.8823742966234676e-07,-25.87512456570751,0.024999999999999998,2
-6.5752100030289276,2.738457241895218e-10,1.4616602530376596e-05,19.98948970599979,169.91066250099823,3.76619411555788e-07,-23.981628380295522,0.11500000000000002,2
16.967900751894483,2.6614071238542483e-10,2.0520279117025123e-06,16.38250027141985,139.2512523070687,1.1063468338306644e-07,-42.081478217445145,0.0,0
17.754613336928614,1.608850048887777e-08,1.590811892041206e-05,7.635792251587931,64.90423413849742,3.2303349341335793e-06,-30.252544974650583,0.0,1
19.238672035335988,3.3991276273457895e-08,1.9379258278700116e-05,6.122897480454494,52.0446285838632,7.138179241089381e-06,-26.721713160499366,0.0,1
11.762379422977645,9.147075673619663e-10,7.504346178691159e-06,13.907477507318342,118.21355881220592,2.0417933959160114e-07,-41.949428654097986,0.0,0
28.91745788157809,3.155333240437085e-08,6.1599602638302006e-06,6.250975158941009,53.13328885099858,4.546090717607008e-06,-30.6038761563844,0.0,1
21.04460877781683,9.056735822571239e-09,8.192253407865405e-06,8.528808441826278,72.49487175552336,2.683047317813254e-06,-29.50787881835022,0.0,1
7.481726135338457,2.695879461995656e-10,6.348382132698426e-06,16.243203133094607,138.06722663130412,9.426896416499365e-08,-42.49238009187657,0.0,0
14.702628488568264,8.05899135072046e-10,4.99108375096559e-06,13.480189822275428,114.58161348934112,2.724490090535114e-07,-38.237958379047,0.0,0
27.818974803580716,6.990943623403944e-09,3.2334813433936393e-06,9.109250161198842,77.42862637019016,3.3562346278156735e-07,-46.441679823656735,0.0,0
7.093711000133101,1.3427179886888516e-09,1.4786130070079033e-05,13.010752296036518,110.5913945163104,1.2313932694740195e-07,-47.267096058710614,0.0,0
8.317421182745106,9.961167433838322e-11,3.3779529552043317e-06,18.436250720331337,156.70813112281635,2.5396885386071445e-07,-29.338133986570032,0.0,1
29.426561427227735,2.892882796784027e-08,5.310152552767457e-06,6.539991297322385,55.58992602724027,1.319807440212382e-05,-20.449525950607736,0.0,2
6.2459304457371045,6.326169728952375e-10,1.073404083151468e-05,15.33001156506127,130.3050983030208,1.0479437978360549e-06,-25.60160747219085,0.0,2
22.64444416498952,2.577976023120689e-09,3.325427555809421e-06,11.809168044671162,100.37792837970488,4.752693285319759e-06,-18.656837442118402,0.0,2
18.79794902153681,2.5357979553171077e-08,1.8097747441255566e-05,6.235423865982577,53.00110286085191,8.502641970535532e-07,-43.92952829983586,0.0,0
-2.619434645815169,4.564556733906969e-10,1.7202469084232e-05,16.727996420850474,142.18796957722904,1.2432368558498045e-07,-38.442769654967385,0.065,0
30.378320737264538,3.930915163051023e-08,5.900261125235406e-06,5.4011204751633235,45.90952403888825,7.774588523058751e-07,-46.59471936880567,0.0,0
6.336346848071928,1.41398242723879e-09,1.6262787690004166e-05,13.025470893539328,110.7165025950843,1.5567422286031327e-07,-45.31480554291712,0.0,0
26.11680243297875,8.584976593105393e-09,4.2689246374789194e-06,8.689754175994802,73.86291049595582,5.887151342257761e-06,-22.155284609979034,0.0,2
2.6618907879458202,5.957193346928722e-10,1.434581581676902e-05,15.497482589884482,131.7286020140181,1.033756311474997e-07,-44.24224459708094,0.0125,0
4.242579980319635,9.059846534306709e-10,1.5506375795952574e-05,14.181858115670734,120.54579398320124,8.675776173643877e-07,-27.7934230121603,0.005,1
17.21322369529455,1.8579656747665244e-08,1.8471307361758376e-05,7.173037087874881,60.97081524693648,1.7259719527415674e-06,-36.41509925890589,0.0,1
17.790690236747945,6.138128505262648e-10,2.9912711568560797e-06,14.895415078596983,126.61102816807437,1.2543104399845833e-07,-44.96112975263709,0.0,0
21.64501233262036,3.729874349721105e-08,1.5759423996107998e-05,5.410628105530908,45.99033889701272,2.6804537514540347e-06,-35.254983504338014,0.0,1
21.18814281039628,1.2452626153938867e-09,2.8924657946936006e-06,12.954280928476841,110.11138789205313,1.1745465196936368e-07,-47.91477207427426,0.0,0
7.896649361639561,2.6889971183812445e-09,1.8884219327472844e-05,11.864621056626781,100.84927898132764,2.0491024300579317e-06,-26.009810042640872,0.0,2
5.018022842372862,2.4143699595818834e-10,7.153482610944678e-06,17.52516745196181,148.96392334167538,1.2597928503024425e-06,-19.242010417044238,0.0,2
19.79907219633503,9.603813631373885e-10,2.96899075161887e-06,13.407095729299016,113.96031369904163,2.6632060096541234e-07,-39.598280619771174,0.0,0
7.534226448329932,1.3457142357903686e-09,1.3988980472706841e-05,13.214938389968758,112.32697631473444,1.0125849035933468e-06,-29.409896337167005,0.0,1
29.42524266632436,7.361450854738984e-08,9.05934769314126e-06,4.391924516453722,37.33135838985663,1.4001388180869828e-06,-44.728378498326606,0.0,0
7.432984279325822,4.753283474579522e-10,8.384397749555358e-06,15.598134014974253,132.58413912728116,6.855175848947831e-07,-28.176872266079837,0.0,1
9.49345093015059,3.428516071508947e-09,1.860017260246813e-05,10.91232659400439,92.75477604903733,5.595829651824674e-07,-38.52902562987788,0.0,0
-6.733843589634702,4.621834296337614e-10,1.9273841148099676e-05,19.17337024732986,162.97364710230383,5.576994975987809e-07,-22.91866371441575,0.22999999999999998,2
20.08414962284641,2.758343225571682e-10,1.3012506348338362e-06,16.257519654268837,138.1889170612851,2.6803885177913864e-08,-54.70358785876197,0.0,0
6.135597594445646,1.5382101619441473e-09,1.739577179715405e-05,12.834389429564645,109.09231015129947,3.4426268474858007e-07,-38.783101713716746,0.0,0
-3.3741062242548736,2.1637019787996968e-10,1.1872323955954255e-05,19.37732476893931,164.70726053598412,7.840513496695033e-07,-18.885491769964187,0.1525,2
13.5717252188463,6.00318247107131e-10,4.659948124648846e-06,14.793051835215039,125.74094059932784,1.6824573290904198e-06,-21.28412203223022,0.0,2
3.8814095919496134,1.3193397475458312e-10,6.09321543319559e-06,18.690967289215063,158.87322195832803,5.902054107747182e-08,-43.142645126620415,0.0,0
-2.207410452147037,4.4086025260260576e-10,1.6369754806055697e-05,17.77233508240433,151.06484820043678,1.1450275091117245e-06,-20.20261488378644,0.165,2
16.291049673074227,7.212079672582084e-10,3.929221443497218e-06,14.39650644257792,122.37030476191231,2.032455448819106e-07,-41.4032416644535,0.0,0
2.8738793947847303,1.3605208606096447e-10,6.785849939809098e-06,18.466428144034822,156.96463922429598,1.3853302401296709e-08,-55.52356182665626,0.0075,0
1.5672277815967897,6.29367011920425e-10,1.6055736190496966e-05,15.968816611000307,135.73494119350264,6.862044029293841e-07,-28.155845690460563,0.0325,1
18.868440437601997,2.3261234329841016e-08,1.7079064989257493e-05,6.594196552322678,56.05067069474277,2.169350177719508e-06,-35.23297177628506,0.0,1
26.00346740167538,2.3520239929879544e-08,7.5982904621896304e-06,6.775197089156865,57.58917525783335,1.3824563315237763e-07,-59.82698336407401,0.0,0
15.833315833598276,3.671086633379947e-09,9.542802931634615e-06,10.430209502935341,88.65678077495039,7.073404093316869e-07,-36.950081456127634,0.0,1
9.24517596342694,2.5916985333365145e-10,4.89429769971871e-06,17.05366691315471,144.95616876181506,1.1718314013271985e-06,-20.78183545635593,0.0,2
13.650144725591353,1.2341124399171065e-09,6.8602810131768705e-06,13.506792813671565,114.8077389162083,1.4703976022312948e-06,-25.99042244591921,0.0,2
25.46327859121897,6.191794617067077e-08,1.3074946376408377e-05,4.542276877405381,38.609353457945744,3.7684393213779275e-06,-35.06047300877207,0.0,1
7.4639847852192185,8.645511838092394e-10,1.1446401725583258e-05,14.07101330238674,119.6036130702873,1.2710832539275382e-07,-45.38751179589074,0.0,0
6.41219681616806,9.879898746917935e-10,1.344582481124148e-05,14.422698371776022,122.59293616009619,1.965230273693016e-07,-42.50098692083804,0.0,0
16.07620696217532,1.8164624883024073e-09,6.296875868429945e-06,12.411409298596569,105.49697903807083,2.3767210457797913e-06,-23.52707312753401,0.0,2
35.907943286744604,3.544494535553187e-08,2.660608155803873e-06,6.047135341654161,51.40065040406037,1.5081144098297373e-05,-20.18334995138297,0.0,2
4.666723244568049,6.47428336999624e-11,3.833344614660156e-06,19.804143127740787,168.33521658579667,4.494314988336298e-07,-22.09081246957364,0.0,2
-1.254959876985655,6.493499675625949e-10,1.950587184015319e-05,16.61088280652825,141.19250385549012,1.5591613921901395e-07,-39.748659535722986,0.0225,0
8.757018237368698,9.980647545093795e-10,1.0585758117149649e-05,14.016947907691014,119.14405721537362,9.065585427662555e-07,-29.107658344955638,0.0,1
16.599848025693067,6.1801141274964685e-09,1.1479284150839356e-05,9.579361391664737,81.42457182915025,4.3161898500247166e-07,-43.90916339899812,0.0,0
11.095341544394241,4.18880619044045e-09,1.7184147078718714e-05,10.359770836283452,88.05805210840936,5.437672605492244e-07,-39.72390535618388,0.0,0
32.45365727581771,9.898705657323038e-09,2.121543705546028e-06,8.384772942977774,71.27057001531108,1.6605222074856544e-06,-34.059251020321106,0.0,1
16.001681211507055,1.812272325510274e-09,6.540896099034471e-06,11.802915811952994,100.32478440160045,4.5197477450316425e-07,-37.7197749894563,0.0,0
24.858696211827205,7.943939004685134e-10,1.1840999840746934e-06,14.369516459208825,122.14088990327501,1.343919086445091e-06,-24.709493552172948,0.0,2
-0.5858133758932237,6.077733638303988e-10,1.789988152653748e-05,16.023700987818824,136.20145839645997,3.3288254907617715e-07,-32.58767429597503,0.027500000000000004,1
38.2770535353185,7.426061717076918e-08,2.9704279630712027e-06,4.166217311927511,35.41284715138385,2.0885252304550347e-05,-20.27234800938706,0.0,2
8.59306675076845,4.0097933137231425e-10,6.658176947087527e-06,15.638738167463885,132.92927442344305,1.2361119836514885e-06,-21.639564112045736,0.0,2
-1.1132184222479204,1.6373573712386555e-10,9.588256707802615e-06,19.253571363098924,163.65535658634087,1.4270689360389375e-07,-34.390705525016884,0.0425,1
23.36160694858269,5.568976361819847e-08,1.5224491031308081e-05,5.146389177701558,43.74430801046324,1.5876550502409417e-05,-22.22777604045547,0.0,2
8.442697402050662,9.56556156350674e-11,3.2542749274245496e-06,18.72423948795755,159.1560356476392,2.556201371276719e-07,-29.646694831078268,0.0,1
15.144962015001898,7.09499106133431e-10,4.341937175224762e-06,14.600420689924498,124.10357586435822,1.1020114954068957e-06,-25.9737407462983,0.0,1
14.892947063932088,1.2988211167644096e-08,1.9393302033806794e-05,7.888506245367033,67.05230308561978,5.368478508704742e-06,-24.5103773776274,0.0,2
27.69994339519687,3.9176068715736664e-09,2.3328543866750133e-06,10.599704074308654,90.09748463162356,1.251215990476708e-06,-32.59551318579867,0.0,1
1.3764933789797875,4.740001868194198e-10,1.3911053158564213e-05,16.36181105253403,139.07539394653926,3.720383428299026e-07,-31.443997190859008,0.005,1
17.07184991805425,4.842820613688684e-09,9.555430896579074e-06,9.903981844376544,84.18384567720062,7.256224946500918e-07,-38.0397680689092,0.0,0
16.354642917312482,2.971766424838014e-10,2.375267132951738e-06,16.20606887702702,137.75158545472965,1.4673568440527696e-07,-40.024617324575644,0.0,0
28.522469446721832,1.0571641036194654e-08,3.6902068628613795e-06,8.576349743013209,72.89897281561227,1.028843183686108e-06,-38.765276066259354,0.0,0
21.73535580286608,1.6876364269790312e-08,1.0256703298768808e-05,7.539551160886534,64.08618486753554,4.564056293355424e-06,-27.746970549119197,0.0,1
4.361541557153474,2.439068242415346e-10,7.925106446704115e-06,17.612016934936193,149.70214394695765,2.2566072491216136e-08,-54.28732613968989,0.0,0
25.75224604870547,4.4903401706625603e-08,1.0150339800708043e-05,5.532946569326636,47.03004583927641,1.8412488333211354e-05,-19.647106482577147,0.0,2
1.9027349836787217,6.61651153071185e-10,1.5571150483774676e-05,15.382550500909586,130.75167925773147,1.987633268892154e-06,-18.407637406937383,0.0175,2
35.75863069444958,2.3511390039362173e-08,2.287306264591778e-06,6.102950625160066,51.875080313860565,2.1309281634458932e-07,-55.445028602918605,0.0,0
4.026807528338301,1.1181813774093221e-10,5.295823589288186e-06,18.735102732065567,159.24837322255732,8.063772246086978e-07,-18.99560047924789,0.0,2
-0.8009369214232321,1.8722786719149358e-10,9.741985077393175e-06,18.94221378392158,161.00881716333345,8.486930807450761e-07,-19.21345930274166,0.0775,2
18.559487949404133,1.704979982562076e-08,1.5112826090111774e-05,7.579281303748679,64.42389108186376,1.8945784705703914e-06,-35.75660023965806,0.0,1
0.05724806186875513,5.797021040625894e-10,1.662711426283059e-05,16.376746139069294,139.202342182089,6.504032945092709e-07,-27.152349741904004,0.05,1
15.927001166120228,3.3890413313330227e-09,8.704535218279218e-06,11.351512019339479,96.48785216438557,3.6847551037638003e-06,-22.527197767760644,0.0,2
-4.395574689865722,2.4444423703540955e-10,1.3352040666487634e-05,19.29065387545341,163.97055794135397,3.7961484761215966e-07,-25.449290525771705,0.185,2
13.140809098467566,7.328157428401095e-09,1.8205588284485652e-05,9.038269964057802,76.82529469449132,1.1432650033064967e-06,-35.739080586642814,0.0,1
16.979577871357304,2.076630127731292e-09,6.320126356077953e-06,12.19020000742694,103.616700063129,5.8080436286261555e-08,-56.827057233042524,0.0,0
15.584162427232647,4.565057931149817e-09,1.0241576403095847e-05,10.900786325430085,92.65668376615572,5.924434779484572e-06,-19.50036130172583,0.0,2
16.97417622376288,3.2552617869288744e-10,2.320003932568067e-06,16.02583646559986,136.2196099575988,1.3898038564404104e-07,-41.27562240393355,0.0,0
20.267589587530907,2.3843552095178172e-08,1.4777237972090732e-05,6.655201102995621,56.569209375462776,8.347243507776981e-07,-43.902325132190356,0.0,0
9.525274872641559,2.1438202852273937e-10,4.507913472638609e-06,16.65721508475961,141.5863282204567,4.985213573648832e-07,-27.194543015402154,0.0,1
7.3691369575444,4.742867088348547e-10,8.059675943322892e-06,15.960021875587842,135.66018594249667,1.3651283781714616e-06,-21.859058706365357,0.0,2
6.5495570576669255,1.4798371567352727e-09,1.613643035981825e-05,13.045029462868966,110.88275043438621,5.495889302502347e-07,-34.40716098567386,0.0,1
22.2243227363018,6.25558192936321e-08,1.7842842704285517e-05,4.5836515774038835,38.96103840793301,2.3722577069386963e-05,-18.323188569110787,0.0,2
27.9203029304872,1.42222963986915e-09,1.050226549557203e-06,12.920527175515502,109.82448099188179,2.1550473785572103e-06,-23.272585823641336,0.0,2
21.49738754956418,1.8279354694239941e-09,3.4067371173122475e-06,12.410413007806028,105.48851056635122,6.171627489625255e-07,-35.47776893195959,0.0,1
6.000424979439787,3.369503584408157e-10,8.196906013779409e-06,16.45258670998851,139.84698703490233,4.6858647210711204e-08,-49.99058623841326,0.0,0
6.457994360039001,1.4175206167575481e-09,1.5829545113124087e-05,12.883916193968156,109.51328764872933,6.59447112721352e-07,-32.48243482879309,0.0,1
9.757991739217553,1.255077500300839e-09,1.0331665666524304e-05,13.776192421233691,117.09763558048638,2.3448513006917868e-06,-21.74950124373975,0.0,2
12.012940226673003,1.5823249377253868e-10,2.829254753334789e-06,17.84256722224875,151.66182138911435,3.483687924998384e-07,-29.541006095344496,0.0,1
23.30930317214829,1.5165209975200845e-08,8.293505657432924e-06,7.621474026645311,64.78252922648515,1.1762583022410923e-06,-39.097460148562256,0.0,0
3.31862016882815,8.989966478030164e-10,1.6449876912499427e-05,14.62203387665715,124.28728795158577,1.4564186443114932e-06,-23.07754682019184,0.0025,2
23.83439002545973,4.251437740689837e-08,1.2510769662237456e-05,5.362197897045686,45.57868212488833,1.4962836400696414e-05,-20.899933177559284,0.0,2
8.471964453075023,2.751671116389495e-10,5.791938899415374e-06,16.478200154981558,140.06470131734324,4.289114763224822e-08,-50.00735314233873,0.0,0
3.066262709059682,6.964361434358674e-10,1.513634665469985e-05,15.359014161411977,130.5516203720018,1.7928067902158605e-07,-40.55076690089912,0.0075,0
18.240784340585854,1.5134487315594547e-10,1.0797353048490838e-06,17.822867028276445,151.49436974034978,3.2957189027817936e-07,-30.202838716751728,0.0,1
31.339110652473465,3.643012891728489e-08,5.0582098329935605e-06,5.162544630984822,43.88162936337099,1.0174041519627585e-06,-43.45590700835502,0.0,0
7.91215779260381,1.146938069193003e-09,1.2407449392696487e-05,13.673052787064286,116.22094869004641,1.8858029887453675e-07,-43.0326085433702,0.0,0
4.977907267517323,1.1897607537529444e-09,1.678603615000548e-05,13.567661112239916,115.32511945403928,2.9936977338295427e-07,-38.39967960081919,0.0,0
7.978050149436784,9.207352329275485e-11,3.294856643876359e-06,19.092249664364477,162.28412214709806,3.991599390600123e-07,-25.43015414386179,0.0,2
-0.12658043083359874,2.8997011921606837e-10,1.1715363408664917e-05,17.720457892186694,150.6238920835869,9.992715014943383e-07,-19.898905489272178,0.035,2
30.019400660251424,5.816542954817149e-08,7.529730936981556e-06,5.00167919763258,42.51427317987693,3.275981796575014e-07,-56.52768487189995,0.0,0
13.315032989671549,3.977095844268932e-09,1.2344239368304136e-05,10.58097863907787,89.93831843216189,6.403685676933198e-06,-17.502221613453433,0.0,2
18.853878522848632,2.787194756518458e-08,1.890180852354164e-05,6.381974535717379,54.24678355359772,5.212151864954271e-07,-48.955368451576106,0.0,0
21.385006697096642,1.1868214031470635e-08,8.489332858869427e-06,8.76821187518063,74.52980093903534,1.0472142361694477e-05,-18.80037601843441,0.0,2
3.832640195594812,2.7333951490877694e-10,8.605845132500801e-06,17.560880657231447,149.2674855864673,1.1235896286612367e-06,-20.62186314099334,0.0025,2
21.16904653865912,4.929440943590154e-10,1.6421750241898785e-06,15.538341343407076,132.07590141896014,2.2285090099413787e-07,-39.00800020748013,0.0,0
7.436112191276161,1.1005608433909738e-09,1.3011514429933374e-05,13.78784574015465,117.1966887913145,2.3483596569891368e-07,-41.34976967838153,0.0,0
26.748640714401905,2.126655665603563e-08,6.624665479737103e-06,6.631178362825654,56.36501608401806,8.681494522383233e-08,-63.00311700430869,0.0,0
24.00752239852048,4.926349114226468e-08,1.344460854133898e-05,5.360745911188504,45.56634024510228,1.0055484853591302e-05,-25.684787835815257,0.0,2
22.842285119602842,1.1923753244519574e-09,2.2630069725215276e-06,13.306643193584154,113.10646714546532,1.9036837014742362e-07,-44.139208949580365,0.0,0
22.258069689592478,1.1089663171678172e-08,7.99737123151431e-06,8.302653737037572,70.57255676481935,1.7845057098053544e-07,-54.10671277873501,0.0,0
18.84739201204286,6.377751580639481e-10,2.5250838748171474e-06,14.55097431191126,123.6832816512457,1.850576237886739e-06,-20.790553834303275,0.0,2
-2.36286849508959,2.4340872267208845e-10,1.2660989920008249e-05,18.805222247135468,159.84438910065148,3.1430636319562617e-08,-48.77763396523125,0.10500000000000001,0
23.20595363627796,2.3955249851297935e-08,1.0521395907933219e-05,6.936136029907175,58.957156254210986,2.6452341620878663e-06,-34.05979005482152,0.0,1
31.540813446093544,3.808281493803302e-08,4.823515999509964e-06,5.570637443439981,47.35041826923984,1.2601825700403125e-05,-22.219863328261464,0.0,2
21.295392853394247,1.658609363800251e-08,1.0953293490814364e-05,7.518848630085358,63.910213355725546,9.039689273859824e-07,-41.83625220305743,0.0,0
18.35801156035656,1.0370513570636752e-08,1.1618753633653677e-05,8.269619003249671,70.2917615276222,6.6686640757481525e-06,-21.501481184713576,0.0,2
-3.542297659714997,2.397795756048208e-10,1.2607490548764708e-05,19.413212454555644,165.012305863723,8.397279419277578e-07,-18.834854828642214,0.1525,2
5.775626886735221,3.0834235828614914e-10,7.5816781204646e-06,16.898460647367003,143.63691550261953,9.673852186421327e-07,-22.54737860245133,0.0,2
6.927322851624011,2.5166049536814585e-10,6.430104850581066e-06,17.104077318564986,145.38465720780238,2.0795311116019888e-07,-35.92270557821885,0.0,1
14.99138148889788,2.957665981868767e-09,9.121489111170617e-06,11.41555935438538,97.03225451227571,3.1332368394839745e-06,-23.212433011518332,0.0,2
19.117497245346726,1.0779184896771277e-08,1.1391346249664475e-05,8.39668170891994,71.37179452581948,2.7212156524917437e-07,-50.41714814613699,0.0,0
24.39083158578989,1.563274587303369e-08,7.293705827676615e-06,7.5408682933986455,64.0973804938885,3.7259830111495673e-06,-29.064823382155677,0.0,1
6.081706480270538,1.4526913232236235e-09,1.688288467216053e-05,13.214926083766876,112.32687171201844,2.225761740772889e-08,-62.78124318807433,0.0,0
21.010433610493678,5.571551864082749e-10,1.780422279066674e-06,14.84513357598025,126.18363539583214,8.822878795556672e-07,-26.944983833629436,0.0,1
-4.769711211629383,4.984465765202742e-10,1.8680472211621812e-05,17.93082587449246,152.4120199331859,7.015208297529404e-08,-42.327993531208676,0.2175,0
4.680034350835609,7.232165206075722e-11,4.187678668738044e-06,19.633615425221457,166.88573111438237,8.531431195104383e-09,-57.27894078996072,0.0025,0
8.853556178295918,1.759164512851025e-09,1.4148241884120922e-05,12.676755512524602,107.75242185645912,2.8384782778728843e-07,-41.65293388984154,0.0,0
5.803881248644137,1.5786076771188437e-10,5.298226814346237e-06,18.318594910532877,155.70805673952947,1.0118064672929544e-06,-19.149297171343942,0.0,2
-0.7033998274765909,6.491014636385243e-10,1.8276266251634478e-05,16.428147322205245,139.63925223874458,1.5363109285431434e-06,-19.850315351018686,0.0225,2
14.936664739103504,3.0129808752162626e-09,9.467836561828143e-06,11.196050243400794,95.16642706890676,1.6545164216530158e-06,-29.072766939979005,0.0,1
19.53855680814844,3.270174288598683e-08,1.8453228529340926e-05,6.058480461040617,51.49708391884524,7.056650270495502e-06,-26.386955971887673,0.0,1
12.825523571382902,3.4669185972556244e-10,3.928759555846191e-06,16.088386354058894,136.7512840095006,6.829666931102779e-07,-27.2966393455574,0.0,1
9.562127152867925,6.365786345644832e-11,2.22378728525744e-06,19.842943182382268,168.66501705024928,4.813666529657258e-07,-22.517036043060873,0.0,2
-5.830490565955278,3.1385994661854963e-10,1.547549511457366e-05,19.547602482492557,166.15462110118673,5.486279255458879e-07,-22.22613988972288,0.1325,2
12.336895606326092,4.226913647501232e-09,1.474289777077405e-05,10.876696171158336,92.45191745484587,2.5896799937226226e-06,-26.386082423047547,0.0,2
8.028639678283282,9.940914934641254e-11,3.5512629174921086e-06,18.896171997259895,160.61746197670914,1.8658848766738586e-07,-32.96036269118773,0.0,1
26.056171422697037,8.354345948366461e-08,1.3767269778245708e-05,4.10986038122331,34.93381324039814,1.465989984020825e-05,-24.52169730603622,0.0,2
11.968786800083794,5.6161963620328386e-09,1.817481538509159e-05,10.15528281748771,86.31990394864552,1.3857442304055883e-07,-53.371194098417895,0.0,0
8.03184124804125,1.6867044599328534e-09,1.45494262096164e-05,13.272036044442117,112.812306377758,2.4075035068928837e-06,-22.923376672132374,0.0,2
2.193297608857658,5.304218040591778e-10,1.3756923385360069e-05,15.820483458737938,134.47410939927246,5.929053338691352e-07,-28.099278552112096,0.0025,1
-1.6342524262445606,1.2473866560393113e-10,8.554403189058034e-06,19.916736462376978,169.2922599302043,1.7307986249465455e-07,-31.085734928034924,0.0675,1
36.57297701274309,3.49937111476325e-08,2.5041152030794064e-06,5.811868525427556,49.40088246613423,7.539576335058008e-06,-26.424593310320418,0.0,1
8.426193691690315,1.2726785792651552e-09,1.2786520878399028e-05,13.523278080153364,114.94786368130359,1.620832645426684e-07,-45.26479248597211,0.0,0
13.114467870689815,5.184233748348529e-09,1.5492886929044128e-05,10.153794004431205,86.30724903766524,1.9747986636074152e-07,-49.797568243531806,0.0,0
22.713939068832445,2.869263620747743e-08,1.2313108993850822e-05,6.0855670432201485,51.727319867371264,5.938801555254004e-08,-67.54315009505216,0.0,0
17.024349484806226,1.9351857994795622e-08,1.9012552515142972e-05,7.229272946688858,61.448820046855296,3.933154806036605e-06,-29.31653412614308,0.0,1
21.332823019743834,1.8592962871345248e-09,3.4628533379948816e-06,12.171522719079176,103.45794311217298,1.2954544411299155e-06,-28.851234837671544,0.0,1
13.445305360122449,3.497995051118682e-09,1.1941223699459125e-05,11.11306299271723,94.46103543809646,1.7032694193661086e-06,-29.123643403119033,0.0,1
19.470298778042007,1.6165730836728312e-08,1.3374813216318705e-05,7.527719151156896,63.98561278483362,3.7896805124151666e-07,-49.01882970597853,0.0,0
27.89320954747708,2.477580391972117e-09,1.5500232918192387e-06,11.75484776577047,99.916206009049,5.096768433481813e-06,-17.750693771565256,0.0,2
0.8974058928663422,3.381750004944302e-10,1.1730136063702087e-05,17.20303141896328,146.2257670611879,1.2156404262513305e-06,-19.11581895743427,0.0075,2
20.835731782140247,9.787166342688585e-10,2.6155573393406804e-06,13.605088036220309,115.64324830787264,6.287920940271804e-07,-32.659824685294396,0.0,1
3.8994133670255513,2.858694936767955e-10,9.243411395810787e-06,17.183843058242083,146.0626659950577,2.918790620784879e-08,-53.15540441126135,0.0,0
8.568703088478939,2.0613404236836825e-10,4.879634415592574e-06,17.056230971383354,144.97796325675853,1.626245841097726e-07,-36.813215733690456,0.0,1
-0.6638398474012539,2.108372532395844e-10,1.0675960278923568e-05,18.34267068936199,155.91270085957692,1.1751701578741441e-07,-37.42786686723289,0.0525,1
22.551623849983095,7.656774457770358e-09,6.036404025419365e-06,9.123677377447397,77.55125770830287,8.274466686691747e-06,-18.21891343417303,0.0,2
7.031369638526044,1.627329642737432e-09,1.6136798580068534e-05,13.099631710817398,111.34686954194788,1.945694215520447e-07,-44.315881738954346,0.0,0
-4.141770953356686,3.725418823467197e-10,1.617436616644956e-05,18.425308578790204,156.61512291971675,7.284291856423479e-08,-41.47715755419635,0.085,0
36.07392953211607,1.416801244351133e-08,1.5665087534432776e-06,7.488718589179927,63.65410800802937,9.83428081345627e-07,-39.83520611746849,0.0,0
2.4444661576988183,3.605162942465159e-10,1.137837646163852e-05,16.651236435585236,141.5355097024745,2.8670472315658544e-08,-53.20809392087145,0.005,0
6.237646729116218,1.6628303884972785e-10,5.5573402130177456e-06,17.858160595107247,151.79436505841159,9.571469656590215e-08,-40.66371248859451,0.0,0
24.12967321761272,1.038313515764606e-08,6.198996690339978e-06,7.797172506802136,66.27596630781817,9.626708840333339e-07,-38.43045782752825,0.0,0
20.856615446736736,5.583751466667552e-09,6.519188282127151e-06,9.495501636043391,80.71176390636884,2.7945332764723116e-06,-26.92191674377522,0.0,1
0.44814004293539667,8.080707886711784e-10,1.9090704236491183e-05,15.32224979759213,130.23912327953312,9.051889355773216e-07,-25.688708514092113,0.015000000000000001,2
12.605895638813834,1.2043577267764515e-09,7.832523998566863e-06,13.344303842620281,113.42658266227238,7.134634571564795e-07,-32.31742679455903,0.0,1
27.504937895714296,4.720139754224995e-09,2.447844716446753e-06,10.338330579973475,87.87580992977453,7.082198048853749e-06,-17.50414840397908,0.0,2
13.415284561414394,5.893696313362567e-09,1.600499597393021e-05,9.555130669375172,81.21861068968896,1.066011160169175e-07,-55.541551551938475,0.0,0
23.745285205617137,5.940565732677433e-08,1.5324089319649385e-05,5.043757474499599,42.87193853324659,8.640324093335121e-06,-27.76165125107457,0.0,1
3.464029363962125,2.4331758954329503e-10,8.285399417765629e-06,17.870586915730044,151.8999887837054,1.1828304142897324e-06,-19.50724330046348,0.0,2
16.968473688875886,2.0039137124503767e-09,6.041438787415325e-06,12.307634529052699,104.61489349694794,1.4385772624386896e-06,-28.424367794305834,0.0,1
6.8202666884482035,2.4093105834045616e-09,1.9908057654486176e-05,12.131956598777984,103.12163108961286,1.3610905657634968e-06,-28.873189424226613,0.0,1
1.0981607771841781,5.209796553156686e-10,1.4998300239514395e-05,16.342836195799155,138.9141076642928,1.1200720757124409e-07,-42.43359536812993,0.01,0
16.598164016021478,1.3178229643160138e-08,1.6402251032694784e-05,7.90431632857913,67.1866887929226,2.6350601920894407e-06,-31.236282616007482,0.0,1
14.327099489337273,1.4014685245266985e-09,6.72005132459771e-06,13.053014953157325,110.95062710183727,2.4203464098545657e-06,-22.259148876933985,0.0,2
6.364952860390076,3.341578938255735e-10,7.841789439124428e-06,16.37619459305091,139.19765404093275,1.2059003347867286e-08,-61.459702166379266,0.0,0
-0.3327979692199745,5.666679460634493e-10,1.7219103556329743e-05,15.915228634876428,135.27944339644964,3.9510294690933146e-07,-30.67583246473875,0.0025,1
16.77177655731023,1.875244097153501e-08,1.9086397322288328e-05,7.462888258511014,63.43455019734362,4.427052753564152e-06,-28.439065904021597,0.0,1
15.924090498753554,8.309366158193443e-11,1.0272353779370736e-06,18.96852108595558,161.23242923062242,1.1099593266788776e-07,-37.01192974235904,0.0,1
17.044240550363913,1.2463739763748351e-08,1.5552680143060232e-05,7.911357855917803,67.24654177530132,4.5268385466002703e-07,-46.40068017688976,0.0,0
-1.698529003538867,5.973637062261376e-10,1.8846301195666056e-05,16.670914863286356,141.70277633793404,4.95047877696341e-07,-28.6109126530057,0.095,1
7.966692147285766,8.327596119340767e-10,1.0549657384677927e-05,14.30269747035173,121.5729284979897,2.515079901313743e-07,-39.20983030620582,0.0,0
14.75986327804504,2.549115859244585e-09,8.778086368475985e-06,11.424132845366564,97.1051291856158,1.7687504031359737e-06,-27.14664899204568,0.0,1
21.7505552425487,1.0308455303050311e-08,8.204770058728736e-06,8.614007457318028,73.21906338720324,3.0085232632481476e-07,-49.642013950719985,0.0,0
3.014879530629031,6.586605315957093e-10,1.4672482536788573e-05,15.558401057423858,132.2464089881028,1.3411876249949072e-07,-42.993109887255336,0.0,0
20.57679807044078,2.4309883340692285e-09,4.4681011948382724e-06,11.883611916074729,101.0107012866352,4.269718580850613e-08,-60.148716035095866,0.0,0
4.057565189917915,1.2004544459177052e-09,1.801686142683153e-05,14.22488673643737,120.91153725971765,2.3623785839810574e-07,-40.72873095313633,0.0,0
4.581790594504544,1.4997112690292891e-09,1.9874848473746913e-05,13.300592840009223,113.05503914007839,1.0388892743267157e-07,-49.03997763714139,0.02,0
12.83584768365329,3.853500689016099e-09,1.2873985206814e-05,10.922864147817695,92.84434525645041,5.402095888346496e-06,-19.201949794951638,0.0,2
17.559968178879956,1.2534113406609105e-08,1.4450369205901948e-05,8.390226459816743,71.31692490844232,1.5249249669762878e-06,-36.192158680131456,0.0,1
8.035266802008117,1.3256448294543056e-09,1.3166732098964783e-05,13.355113719140952,113.51846661269809,1.030714747933582e-06,-28.94571885892587,0.0,1
13.429180934659989,4.2466658227583e-09,1.3003743889220265e-05,10.793890527936755,91.74806948746243,3.887068945451886e-06,-22.981000278613557,0.0,2
24.911417890304772,1.2891001180361691e-08,6.034995530136384e-06,8.300083532453925,70.55071002585838,7.658007804609781e-06,-21.96254597911104,0.0,2
-7.125396817120402,3.460605099471543e-10,1.7240847606168373e-05,19.727670135148482,167.6851961487621,2.5767219020955276e-08,-48.392456147567565,0.1475,0
4.182773533140804,5.85271035267569e-10,1.2416086251248398e-05,15.881374780726475,134.99168563617505,7.924291428073928e-07,-27.47992457761444,0.0025,1
9.810127223504455,5.866614321065358e-10,7.241119281437137e-06,14.993706622509036,127.4465062913268,2.2915039162920556e-07,-38.66455571952078,0.0,0
30.229121473383632,2.659871233955939e-08,4.582669242634927e-06,6.533730523567185,55.53670945032108,1.543550858380804e-05,-18.600109620182675,0.0,2
31.053038707016107,5.309439432706531e-08,6.336033704049724e-06,4.76236755104077,40.48012418384654,1.6961647495577973e-06,-41.31768865547716,0.0,0
15.599625327858067,1.1447663052306067e-08,1.711160630159397e-05,8.220365413187203,69.87310601209123,3.921169567444194e-06,-27.00656370974648,0.0,1
25.502730921303428,7.974790418009985e-08,1.4414192454661279e-05,4.010794355470401,34.09175202149841,1.3386622039209889e-05,-24.92828861045482,0.0,2
4.678924128958862,6.384761997608727e-10,1.2069378029103859e-05,15.046096545683945,127.89182063831352,1.882165360753939e-06,-19.583325024526005,0.0,2
12.064673423969055,5.337262656887077e-10,5.22081417355337e-06,15.07252995556529,128.11650462230497,1.6022111349552035e-06,-21.080301507315827,0.0,2
27.87804681710845,4.295226503336306e-08,8.261711584187891e-06,5.309673784852556,45.13222717124673,1.3387338811097405e-06,-42.48524085368242,0.0,0
-3.3816751885636878,1.7737054784381213e-10,1.1429392040305696e-05,19.83498678633504,168.59738768384784,5.564943165770062e-07,-21.978046545241664,0.1825,2
-5.152450292651808,2.454356195131073e-10,1.3453909127443925e-05,19.589565845034105,166.5113096827899,6.431582679026107e-07,-19.827240726943433,0.12000000000000001,2
-7.639687637111681,3.711665189642694e-10,1.8294277855799686e-05,19.81159193802945,168.39853147325033,4.8692019690070985e-08,-42.940227184697136,0.21250000000000002,0
2.4524086089885575,8.918694397387632e-11,5.3241215848167735e-06,19.842237289572758,168.65901696136845,7.2171520759714e-07,-18.70951532247379,0.0025,2
24.42774198724575,5.552895432149759e-08,1.3974551925081659e-05,4.816509155287811,40.9403278199464,3.3521627443256154e-06,-35.730013873734634,0.0,1
15.224876174009117,2.703434415440598e-10,2.549434335265157e-06,16.326156101768436,138.77232686503172,6.141394913768332e-07,-26.609865372515117,0.0,1
17.84685656453458,3.032957467294801e-09,6.923038432749826e-06,10.94255309167343,93.01170127922416,5.200294059572568e-07,-39.094115680326006,0.0,0
19.693113823342095,3.3032074112529066e-08,1.8689798233187188e-05,5.926039373954708,50.37133467861503,1.8215871997143207e-07,-58.622514527936886,0.0,0
0.6202344120991309,1.052207372578402e-10,6.8251478183054245e-06,19.70884618531763,167.52519257519987,9.758100521520505e-08,-36.22693182675951,0.04,1
28.935282178634054,4.644889300204168e-08,7.624767966319959e-06,4.789305739289947,40.70909878396455,1.0101251033141753e-06,-44.84269970716002,0.0,0
29.312767353912616,4.6083153210792e-08,7.2655952056230256e-06,5.686856817807615,48.33828295136473,4.769374740051314e-07,-52.47927273086415,0.0,0
30.51240035395468,1.9013154851586758e-08,3.900342444101044e-06,7.2745436681546485,61.833621179314505,3.7709917026068324e-06,-29.746831373536217,0.0,1
6.747588328019624,1.3177486266881517e-09,1.477241750303967e-05,13.139025571290814,111.68171735597191,9.105759886776151e-07,-29.550462478788173,0.0,1
25.537482534887914,3.949876638280743e-08,1.0259276587797048e-05,5.215804164080424,44.334335394683606,5.342786034685787e-06,-29.730450090564627,0.0,1
15.934345814913247,7.590151555109905e-09,1.3705513677813932e-05,9.232361143569824,78.47506972034351,2.544671677797618e-07,-49.26151686302931,0.0,0
10.013159483427216,2.768560449275033e-09,1.5642803535745764e-05,11.703387115743057,99.478790483816,1.0404607459185188e-06,-32.741300181827256,0.0,1
-6.738378977452597,3.440153494040898e-10,1.687790160620106e-05,19.30565886174062,164.09810032479527,1.2411996727449602e-07,-34.481261999957844,0.1875,1
2.098376606730055,2.6698727876722513e-10,9.824294472709444e-06,17.62679468567851,149.82775482826733,4.753976385369014e-07,-27.4538999964378,0.01,1
5.552795424930483,1.1651355340115333e-09,1.4997007195687272e-05,13.35284083169563,113.49914706941286,2.8489725601418523e-06,-18.30882306964527,0.0,2
8.80185280734086,2.477025882132209e-10,5.1394098625215e-06,16.947099367949917,144.0503446275743,9.547421745094901e-07,-22.430156872796452,0.0,2
-1.2889309986264788,3.403295714079017e-10,1.4091665424156295e-05,17.8848745700563,152.02143384547855,3.077203996974037e-07,-30.975409967275578,0.09,1
1.4078609397780248,3.726786570024579e-10,1.2619756581012887e-05,16.489230849074033,140.15846221712928,1.4251754854773945e-07,-38.73105982383991,0.0125,0
7.067992669586573,1.4461238682105292e-09,1.5320031625509017e-05,13.010380901480477,110.58823766258406,6.595625275966494e-08,-53.15022975612426,0.0,0
-2.8646830582912175,1.7096295399268884e-10,1.0355269334805467e-05,19.66677726231705,167.16760672969494,3.009241039367707e-08,-46.54212889986613,0.125,0
4.651444917268098,3.3696238765382724e-10,8.88464950434865e-06,16.566744588003754,140.8173289980319,1.4129066174650033e-06,-19.273932470314985,0.0,2
5.521541058759286,5.445570105005187e-10,1.0459259429754332e-05,15.68642945995151,133.33465040958785,1.5041513089621766e-06,-21.366904265329065,0.0,2
20.966560252472807,5.543575639859294e-09,6.4430077036285515e-06,9.329467434388784,79.30047319230466,2.200134582935118e-06,-28.91253422122615,0.0,1
17.966537140779504,1.2375719356961252e-09,4.064570893335028e-06,13.578343911269412,115.41592324579,2.2484387829296994e-06,-22.162330377848743,0.0,2
8.05286842936479,2.0578184213371443e-09,1.5331780146399463e-05,12.603271758808916,107.1278099498758,4.275317540487707e-06,-17.90544402745922,0.0,2
20.8741613603874,7.805354085163568e-09,7.768321137929894e-06,9.403333558395476,79.92833524636154,2.0517353647243772e-06,-31.592707348429947,0.0,1
34.82213977753541,2.6966511269998795e-08,2.7255142906133403e-06,6.226259735902366,52.92320775517011,5.996206300232248e-06,-27.099808139901747,0.0,1
0.7386096687896901,3.840164225936404e-10,1.2900490312595856e-05,16.872113392578775,143.4129638369196,1.3920918988582797e-06,-18.85740176161171,0.02,2
21.591645482751176,3.3147817336727113e-08,1.4046090841981155e-05,6.419457425829434,54.56538811955019,1.7521250350516912e-05,-18.300172649758665,0.0,2
7.060269178590954,3.799528011532696e-10,7.84562521978337e-06,16.068612424673926,136.58320560972837,3.132522612817873e-07,-33.898776176247395,0.0,1
2.8692203898765474,1.0056107499142861e-09,1.761503978313026e-05,13.998484545837215,118.98711863961633,2.168913432758398e-06,-19.34015066106452,0.0325,2
1.1166593404589173,2.0868948366760118e-10,9.318885882475723e-06,18.083657588318957,153.71108950071115,1.356821086953882e-08,-56.56152890765698,0.0,0
10.971276263037469,2.4458802554750213e-10,4.07202896883175e-06,17.106232101542698,145.40297286311292,5.568911550026547e-07,-27.58853870651691,0.0,1
3.819403221921613,2.0809777586448015e-10,7.583149691496606e-06,17.956178123847987,152.6275140527079,6.71226912342157e-08,-44.007967498865696,0.0,0
15.21519567390715,6.817239576759125e-10,4.251245560288197e-06,14.157639285574959,120.33993392738715,1.093155490141899e-06,-25.701618044041478,0.0,1
9.970593260340788,6.282429168896548e-10,7.277526006896974e-06,14.892098578458622,126.58283791689828,1.2707819424261657e-06,-24.35114783294672,0.0,2
17.686041704462678,2.3677057238716333e-08,1.9770642174717945e-05,6.551712404892321,55.68955544158473,1.612576522445848e-06,-38.2611622677882,0.0,0
3.087333817844354,1.2032689936747914e-09,1.9977850564273983e-05,14.02542828611616,119.21614043198736,2.8763606156641946e-07,-38.90986318624583,0.0025,0
21.534718166236626,1.0796123702628467e-08,8.48871200418714e-06,8.768555199593088,74.53271919654125,2.3977134464507975e-06,-31.676662769560483,0.0,1
22.260212021160083,1.3615293746678943e-08,8.690912782234659e-06,7.66794305107665,65.17751593415151,4.3097227125177495e-06,-26.983435314317703,0.0,1
13.645471077337223,1.6952995805375374e-09,8.23729533785453e-06,12.301438193782701,104.56222464715296,5.143660811686697e-07,-36.31707650951585,0.0,1
7.851831256957595,3.724705561446009e-10,7.0629819291915395e-06,15.901594309260563,135.16355162871477,5.026305530370725e-07,-29.525568014983254,0.0,1
8.694827260621427,2.591259896416803e-10,5.458829182350178e-06,16.273835544207355,138.32760212576252,1.5846794636041527e-07,-37.99124495234801,0.0,0
40.84303355128293,5.694335057093015e-08,1.8377294077866728e-06,5.3344352243205,45.34269940672425,1.052701780782067e-05,-26.23106501046975,0.0,2
27.87708825707574,2.5108199501821767e-08,6.287681653059934e-06,6.38279745804781,54.25377839340638,9.22429783261137e-07,-43.28376673577267,0.0,0
25.393205295010993,9.475262334084116e-09,5.060367419019794e-06,9.069148069695116,77.08775859240848,1.8464441338983828e-06,-33.61213692769179,0.0,1
14.287061998329584,5.34609053531969e-09,1.3664071123104915e-05,10.553635295442263,89.70590001125923,9.24586162115055e-07,-37.195857393386625,0.0,1
4.595179391832728,2.6633202062290945e-10,7.713110144173593e-06,17.011181524650237,144.59504295952704,1.374838996462212e-06,-18.282112996264516,0.0,2
-5.527417411921637,2.9579584526607567e-10,1.4946742245366726e-05,19.588561773855446,166.5027750777713,2.466620661731978e-07,-29.132037087364694,0.23500000000000001,1
4.157356622617029,1.3492869179851083e-09,1.9725536986103947e-05,13.50331057806801,114.7781399135781,1.531024562891298e-08,-65.23853075695718,0.0,0
4.316296261084647,4.2859798605239353e-10,1.0576063402952437e-05,15.643203357164431,132.96722853589765,6.026218287388232e-07,-27.82734297008806,0.0,1
4.055565944421258,5.182029057752296e-10,1.1988801223292854e-05,15.66425391256313,133.1461582567866,5.886713549656764e-08,-48.97731049737687,0.0,0
-0.4895808805598846,4.4149274365834915e-10,1.5045156754169097e-05,17.24062553480925,146.54531704587865,1.033871245998011e-06,-22.00643606596296,0.03,2
18.82760410248654,1.936224585352369e-09,4.740743716243656e-06,12.271053109377625,104.30395142970981,2.0416963656952143e-06,-25.209271395050003,0.0,2
20.05761078840077,1.172857834193718e-09,3.121832419403538e-06,13.265973630539206,112.76077585958325,1.5116380943062712e-06,-25.57765149092441,0.0,1
25.973719926715454,9.036883723428955e-10,1.1308700337814708e-06,13.675525507650452,116.24196681502883,7.449824612423746e-08,-51.130003155470746,0.0,0
10.30768660100684,3.630979111710426e-10,5.381577387538792e-06,15.777137143451633,134.10566571933887,3.6923670952367083e-07,-32.12695093870052,0.0,1
11.607831835016917,4.142013564878938e-09,1.6113464977579544e-05,10.695864193802722,90.91484564732315,4.043831627939e-07,-42.36220115959035,0.0,0
9.059636007890578,3.464828901163011e-09,1.8573940546478517e-05,10.942198585731484,93.00868797871762,3.5903524674574363e-06,-21.66664830638759,0.0,2
7.523441295454822,3.4381907360554737e-10,7.106431552630714e-06,15.945248036112085,135.53460830695272,5.171540014819253e-09,-68.88156541171608,0.0,0
-5.575743771192343,3.2084136093498697e-10,1.579063452764879e-05,19.15567403588884,162.82322930505515,5.6676563741980104e-08,-41.740105291826815,0.215,0
26.56018928343396,1.5181652475080072e-08,5.614803994634083e-06,7.696601354984091,65.42111151736478,2.6039369641240543e-06,-32.27603784924409,0.0,1
32.408939480093146,1.3902835043149659e-08,2.449495459418215e-06,7.8360939411151636,66.60679849947888,1.0275907477217699e-05,-19.017568778995418,0.0,2
9.053899282068844,4.859695438702036e-10,7.289308808447494e-06,15.119488005557395,128.51564804723785,1.770253143126274e-07,-39.95411113687817,0.0,0
9.365452435663022,2.629438190064453e-09,1.5839085290909364e-05,11.806184495480924,100.35256821158785,2.8907326025989798e-06,-22.78419497797257,0.0,2
2.23110953102864,1.7390243667781886e-10,7.848760678439442e-06,18.261957263732228,155.22663674172395,2.5497616612316964e-07,-30.68594215930274,0.0,1
7.866934083663887,2.611238531958816e-09,1.883918068065639e-05,12.050743289893056,102.43131796409097,1.2250604511560975e-06,-30.601706747345307,0.0,1
10.326955360027327,2.7752448111742897e-09,1.5178358655833224e-05,11.280931672243199,95.8879192140672,4.3751958853795725e-07,-39.50411572389818,0.0,0
24.721048913901008,3.0351299431416086e-09,3.0095796051207466e-06,11.328823800589873,96.29500230501391,7.1207227818802e-07,-36.71360732933428,0.0,1
8.949048763806415,9.195628859032639e-10,1.0112306684139282e-05,13.572087827303887,115.36274653208305,3.379185919034464e-07,-36.87783184572186,0.0,1
20.785454816881437,6.959870488412314e-10,2.1727062498335915e-06,14.44142412214037,122.75210503819315,7.259578097830214e-08,-50.257906892021175,0.0,0
12.443644372085895,6.440919798866893e-09,1.794319921003993e-05,9.727294925683616,82.68200686831074,4.953899904661301e-06,-22.461301469736384,0.0,2
12.82391016734132,5.926729913794901e-09,1.685902161345717e-05,9.67258400659287,82.2169640560394,1.7158043105196773e-06,-31.573330569377585,0.0,1
5.792977507735495,4.085170404339167e-10,8.781666017050708e-06,16.177616053243398,137.5097364525689,1.2552521877173352e-06,-21.49659604516043,0.0,2
12.94393203709963,1.812913076417508e-09,9.274431424538941e-06,12.28104180627488,104.38885535333648,2.0895407526400062e-07,-44.47285852939104,0.0,0
6.720724618377374,2.2920445917131034e-10,6.180886747621524e-06,17.490161150628385,148.66636978034126,5.044021288395321e-08,-47.86698422670747,0.0,0
-1.261479880524734,3.0062120242077913e-10,1.3190583516016689e-05,17.866635651800266,151.86640304030226,3.623257630865043e-07,-28.722994943866304,0.034999999999999996,1
0.482898131251737,1.9876153380668436e-10,9.438431512941058e-06,18.87606913164691,160.44658761899876,1.187969317818671e-07,-37.87323912589214,0.045000000000000005,1
7.40936436459548,8.760841247261038e-10,1.1512779593887756e-05,13.980983546136578,118.83836014216091,3.0452133562702233e-07,-37.676510282519146,0.0,0
32.52756689077218,6.792787536260516e-09,1.5585654052448054e-06,9.374088419750485,79.67975156787912,5.789124641689373e-06,-21.118816104409213,0.0,2
12.018236389209573,4.034649233013569e-09,1.5283044485138022e-05,10.405568623770934,88.44733330205294,5.265644307795412e-07,-39.882354676607875,0.0,0
31.999807591733283,1.855663480114006e-08,3.197899189679278e-06,7.1093521343848955,60.42949314227161,4.718917135033711e-06,-27.413971929411595,0.0,1
1.8921751473265578,1.0169819844359011e-10,6.265882733796058e-06,19.650853537311093,167.0322550671443,9.981062310672724e-08,-36.87752873429563,0.037500000000000006,1
10.295866989751548,3.020307326865906e-09,1.5817273464998043e-05,11.631462423956314,98.86743060362868,7.000346715429055e-07,-36.49766025912137,0.0,1
23.577231896110845,1.2655243621730921e-08,7.165234090823272e-06,8.35813155023335,71.04411817698349,4.0349748951744e-06,-27.846598095709787,0.0,1
11.092229379305014,4.175552527954398e-09,1.7098777506869927e-05,10.654671067433279,90.56470407318288,9.166288394609526e-07,-35.620667799219085,0.0,1
0.25485255186237793,5.315475451786001e-10,1.6066689877345434e-05,16.384930541544236,139.271909603126,2.78451756171524e-07,-34.31909606443686,0.01,1
3.7945761611785973,6.54541058421034e-10,1.3905961579772892e-05,14.973290472275693,127.27296901434339,3.33445311515762e-07,-34.72280395506659,0.0125,1
6.590495246844675,7.870969917586989e-10,1.1273441194724736e-05,14.28341462454813,121.40902430865911,2.144817778197825e-06,-19.375836942707718,0.0,2
6.725030851146787,1.8265451806901976e-10,5.597222724087002e-06,17.627380666249984,149.83273566312485,3.73872341159125e-08,-49.11420502739772,0.0,0
31.568976189268852,3.202101342657208e-09,1.0151251069277095e-06,11.29889876081679,96.04063946694271,3.0752398828847414e-06,-23.655441111434104,0.0,2
18.20757463157245,1.492135724358361e-09,4.623008568156077e-06,12.685519301133532,107.82691405963502,2.1505041002386247e-07,-43.687641995472816,0.0,0
16.023431804586185,3.9130008918236745e-10,2.7209530863371167e-06,16.220220989536934,137.87187841106393,1.5430095990344724e-06,-20.558420684046013,0.0,2
19.206902588190204,9.018137349135972e-09,1.0122719607122302e-05,9.063428090999658,77.03913877349709,2.2662496167072602e-06,-31.4013289807947,0.0,1
15.228255564179246,9.948322733590795e-09,1.6293414346907677e-05,8.212910037731266,69.80973532071576,5.463489775210386e-06,-23.102197091932226,0.0,2
13.273233247968149,7.626564193454086e-09,1.826821823146765e-05,8.856170929563929,75.2774529012934,1.7771586772332534e-06,-31.895610539090917,0.0,1
11.628224187847993,1.6322676499768266e-10,3.0800307404754848e-06,17.862090874067963,151.8277724295777,1.1213928184381234e-07,-39.85889276123356,0.0,0
14.804182467590367,4.9856946275349155e-09,1.2612970974677057e-05,9.98233412330107,84.8498400480591,1.1243834763498573e-07,-54.373621063653495,0.0,0
7.344899849598488,1.2590360899932868e-09,1.3361549001161948e-05,13.594703806243519,115.55498235306992,2.4688554463738623e-06,-20.629267641007093,0.0,2
37.6772979194839,3.1855619896934324e-08,2.0815588968949357e-06,5.693881231509055,48.397990467826965,2.4493064412020105e-06,-35.673123789873806,0.0,1
21.17527715317914,2.3898564723269815e-09,4.100750575513977e-06,11.899231612044993,101.14346870238244,4.935180031239658e-07,-38.701894853850966,0.0,1
25.372914062416942,7.512918640921858e-08,1.4289065441412465e-05,4.066684609689414,34.56681918236002,1.1220086768881776e-05,-26.067671177432807,0.0,1
4.958004941994612,7.543989787002261e-10,1.3279048675039603e-05,14.637537375173267,124.41906768897277,1.512818127429267e-07,-42.211747676918634,0.0,0
16.168973991869677,9.065467068229986e-10,4.283978211675416e-06,14.261205344488179,121.22024542814952,1.980268746532399e-06,-22.21647555796139,0.0,2
23.369537185436013,1.341986934150092e-08,7.359106059016817e-06,8.187266909988981,69.59176873490634,8.345328939779341e-06,-21.36319874073869,0.0,2
26.22183801913499,7.119201651880612e-08,1.2926115244882295e-05,4.502383369663504,38.27025864213979,1.687729797734711e-06,-43.23115054834246,0.0,0
21.58416012418921,9.556438450009133e-09,7.5898174560678435e-06,9.070047843067394,77.09540666607285,7.500269665353333e-06,-20.7302005224099,0.0,2
-7.075610217562956,4.1741467231894804e-10,1.8629277791338578e-05,19.40961369246563,164.98171638595784,4.9442485167514e-07,-23.386893350696262,0.2025,2
8.45818666269111,2.0657625159747242e-09,1.6059207461243073e-05,12.243112861482146,104.06645932259823,3.3473200637062986e-07,-40.62862787967366,0.0,0
33.56030750435433,6.727468302423868e-08,5.2246749103926675e-06,4.582506131690149,38.95130211936627,7.710420887136764e-06,-29.159378629271487,0.0,1
12.844723852240756,5.331778082303898e-09,1.566714030403342e-05,10.198928868252658,86.6908953801476,2.888039358800362e-06,-26.219849047942304,0.0,1
1.3362583798006065,4.6242639852154743e-10,1.3709289244194993e-05,16.729572533475544,142.20136653454213,7.524378415704723e-07,-25.508480295083714,0.01,2
2.7580861423687657,5.311509410468279e-10,1.2829863252555729e-05,15.839373734223296,134.63467674089802,1.7036879408801909e-06,-18.879246796713648,0.0,2
6.638094247317592,5.432411963289657e-10,9.366464158497915e-06,15.520601259281234,131.92511070389048,1.2700052210852641e-06,-23.11417926236521,0.0,2
-3.6207626281203362,4.840384670442827e-10,1.8469360669252306e-05,17.49999552874796,148.74996199435768,6.296366480230994e-09,-64.57392097665463,0.10500000000000001,0
2.7003735938353977,9.046763886399937e-10,1.771933544060099e-05,14.472222983220272,123.0138953573723,1.6109660141406627e-07,-42.07849642755374,0.0,0
21.056402476461045,1.190487426022392e-08,9.444884260309792e-06,8.657583965616219,73.58946370773786,1.6533860725470662e-06,-35.70745610782198,0.0,1
-1.5965759698731388,1.24969210998964e-10,8.658741329783875e-06,19.845949098806855,168.69056733985826,2.020745787985847e-07,-30.004203282314045,0.09,1
2.3042408743573,2.9253632868924473e-10,1.0001402496216325e-05,17.2318758565255,146.47094478046674,1.2072993476762852e-06,-19.546010752961546,0.0075,2
19.842804112270457,1.1559866405746946e-08,1.0484602682517697e-05,8.348263713440383,70.96024156424326,4.344126766289787e-06,-26.16635073375168,0.0,1
32.252178232593714,4.83181295799886e-09,1.3689276203672864e-06,9.64542443271443,81.98610767807266,3.8382395377781124e-08,-63.539048298187886,0.0,0
-0.016416815497585606,3.3173712267210107e-10,1.2788721285953423e-05,17.240489761942403,146.54416297651042,3.0664067443882857e-09,-70.80973640082864,0.0375,0
32.219521770309,8.125540975889414e-09,1.9588249444111714e-06,9.358117101363431,79.54399536158917,4.320287474654801e-07,-45.52010326606333,0.0,0
37.359945940250356,2.4862300883498468e-08,1.8732295168015393e-06,6.671010584226798,56.70358996592778,1.2300211971257488e-06,-40.838786604281594,0.0,0
7.058702759748447,9.834161999332808e-10,1.2156751029424239e-05,14.058809986629058,119.49988488634699,1.588740814417635e-06,-23.534098759115206,0.0,2
23.341875663406192,1.524688351738311e-08,7.985225332419242e-06,7.632889051616792,64.87955693874274,6.925213725933897e-06,-23.297159785600986,0.0,2
26.918191663048148,5.505950136070173e-08,9.848535157124742e-06,4.991120800532197,42.42452680452368,2.029691776444019e-05,-19.26564049464512,0.0,2
-0.9241222304305275,1.8543703257678645e-10,1.0004546246405792e-05,18.655763203056136,158.57398722597716,2.3440558160364677e-08,-50.43452555552848,0.0625,0
22.07017961588769,1.0510403188814118e-08,7.839302972271578e-06,8.949044011808498,76.06687410037223,2.4797351606620886e-06,-31.381706023807286,0.0,1
37.51267747295004,2.238296400621578e-08,1.7075484128784011e-06,6.640091529222142,56.44077799838821,1.4860812253974753e-06,-38.47671388399008,0.0,0
3.0618626482334355,1.0960006753784953e-09,1.9492163414543754e-05,14.226729309422609,120.92719913009219,1.6391904385040964e-07,-43.673244647324324,0.005,0
18.665681456026824,3.8724260742544435e-09,6.8287592953731705e-06,10.93963610381058,92.98690688238993,4.10806466431588e-06,-22.07127939149843,0.0,2
27.797783368452897,3.3221177311454108e-09,2.1152931418231766e-06,10.308317851122192,87.62070173453863,2.160498212085993e-07,-46.72774430491502,0.0,0
4.696389947481626,1.5812827855053714e-09,1.998125632913465e-05,13.177995924258546,112.01296535619764,1.1861634609739005e-07,-47.9655760344515,0.0,0
19.22326367842446,1.5548013790932842e-08,1.339888502634898e-05,7.767588606353488,66.02450315400465,9.094844642132313e-07,-41.34174925243335,0.0,0
-1.0566483924544405,1.6781620057489195e-10,9.53035448035595e-06,18.930720073218833,160.91112062236007,4.0515408969237746e-08,-44.67657652324719,0.0175,0
16.770331160790196,1.1905741720137796e-08,1.4700729667034723e-05,8.426270774680829,71.62330158478704,8.585633181540955e-06,-20.104800463096353,0.0,2
24.571720420157064,6.795728400001254e-08,1.4404010703379504e-05,5.009620667753565,42.581775675905305,2.0315626913931647e-05,-20.787441585439772,0.0,2
31.651050514894262,3.3590219965243294e-09,1.1154668806549118e-06,11.081071541199359,94.18910810019456,9.152879622708011e-07,-34.90233927083638,0.0,1
28.615674786752486,4.290898727697747e-08,7.6081480398314996e-06,5.248385349060896,44.611275467017606,2.685821946176153e-07,-56.2519852442741,0.0,0
26.143218846542837,7.653083596838232e-08,1.3559584310187596e-05,4.174165221218738,35.48040438035927,8.598865412517513e-07,-48.99224508425832,0.0,0
-2.5646972927691323,4.04122371519152e-10,1.5897057864865528e-05,17.71158592655075,150.54848037568138,1.11815389281665e-06,-19.275704413220765,0.060000000000000005,2
28.704421155834833,1.299154591743058e-08,3.948018566816647e-06,8.086820637422631,68.73797541809238,3.970232005378228e-06,-27.486590574079777,0.0,1
17.98639190625454,6.483503556956158e-09,9.864163224573058e-06,9.62401526666007,81.8041297666106,1.3896125057064762e-06,-33.83569007133363,0.0,1
-5.364659707803972,4.051288348371948e-10,1.7888975318986055e-05,18.41576282990432,156.5339840541867,7.50750011301591e-09,-61.029121529994185,0.18,0
-5.575237226202997,3.333193202600002e-10,1.6080660880077675e-05,18.726498399128328,159.17523639259082,2.5801666408847823e-08,-48.702096071692154,0.1725,0
4.416730169351508,6.862230986266035e-11,3.936582612543146e-06,19.92191519637359,169.33627916917553,6.930863692062422e-07,-18.44258148439209,0.0,2
14.380713488887071,1.2599818526788821e-09,6.531423034632465e-06,12.776592398386938,108.60103538628898,4.441465113331161e-07,-36.17873336894974,0.0,1
17.47113917805956,2.1380318677454803e-08,1.8779786944100952e-05,6.9275816468303795,58.88444399805822,5.86351970529286e-06,-26.321102991322228,0.0,2
1.7129469338271708,5.848503654830568e-10,1.5319383694445797e-05,16.20852965854156,137.77250209760328,3.967474070018625e-08,-52.775964439796006,0.0025,0
34.04961032498741,9.688275393518301e-09,1.5348688966560344e-06,8.706689200003328,74.00685820002829,7.920665842476682e-06,-20.01767838146392,0.0,2
6.18814329398554,9.099074204940439e-10,1.3024059842243878e-05,14.19668098947966,120.67178841057712,8.618368007364209e-08,-48.69427464113485,0.0,0
-3.2622711434554525,5.487103964213383e-10,1.8561818685894306e-05,17.252426091625043,146.64562177881288,1.3322823258940944e-06,-18.262075028909365,0.09,2
41.85199905959597,8.068277753074828e-08,1.9786675745862486e-06,4.278296269750697,36.36551829288093,1.2813456560693253e-05,-25.50783590846787,0.0,2
1.5502555365622686,2.7220250148617997e-10,1.0505577740120484e-05,16.946409471827234,144.04448051053149,1.0692760709571012e-07,-39.65912937952541,0.0025,0
22.311886275430712,4.726708536846536e-09,4.9087742563696716e-06,10.159817893978278,86.35845209881536,4.029324456938403e-06,-22.94964243945852,0.0,2
16.3663606889715,6.159134864484327e-10,3.535693605534844e-06,14.478758335824033,123.06944585450427,4.116708105907392e-07,-33.9297500606924,0.0,1
1.815448131511471,2.5417416792222826e-10,9.797319472956774e-06,17.899637942203707,152.14692250873154,1.508844108058592e-07,-37.2067233738491,0.005,1
7.1786819873657315,6.223984900626421e-10,9.571723275151853e-06,15.11503555604071,128.47780222634603,6.677104223415512e-07,-29.332159899675837,0.0,1
2.7983378724736085,3.575108301730133e-10,1.0708376010061249e-05,16.502003594543414,140.26703055361904,9.425818192378139e-07,-22.38528879945004,0.0075,2
23.75543406624081,8.39336515213351e-08,1.8661065367395246e-05,4.028071263483972,34.23860573961376,2.372569136919865e-06,-40.77846534653125,0.0,0
23.149650520412326,2.433297649313682e-08,1.066387421435475e-05,6.867953003706041,58.37760053150134,2.2346046455445054e-06,-35.815632712089666,0.0,1
-2.362439185903265,1.8924741816362187e-10,1.1208701690588897e-05,19.163300951061174,162.88805808402,1.3446733529663322e-07,-34.65813769278801,0.0975,1
8.98312713046764,2.0230962505783306e-09,1.4435413979335787e-05,12.483764971550256,106.11200225817718,1.7469159309694092e-06,-26.215305137804638,0.0,1
8.166589486996205,9.017467587992367e-10,1.0609447345559495e-05,14.001060494906262,119.00901420670323,1.362716982816724e-06,-24.597255135204648,0.0,2
27.13676339663651,1.2803885158241757e-08,4.8496440619231666e-06,7.935080724479025,67.44818615807172,5.843010305244238e-07,-44.35914469502756,0.0,0
9.018764967318925,7.942657614230455e-11,2.657082947432084e-06,19.453768138621935,165.35702917828644,6.656357481331905e-07,-20.40799440142505,0.0,2
1.8005275992055747,5.214041028107213e-10,1.3550344971097362e-05,16.47025178958727,139.9971402114918,9.831006345062963e-07,-23.391931061009444,0.0175,2
20.43903513651275,2.576692584185166e-08,1.5152693317096981e-05,5.865065153232783,49.853053802478655,4.730906209518033e-07,-48.875316594497,0.0,0
6.832834907762843,1.2129820223111793e-10,4.442172045756144e-06,18.66225186750656,158.62914087380577,4.246741854686089e-08,-46.31815012270273,0.0,0
14.935492722897347,3.964023760743923e-09,1.0805604588659365e-05,10.672094566253271,90.71280381315282,2.230539415559857e-06,-27.515520119100763,0.0,1
2.6096899447035433,4.6148476734546657e-10,1.2589612504758846e-05,16.176224171016088,137.49790545363678,1.4772482410124135e-07,-40.04577276347817,0.0625,0
9.0093318723548,1.9658901896097039e-10,4.598303577543704e-06,17.470828335899693,148.5020408551474,3.071068625837684e-08,-51.75819522863583,0.0,0
20.448734174341272,3.632891507537107e-08,1.7843331272720574e-05,6.033438210809749,51.28422479188287,1.7809035163227244e-06,-39.61634576838136,0.0,0
17.96340554567202,1.2977755764387367e-08,1.3748868243296721e-05,7.84143402181081,66.65218918539188,5.6390607433397216e-06,-24.09066575853195,0.0,2
10.180574582361634,9.0596943712985e-10,8.716109176391346e-06,13.59433595266809,115.55185559767877,4.2791411075928256e-07,-34.8149219943419,0.0,1
23.98522311704283,3.003381364604661e-08,1.0627669039056518e-05,6.503241587379195,55.27755349272316,5.9596668942095715e-06,-27.96464261972715,0.0,1
14.595711608051534,1.0989730296969063e-08,1.8850483258995064e-05,8.25660609403042,70.18115179925857,1.9028374332749234e-06,-33.071088546288976,0.0,1
11.058936921277901,1.93190982515456e-10,3.6178135680555946e-06,16.943459578387785,144.01940641629616,3.896985567880483e-08,-49.420105564828376,0.0,0
7.0915012580833,8.700797342767744e-10,1.197493512469986e-05,14.062633558299689,119.53238524554736,1.1835902569002809e-07,-45.78354312364244,0.0,0
24.217022379788965,4.044068609825534e-08,1.1635958453105457e-05,5.712338157210265,48.554874336287256,1.5378164147866104e-05,-20.460334350284086,0.0,2
-1.3301078606084318,3.523524508080267e-10,1.4039454377739522e-05,17.92150285903896,152.33277430183114,1.1820569948242567e-07,-39.13827502163732,0.060000000000000005,0
14.662372474197994,9.770540253166605e-09,1.7879418131706823e-05,8.20241705890207,69.7205450006676,1.4028636447510945e-07,-55.098852167192014,0.0,0
15.434900617066084,4.8669596437856594e-09,1.138383382443512e-05,10.240823151434894,87.04699678719659,1.6701275831990772e-06,-30.87724293439814,0.0,1
20.60017714457027,2.0765351102655662e-09,3.992785712482204e-06,11.868833910324653,100.88508823775955,1.7893582669059257e-06,-26.35111053308684,0.0,1
8.706370588979595,2.837426756757122e-09,1.777251807432262e-05,11.502950467351567,97.77507897248833,2.329133082904393e-06,-25.168636542197703,0.0,2
10.252934687363492,5.112473967678427e-09,1.9962724665864757e-05,10.756648591763915,91.43151302999327,5.357312555670278e-06,-20.74852578383451,0.0,2
3.32244462774798,1.7980740441480453e-10,7.605264872546757e-06,18.07042909923101,153.5986473434636,8.0434226646153e-08,-41.66644111477345,0.0025,0
12.78719279364884,8.132268328513772e-09,1.9873240449033213e-05,9.198242244148032,78.18505907525827,1.9528852454920598e-06,-31.87495309140214,0.0,1
11.75790106297346,1.0938237041053813e-09,8.150307882228289e-06,13.71780371684485,116.60133159318123,2.3613295201444355e-07,-41.397475195001086,0.0,0
19.2258923565782,8.38701654691541e-09,9.760659150045597e-06,8.735650996876627,74.25303347345134,1.660684543577201e-06,-33.266783569734294,0.0,1
24.77952262273714,1.7617809220936386e-08,7.524131979700647e-06,7.509466191791951,63.83046263023158,1.2611261397001008e-06,-39.40222427352403,0.0,0
7.766261781585506,1.7680406463745408e-09,1.553501211648504e-05,12.555263333742573,106.71973833681187,1.562489822469473e-06,-26.40641644781776,0.0,1
11.332325019250407,1.956603900988008e-10,3.5251754885469823e-06,17.054454117142658,144.9628599957126,9.527045509173176e-08,-41.55424996767227,0.0,0
15.77353524924666,1.7501273629706723e-08,1.9774267490720486e-05,7.55288827437134,64.19955033215639,1.2281305774090436e-05,-18.62579162845021,0.0,2
15.112340944799204,1.7333775840657375e-09,6.904415184265433e-06,12.62885980234968,107.34530831997228,1.6738501913043887e-06,-26.281433215858762,0.0,1
15.980071997702927,3.0530528194273582e-09,8.35876637894735e-06,11.16388941909515,94.89306006230879,2.520334860592649e-06,-25.090567206136875,0.0,2
0.30387629147340367,3.75024465719958e-10,1.3253500577611102e-05,17.107278793576544,145.41186974540062,8.146460456853361e-08,-43.400186730085636,0.0075,0
-5.45684858165375,4.955078606997215e-10,1.9709482650079964e-05,18.51702946336254,157.39475043858158,8.024011698234993e-07,-21.45247814299892,0.19,2
3.920201989055996,1.0248839089159224e-09,1.717367876120203e-05,14.645874016506191,124.48992914030262,4.424705705740746e-07,-35.027417020742114,0.005,1
20.227280312542966,3.2064173699358623e-09,5.154132713581439e-06,11.46393751850308,97.44346890727617,3.1522737912112883e-06,-23.79107470746879,0.0,2
8.349233091162457,6.672908592899572e-11,2.6321802520319246e-06,19.78044351828737,168.13376990544262,3.966220661388528e-07,-24.160846794979246,0.0,2
13.451240682742132,1.7330292996186517e-10,2.491113858005265e-06,17.523865248848573,148.95285461521286,4.965857652174359e-07,-26.9114307325678,0.0,1
19.187495579164015,1.3657823349547883e-08,1.20429043043136e-05,7.944508113591644,67.52831896552898,8.383621687470666e-06,-20.961347503872663,0.0,2
-1.04217999159044,4.5482549847664695e-10,1.5901878427314015e-05,16.904241512743223,143.68605285831742,5.917214948262417e-07,-26.200743646712652,0.027499999999999997,1
18.89278273453618,1.2547100808878868e-09,3.8668304262237234e-06,13.077332415503987,111.1573255317839,2.062093634994255e-07,-43.5550455147644,0.0,0
2.826107028780807,1.008520254205257e-09,1.846828095354989e-05,14.182387132560487,120.55029062676415,9.794256943395873e-08,-47.00392414927605,0.0025,0
30.262064275565383,4.5730802207139946e-08,6.339946801020628e-06,5.200955443351846,44.20812126849069,6.969343699768401e-06,-28.09069737406681,0.0,1
-0.32287947272492173,4.770364291624043e-10,1.5834777238072284e-05,16.694528009608096,141.9034880816688,5.481168239228131e-07,-27.778692395787953,0.0075,1
14.616406680804532,1.635934788976603e-09,7.0954535415210676e-06,12.3565497563258,105.03067292876929,1.6992017131853852e-06,-25.54075435026516,0.0,2
7.057272662210004,2.380267297432808e-09,1.9444474370740658e-05,12.239634668037446,104.0368946783183,1.1508725165769733e-06,-30.442940828498713,0.0,1
-4.750838259907974,2.1946078377847547e-10,1.28096714991521e-05,19.737826156725227,167.7715223321644,2.3395133940419426e-08,-48.89556971874076,0.13,0
-1.3341354398989602,5.684220679148164e-10,1.768108330948946e-05,16.765060790550205,142.50301671967676,4.1709518199050787e-07,-30.109476284564213,0.057499999999999996,1
14.709595498999551,2.0159517444342457e-10,2.28451123946458e-06,17.08280858518793,145.20387297409738,7.752784662714589e-07,-23.514739785972715,0.0,2
-1.2934807055902122,6.25755794816113e-10,1.9126447604757268e-05,16.275449812542334,138.34132340660983,3.706109571433588e-07,-31.782547699244105,0.07250000000000001,1
19.27981013408438,1.2074883038278037e-08,1.1657624541916373e-05,8.03856365163317,68.32779103888195,2.0269714800507806e-06,-32.86494801607126,0.0,1
0.421837984585657,1.924173495503181e-10,9.536162038564065e-06,18.466446642636587,156.964796462411,1.5844004209027537e-07,-35.05337325648711,0.0125,1
18.240676453004056,1.3686859003620107e-09,4.357505003785872e-06,12.913682261441421,109.76629922225207,2.968893952029781e-07,-40.71092105869504,0.0,0
5.153628972885541,3.840895480475371e-10,9.111820762004071e-06,16.20734192070467,137.7624063259897,1.476792015870573e-06,-19.695130248374948,0.0025,2
9.790080225749215,4.132147855326193e-09,1.9763613254414925e-05,10.454533362641918,88.86353358245631,1.379367553621799e-07,-51.56503081543345,0.0,0
13.674620178193233,1.5981010024298094e-10,2.3382232372035706e-06,17.469568225336456,148.4913299153599,1.9209954620121826e-07,-34.83056693198695,0.0,1
3.8617112063785957,1.524705605554425e-10,6.698633891047768e-06,18.21240080933567,154.8054068793532,6.17173516907539e-09,-63.42456506012638,0.005,0
31.188888160010592,5.635459745687905e-08,6.2293857827464235e-06,4.9858710098418175,42.37990358365545,1.2113529538171351e-05,-24.273998730196375,0.0,2
13.14718842671195,2.852504460075047e-10,3.4832218040223768e-06,16.414630208410497,139.52435677148924,2.0758071833281813e-08,-56.81618617881724,0.0,0
9.68317828239899,3.7009296361646998e-09,1.906908599327629e-05,10.800129029811382,91.80109675339675,3.6927311247883057e-07,-42.54503031077212,0.0,0
0.9290153793500937,1.2754104175882717e-10,7.670930457775556e-06,19.391359342904085,164.82655441468472,1.0338950189476769e-08,-57.49926552966093,0.0325,0
26.753811624461576,8.938497992271835e-08,1.3488710312841964e-05,4.052427969627079,34.445637741830176,5.9039472855810636e-06,-32.87556498976783,0.0,1
4.796350265273424,3.1264934097292705e-10,8.57891176849319e-06,16.776047770627446,142.5964060503333,4.5803162024124613e-07,-29.159814155493407,0.0,1
14.970472259009174,7.162271160074251e-09,1.451351445471486e-05,9.548722340213137,81.16413989181167,2.1558179531999933e-06,-30.58987173202857,0.0,1
32.288274912559345,7.21390188334239e-09,1.6509492940303962e-06,9.450842252144415,80.33215914322753,7.662204637205238e-06,-19.110514488002032,0.0,2
5.4810452314413505,2.2872994003718095e-10,7.01243208678347e-06,17.117564227580832,145.49929593443707,2.299607530931333e-07,-33.92533521968348,0.0,1
19.889870543113474,3.301372192216295e-08,1.803235123194465e-05,6.109252695957443,51.928647915638265,3.678544973925169e-06,-32.89432342877796,0.0,1
6.62464580897675,1.6345675092108372e-09,1.6814141600406183e-05,13.277522927876246,112.85894488694808,7.385305920219205e-07,-32.96736468924125,0.0,1
4.4715809567654645,3.171071000365005e-10,9.117655511572434e-06,16.356676077644398,139.0317466599774,1.2447540454878875e-08,-60.29508645568885,0.0,0
6.104015202148326,1.6036891929131423e-09,1.733625594598201e-05,13.131242912044133,111.61556475237512,1.3609326625556132e-06,-27.072342984182036,0.0,1
4.618033822007056,1.0018290311625673e-09,1.5954317706383168e-05,14.275065830780079,121.33805956163067,1.1298350044918459e-06,-26.49288935200888,0.0025,1
15.43372017548889,1.200561693158851e-09,5.416514651499016e-06,13.535128814553794,115.04859492370724,2.342044669257969e-06,-21.95110062402445,0.0,2
27.785454145176235,2.3182132021232095e-09,1.6867914201772504e-06,11.543130675519379,98.11661074191473,1.4112084148580388e-07,-49.08106766821592,0.0,0
26.114390049545193,5.564558216334337e-08,1.080561533137387e-05,5.082641621927728,43.20245378638569,2.1599784770984295e-05,-18.828140392873035,0.0,2
17.88937887201118,2.2422338872265351e-10,1.454780378676976e-06,16.75439665328364,142.4123715529109,1.4272973730741598e-06,-18.28616991718729,0.0,2
15.789791916299764,2.092376517273447e-09,7.203346860693154e-06,11.939290263495216,101.48396723970933,5.925087138577175e-07,-36.53791394406777,0.0,1
21.862613569843635,5.13104331852401e-08,1.7751310333403797e-05,4.975714970024175,42.29357724520548,7.911517522954296e-06,-27.44301305154888,0.0,1
26.925024773109932,2.8559740907105337e-08,7.127412947303568e-06,6.627806971556267,56.33635925822827,1.3454058680691816e-05,-20.2182293800155,0.0,2
22.593319243160543,8.756852147053388e-09,6.4301106683028725e-06,9.19064118678497,78.12045008767227,7.319201913278145e-06,-20.42847629329019,0.0,2
13.281233551951509,3.7000755461914455e-10,3.9015737614845495e-06,15.476166328502991,131.54741379227542,2.2575109025264182e-07,-36.51452231094665,0.0,1
0.978788954626712,3.411729524857048e-10,1.2123161143709832e-05,17.110702348756657,145.44096996443156,5.576300397514325e-08,-46.43291915649325,0.0075,0
12.755936001983258,5.735628348308218e-09,1.641439043419922e-05,9.822229175626767,83.4889479928275,3.504330040853704e-06,-25.05834775399254,0.0,2
14.856789643725183,1.0424386941284553e-08,1.788868454671057e-05,8.66042530533513,73.6136150953486,2.8762794528168916e-06,-29.540485205353452,0.0,1
-1.2638885246827192,2.4910516519124137e-10,1.2271180263964785e-05,18.223558052307563,154.9002434446143,1.0156224259225916e-07,-39.318135042717735,0.052500000000000005,0
23.713354959517304,3.36294905894941e-08,1.1843029852443583e-05,5.799473340615299,49.29552339523005,1.0010468292160275e-06,-43.70943916920894,0.0,0
24.964146707561817,5.037363087682309e-08,1.2533923608837642e-05,4.789340289733582,40.70939246273545,1.8820863515242184e-06,-39.926747823004675,0.0,0
16.198892498467757,2.183696988686125e-09,7.024112118314791e-06,12.17044173103712,103.44875471381552,2.8863672966761237e-08,-62.97578637320389,0.0,0
16.200812867500897,8.690581959312665e-09,1.4266157104637251e-05,8.840730283088616,75.14620740625324,7.212994192913432e-08,-61.09935735314791,0.0,0
18.0666418515223,6.842295279394082e-09,1.0170575372769094e-05,9.186121371016306,78.08203165363861,8.479298942290711e-07,-38.26748757152909,0.0,0
28.203120141399136,7.057938917809452e-08,1.0235455087050619e-05,4.227719887882315,35.93561904699967,1.525315422367641e-06,-43.607872141798055,0.0,0
27.374062957589768,9.066427190645288e-09,3.913827763426126e-06,8.787478401973091,74.69356641677128,9.246676656235612e-07,-38.97633216606454,0.0,0
7.197893168855841,7.203638083792725e-11,3.0705805150403963e-06,19.716157725553458,167.5873406672044,7.673774768995545e-07,-18.399153698784932,0.0,2
3.0527781507752527,1.0035448604087047e-09,1.846205323173367e-05,14.25542985860711,121.17115379816045,8.11450538537154e-08,-48.80492511800845,0.0,0
8.76124379845267,2.279473760483449e-09,1.6299643245629363e-05,12.069455859713337,102.59037480756336,3.222455419417971e-07,-41.64223518779486,0.0,0
10.474396438400937,4.3002804710296415e-09,1.8669509760164422e-05,10.496231954322498,89.21797161174123,5.784724962622874e-07,-39.54662939111295,0.0,0
18.679556497183036,2.932697626978322e-08,1.9639188706430384e-05,6.425177068384571,54.61400508126886,1.5113453899522019e-06,-39.97184596778837,0.0,0
18.901639132556824,9.185759694164005e-10,3.079141280622243e-06,13.898124226493858,118.13405592519779,2.3847176488286014e-06,-20.554452973664063,0.0,2
5.68258179924406,1.5865559819889657e-09,1.7619604602800186e-05,13.005553331218591,110.54720331535803,2.292353233934767e-06,-22.049067093538298,0.0,2
28.474260611188647,3.453125831799642e-08,6.642604233805047e-06,5.851311839638747,49.73615063692935,1.0448679519421562e-05,-23.197815249011736,0.0,2
1.3634277791046414,5.959942026413282e-10,1.549918677946467e-05,16.068145217158797,136.57923434584978,4.1501743972098375e-07,-31.875860219110322,0.05499999999999999,1
16.558916645888004,9.754685648331666e-09,1.4354128737230384e-05,8.761639118151948,74.47393250429155,1.2392043892288648e-06,-37.08720589988124,0.0,1
7.788044335141971,7.364319714946348e-10,1.006806890709636e-05,14.41568821100039,122.53334979350332,8.556198389770711e-07,-27.899426970310635,0.0,1
29.525536677246812,1.2608405153523575e-08,3.3428520561661298e-06,8.664207534999946,73.64576404749954,1.0590953447725704e-05,-18.983539848592358,0.0,2
2.634086182554378,6.544645412495241e-10,1.4613510439288065e-05,15.476247274019961,131.54810182916967,1.7621457256873372e-06,-19.862240197542516,0.0,2
3.519201347323987,4.69799633394862e-10,1.1806264606514033e-05,15.671093464014195,133.20429444412068,1.1906381937259376e-06,-21.836089390934124,0.0,2
26.91106846641775,1.4728360397854745e-08,5.252256458172133e-06,7.219006821882264,61.36155798599924,3.967582077077405e-06,-27.620261347007308,0.0,1
7.193968491884205,2.6237557137786757e-10,6.457205494736509e-06,17.10536515042934,145.39560377864936,7.74542961496175e-08,-44.80768105379618,0.0,0
9.755805294673053,2.246415452914339e-09,1.4509335404131026e-05,12.157300607550756,103.33705516418144,1.3497610618195294e-06,-29.4994375669617,0.0,1
8.81133650900008,1.898281417021756e-09,1.4677789861611555e-05,12.231458206725025,103.96739475716271,4.1183028366861353e-07,-38.355306164810614,0.0,0
9.05892100052882,3.0036707192409134e-09,1.8143624788498098e-05,11.656086828142755,99.07673803921341,3.9630595007498106e-07,-41.45192052842159,0.0,0
4.061159460786116,1.2978178345709924e-09,1.94067135249007e-05,13.664159001484274,116.14535151261633,2.6292169522192796e-07,-40.27673920841886,0.0025,0
21.164600500434773,5.063356385584838e-08,1.9132547863043525e-05,5.000253836902811,42.502157613673894,7.62999520639025e-06,-27.764902903315093,0.0,1
8.590527179242557,3.5021327295719836e-10,6.445797396290546e-06,16.222293938033683,137.88949847328632,5.462861905548165e-08,-49.24740249305974,0.0,0
26.435606373707046,6.08425640306323e-08,1.142078262576217e-05,4.683503652425289,39.809781045614955,9.189139252168347e-06,-27.107993459441836,0.0,1
20.641820152566808,1.555045627932091e-08,1.1431471093065e-05,7.702894401298986,65.47460241104137,1.2279094466110425e-06,-39.025149081101674,0.0,0
8.900402427126773,2.413864615254965e-10,5.1333604795528586e-06,16.725391080392246,142.16582418333408,3.540421015232554e-09,-70.91606063457236,0.0,0
20.292898127348682,4.261123644112266e-08,1.9859901033319405e-05,5.5302503603685444,47.007128063132626,4.817201757107516e-07,-51.562066343718556,0.0,0
28.75340251030499,1.3346052698538117e-08,3.9023474629307066e-06,8.109782383828028,68.93315026253823,6.335217196825796e-06,-23.52831689290188,0.0,2
27.326318967321157,5.380865899328893e-08,9.859849664240192e-06,4.870765275705536,41.40150484349706,2.166945284994014e-06,-39.501669226172226,0.0,0
14.76939904097587,2.4536952024251157e-09,8.362703030911792e-06,11.627066244759854,98.83006308045877,3.569872171131058e-06,-20.743207962877904,0.0,2
9.875942120444712,3.7411239080277705e-09,1.833483154867301e-05,10.960660643293949,93.16561546799858,1.645487891515945e-06,-29.68579535604114,0.0,1
3.726383819042221,1.4383270706049575e-10,6.635866278805478e-06,18.182859853168388,154.5543087519313,6.519175790568462e-08,-42.5644967677421,0.0,0
6.349627055562294,1.2376267997988216e-10,4.653807099370748e-06,18.40957551690276,156.48139189367345,3.7118579894997867e-07,-27.118867054137866,0.0,1
14.297233512749418,7.287162746117918e-09,1.5962320044995565e-05,8.979259652801622,76.32370704881379,4.631517799475801e-07,-43.24711823732783,0.0,0
24.17188740931083,1.8262560214811484e-08,8.16267591957026e-06,7.258232556695024,61.6949767319077,2.905879342903254e-06,-32.11141568577922,0.0,1
25.825795789292236,1.4609134440960857e-08,5.92395838641564e-06,7.566032742694765,64.3112783129055,4.352065719181595e-06,-27.284209127161937,0.0,1
1.9436209793388564,6.084635230081369e-10,1.5691936415196045e-05,15.279886722204205,129.87903713873575,1.1444629400493291e-07,-43.19997955071703,0.0025,0
2.232878232024571,3.6813856864429355e-10,1.1523034393841433e-05,17.03097398349448,144.76327885970306,2.5349485661673806e-08,-54.400809819018846,0.0175,0
-2.613055141958256,5.448848049038562e-10,1.8248716205395296e-05,17.225544417228004,146.41712754643805,1.0763508428458627e-06,-20.796208142627698,0.0975,2
32.30730121142051,2.2468744988731622e-08,3.3911633046993736e-06,6.675590475139266,56.74251903868376,5.41018581762236e-06,-27.302984355226027,0.0,1
16.636617749227387,8.793430164831076e-09,1.3253348290826222e-05,8.613449940483639,73.21432449411093,2.875637599757907e-06,-28.307851541800236,0.0,1
13.38813532283565,4.452981618500383e-09,1.3356675081996185e-05,10.254074216475505,87.1596308400418,4.500317511797112e-06,-21.335745817094125,0.0,2
18.92381548376864,1.901810813641434e-08,1.4872378296708262e-05,7.255473215102059,61.6715223283675,8.250704280035884e-06,-22.746247065689325,0.0,2
23.18630196240042,4.396382271521539e-08,1.4283119011171335e-05,5.114062959564524,43.46953515629846,3.6530024494452483e-06,-33.72877214507943,0.0,1
-3.530704442943899,2.390813731477473e-10,1.2705085090625295e-05,19.333544905992312,164.33513170093465,7.894189754588549e-08,-39.48420264573749,0.08,0
16.501446228595388,2.815882798725423e-10,2.06280845815097e-06,16.552545615085815,140.69663772822943,1.653284302681185e-06,-17.84369682841461,0.0,2
16.502680825205932,2.115546660415441e-09,6.518036693014278e-06,11.870761244573956,100.90147057887863,1.6741168841408485e-06,-26.95584407627994,0.0,1
16.889760206375463,1.628357798629327e-08,1.756014438562568e-05,7.463297720852099,63.43803062724284,4.016286751510464e-06,-28.41333927131812,0.0,1
22.157712161093542,8.361666386403254e-09,7.018651527740708e-06,8.909818041378996,75.73345335172148,6.57025446985731e-07,-41.51270846970016,0.0,0
4.068256437367631,9.411325920607782e-10,1.630060498482392e-05,14.457056888659913,122.88498355360926,1.747492863163076e-07,-42.386856428973616,0.0075,0
-6.79826836481557,3.621867280251209e-10,1.732953262343969e-05,19.221310372548032,163.38113816665827,2.457122063471736e-07,-28.53975244808625,0.1575,1
6.7070617211222485,9.415145847518996e-10,1.2117179163771854e-05,14.292564579623132,121.48679892679664,1.8950715802837735e-06,-21.489146840286,0.0,2
17.827274679723967,1.824967838242556e-08,1.6271625839549296e-05,7.5852464814978475,64.4745950927317,1.016768115330483e-05,-20.804836649722056,0.0,2
16.4534970844543,1.3830680977098639e-08,1.7251124317425262e-05,7.89264307985294,67.08746617874999,2.097475272805789e-06,-33.63599478163415,0.0,1
19.221512099010216,2.144849063521668e-08,1.5565590600491077e-05,6.819133273475467,57.96263282454147,4.871774171980805e-06,-27.79586906985162,0.0,1
17.81712855189481,2.1340742483245704e-09,5.469102567824466e-06,12.26224397295803,104.22907377014326,3.652818408702376e-06,-20.3781098800688,0.0,2
12.985700233736587,9.34425917124742e-10,6.607474687943218e-06,13.618107731403786,115.75391571693217,2.9653753363663513e-07,-38.92113314612149,0.0,0
5.296844512419617,1.7358078867832161e-09,1.9609434025613845e-05,12.827493586574235,109.03369548588101,1.4723638009544963e-06,-26.49740600112264,0.0,1
24.414575029608642,4.8005608365598313e-08,1.3084089933129317e-05,5.274598659217368,44.83408860334763,5.708410888005656e-07,-50.675437027263676,0.0,0
18.349937945578656,1.5614011017636196e-08,1.482264602541236e-05,7.99666900820626,67.9716865697532,1.8411666198532235e-06,-35.651505366034925,0.0,1
21.326041165674905,5.5524367152584855e-09,6.2461915304411144e-06,9.905886987249959,84.20003939162466,5.067403911844512e-07,-42.11360664638599,0.0,0
20.792622375356927,8.067518275540273e-09,7.96966674756617e-06,9.482014686006918,80.5971248310588,1.9273853483340064e-06,-32.50450210045263,0.0,1
16.145046566692915,1.1359958967360691e-08,1.627484700191199e-05,8.384141489543225,71.26520266111741,1.0012720705992842e-06,-39.19037838873543,0.0,0
24.506948239945608,9.116353177606564e-09,5.564917020389483e-06,8.629134258266877,73.34764119526845,5.200831107418792e-07,-43.726054047152005,0.0,0
21.289803970715504,2.968204673042614e-08,1.4743232065366495e-05,5.440716333772208,46.24608883706377,8.075869227504126e-07,-44.47040886489552,0.0,0
13.287207950334889,4.174398646718847e-09,1.3318227162114902e-05,10.761692766093148,91.47438851179174,1.6531135920148954e-06,-30.19431360647955,0.0,1
11.464060702943808,3.6696773471303463e-09,1.5537208061834587e-05,10.75146945113794,91.38749033467248,1.6545388695029553e-07,-49.45482317325701,0.0,0
-0.08850098490453923,2.2153271159361787e-10,1.0767119999924533e-05,17.820850982149494,151.4772333482707,7.914926971191989e-08,-41.295911949161834,0.01,0
6.744524075035016,1.2885554270084869e-09,1.481731783250464e-05,13.764434081438232,116.99768969222497,8.124701609512858e-07,-31.19381725493512,0.0,1
0.7399431700568273,3.0129102173155485e-10,1.1658612105127929e-05,17.353848825576105,147.50771501739686,5.985041322134796e-07,-25.44460164145648,0.0125,1
3.780610631033489,2.5478224339223225e-10,8.295890982262403e-06,17.34071965754485,147.3961170891312,1.1762910350405437e-06,-19.52099612723645,0.0,2
31.87565766733051,1.3986712784169888e-08,2.720951590101987e-06,7.705912672806176,65.5002577188525,5.949733388789487e-06,-23.89325531619304,0.0,2
10.956883207131778,4.721905588471594e-10,5.616493932125509e-06,15.453986765857799,131.3588875097913,9.208838685842184e-07,-25.50083982596618,0.0,2
44.591727831616254,8.421294793867071e-08,1.253353254065786e-06,4.148564931822242,35.26280192048905,2.399461658002829e-05,-19.69250658093412,0.0,2
21.605712102454767,5.5557216973564617e-08,1.8271619834680064e-05,5.152895588195131,43.799612499658615,1.7797213883571308e-05,-20.655726007439238,0.0,2
20.874406594508628,2.3437269715482626e-08,1.3723608266560161e-05,6.955988662294968,59.125903629507235,3.888798516657004e-07,-51.18093968947085,0.0,0
2.9346390030294285,1.1410469849731824e-09,1.9594287186746463e-05,13.871799912150273,117.9102992532773,9.544310468995607e-07,-27.847497155530185,0.0275,1
11.56124923039313,1.0173091641313456e-09,8.09129156493379e-06,13.644130566628474,115.97510981634203,4.35854352578942e-08,-55.91506179756642,0.0,0
16.426798436132792,1.2749213786823479e-08,1.6604252932924367e-05,8.027525847762126,68.23396970597808,2.9367926049821655e-06,-30.057035026226057,0.0,1
13.553971702361281,6.697982788275534e-10,5.078674538864765e-06,14.93717274880103,126.96596836480876,9.965986900187616e-07,-27.10175877184437,0.0,1
19.82544449190581,4.647880625935952e-09,6.576714338585081e-06,9.973802202411338,84.77731872049638,3.5460622732635827e-06,-23.683806833394314,0.0,2
12.004254544571118,2.5701677112336984e-10,3.7790192755086554e-06,16.57196576292435,140.861708984857,1.1089387217535801e-07,-41.508609141768495,0.0,0
9.57846882963456,1.099635482768379e-09,9.827100872464748e-06,13.801992398405359,117.31693538644555,2.7943970293346144e-06,-19.346455862593558,0.0,2
13.413074093617453,3.33629513929427e-09,1.19857931437393e-05,11.19354554591015,95.14513714023627,1.263176859321502e-07,-52.257650702668556,0.0,0
1.294364429652213,8.835148037496006e-10,1.8473128408709068e-05,15.421999566045237,131.0869963113845,1.6125239146882816e-06,-21.503144077749514,0.0025,2
7.131409952681665,1.7300829574822846e-09,1.6524921500389232e-05,12.200286548377555,103.70243566120922,3.590159996807674e-07,-38.7235284197706,0.0,0
0.09595107007281223,4.751354840342844e-10,1.5065874199828982e-05,16.613515733112166,141.21488373145343,5.852631532097141e-07,-26.935499569608353,0.07250000000000001,1
15.472206625372888,9.869916334777706e-10,4.942377472238291e-06,14.128169204342104,120.08943823690788,1.3403457526661222e-06,-26.043803534038055,0.0,2
2.6684965791931465,4.76272701222804e-10,1.279656388821854e-05,15.748939887291758,133.86598904197996,1.5203423645721015e-07,-39.645183335980015,0.0,0
29.26588045445397,6.260740620350921e-09,2.5207320711184426e-06,9.655794366794375,82.0742521177522,3.667074237984814e-07,-45.64696109552858,0.0,0
34.4407519746906,4.737421020765108e-08,3.994721233868243e-06,5.373716893066529,45.676593591065505,7.25014920255568e-07,-48.50651886355854,0.0,0
8.415468699779492,9.607577469727975e-10,1.0966116808368074e-05,14.035723313916732,119.30364816829223,2.2857178507502642e-07,-40.921569096583156,0.0,0
15.413881780737611,1.6007097239053132e-09,6.306689499989693e-06,12.778975692260435,108.62129338421369,2.7891738935809515e-06,-21.5423230015259,0.0,2
33.11057445145906,5.5613791288714046e-08,5.007867763068704e-06,4.769485977413357,40.54063080801353,7.1582697528851106e-06,-28.812189986997396,0.0,1
15.334009233285677,4.199712726703511e-09,1.0657015560029408e-05,10.204945556447448,86.74203722980332,1.9432719406360107e-06,-28.4709271185771,0.0,1
30.558611046534008,2.1901982244200172e-08,4.1864570701553695e-06,6.91958750188189,58.816493765996064,3.942174632302163e-06,-29.91072490683954,0.0,1
16.29595781608205,1.0173930272087175e-09,4.624322106604162e-06,13.553278573351438,115.20286787348721,1.0087545935677756e-06,-28.403069983240794,0.0,1
16.365603828722858,1.4003525803123087e-08,1.679973084907207e-05,8.00747488994459,68.06353656452902,9.360451174002013e-06,-20.111870852062506,0.0,2
25.763949799741294,2.3230796198785546e-08,7.73303327688575e-06,7.015654183825316,59.63306056251519,1.2645298652880521e-06,-40.59614099773731,0.0,0
9.43307071835083,3.1883611864556443e-10,5.634488124113344e-06,16.369545575601716,139.14113739261458,1.7247082027431104e-08,-58.820039697921914,0.0,0
12.405824995670296,4.279741953475045e-09,1.5170100280316303e-05,10.47263767746845,89.01742025848182,5.758056848159453e-07,-39.484262612259855,0.0,0
-2.7969169133206946,3.006128506660923e-10,1.3543431443332186e-05,18.923625026208153,160.85081272276932,9.19213834431291e-07,-19.89339853590338,0.08,2
6.178069170998189,4.047904082507159e-10,8.77489815461841e-06,15.988375641620536,135.90119295377457,1.2088122424152433e-07,-42.26460334333873,0.0,0
27.44708422923104,3.337994126729558e-08,7.5500034192151315e-06,5.725284957608309,48.66492213967064,4.9815169408840285e-06,-29.788732965604723,0.0,1
12.082044162665728,9.092085400308992e-10,6.844880962651189e-06,13.965665692800656,118.70815838880559,2.2361545208295655e-06,-20.50886146441774,0.0,2
3.9346145430576973,8.013673419100641e-10,1.5135491135366063e-05,14.58375849370213,123.9619471964681,2.8890548272173585e-08,-57.20524892093547,0.0,0
21.112646181956592,1.2690403569649069e-08,9.723781643449603e-06,7.8085421726541515,66.37260846756028,1.0194382177350636e-06,-39.12095835085963,0.0,0
6.505642777771302,1.3428944894822324e-10,4.700591194317794e-06,17.9398363102262,152.48860863692272,8.201240235464826e-07,-20.11090716166897,0.0,2
11.672876978682362,2.4514147885222294e-09,1.2072456004613312e-05,11.548020257320816,98.15817218722694,2.1733555984182965e-06,-25.114117192163576,0.0,2
18.533262505673544,3.771395960136215e-09,7.100898422386545e-06,10.583798087874358,89.96228374693204,3.9213193150094664e-07,-42.416048868906564,0.0,0
16.015100358050784,2.1676926583244363e-10,2.059669779940911e-06,16.932716366577317,143.9280891159072,1.0462988531394974e-07,-41.48670629249196,0.0,0
12.561473917896999,5.232596283258963e-09,1.6305765249151255e-05,10.404839296962528,88.44113402418148,1.9398053004627737e-06,-30.13119753632242,0.0,1
26.204763633649854,4.974653097386642e-08,1.078199589805262e-05,5.132044058241774,43.62237449505508,2.056671973581184e-06,-39.66953831567007,0.0,0
-0.3116339417618649,3.4533211534817857e-10,1.341473660268889e-05,17.405813015535745,147.94941063205383,9.097034554288047e-08,-41.93423295967219,0.024999999999999998,0
-4.309406929895227,4.019218443505289e-10,1.6912124321154703e-05,18.527111848986078,157.48045071638165,4.79736561418177e-07,-25.702497439105755,0.0775,2
6.820227998926614,1.4676474483311658e-09,1.585961169713081e-05,12.938833758218497,109.98008694485723,1.4094024032046524e-07,-46.60234592253496,0.0,0
-3.66309130430017,2.3601626525651236e-10,1.302841365211286e-05,19.524134891736157,165.95514657975733,2.8252382060015454e-08,-48.877580809603046,0.05,0
31.12581725806363,7.172721074476482e-09,2.0032222121101154e-06,9.153909880663836,77.8082339856426,5.429488211416862e-06,-21.999386417986074,0.0,2
29.380775583169083,1.976629526220822e-08,4.4867940651329595e-06,6.951041542466624,59.0838531109663,7.492771567450288e-06,-23.6090241243975,0.0,2
8.632701229422715,4.929546324111837e-10,7.475757318423802e-06,15.359566633241997,130.556316382557,7.102597768130116e-07,-27.723810857928214,0.0,1
14.399803017239702,4.777704813473218e-09,1.235422230565293e-05,9.984009897177586,84.86408412600947,4.448236473029223e-06,-21.703609560339107,0.0,2
27.356830782766334,1.1421019655947318e-08,4.332910628702382e-06,8.008441661895104,68.07175412610839,4.167000235919171e-06,-26.199380655057375,0.0,1
27.129681541018673,1.8864091514578806e-09,1.6234505188320418e-06,11.898346349480342,101.1359439705829,9.899773569549849e-08,-51.35857487578605,0.0,0
16.595473802878946,1.0870391252375027e-10,1.15566227341493e-06,18.17410149242217,154.47986268558847,7.116267434955719e-08,-41.86095966107807,0.0,0
11.69070801760885,5.073802149118009e-09,1.7737451511691194e-05,9.876106155723761,83.94690232365195,2.1553108942971445e-06,-28.50053937188747,0.0,1
20.104182307407996,1.3416454962479609e-08,1.1230141654585969e-05,7.6441697434412665,64.97544281925076,1.110439193877013e-06,-38.90618255813961,0.0,0
27.948085929322115,2.6034206896114744e-08,6.091145869740029e-06,6.481704155732998,55.09448532373048,1.0350661075455178e-05,-22.210314835068328,0.0,2
13.630650253894599,6.773014568052213e-10,5.1574170295279885e-06,14.759586320256709,125.45648372218203,3.309787781276257e-07,-36.80852678080435,0.0,1
38.89999705525605,5.580012478955899e-08,2.476304689561844e-06,4.863935664037863,41.343453144321835,1.2692506047813898e-06,-44.01499578304782,0.0,0
10.622839059635943,3.4306187463178852e-09,1.6525533496394954e-05,10.950069109917408,93.07558743429797,1.1741510528002518e-06,-32.1406361128703,0.0,1
10.508990257131135,1.88090082039607e-09,1.1672207011663109e-05,12.595945614599337,107.06553772409437,3.6052120086960846e-06,-19.726494993098754,0.0,2
6.374877185168821,1.0130899541718644e-09,1.3767391563110212e-05,14.074587202844961,119.63399122418217,4.122551326472258e-08,-55.71427069379581,0.0,0
28.910981350904517,2.613093368665924e-08,5.397654839581636e-06,6.366439947578989,54.11473955442141,1.1555769067033543e-05,-20.99299200747533,0.0,2
-7.965014538700573,4.5133105747704536e-10,1.9598241648028486e-05,19.271953380955047,163.8116037381179,2.9393208486975125e-07,-26.942173338359424,0.205,1
2.3541617584684333,4.969627275041032e-10,1.3451239136824706e-05,16.225141334795477,137.91370134576155,8.994956139881416e-08,-44.65379270203587,0.0025,0
-4.752596711505271,3.8452531176039767e-10,1.6800843340917105e-05,18.475797481085294,157.044278589225,1.253283474514703e-07,-36.33088833403241,0.10500000000000001,1
3.061721113407015,7.843010474183126e-10,1.6196710038628806e-05,15.145983856506906,128.74086278030867,5.088672748773308e-07,-32.438098183474594,0.0125,1
26.74203276201803,7.776507906841079e-08,1.2406826209826265e-05,4.299694660719083,36.547404616112196,1.0321408341145461e-05,-27.275835442244176,0.0,1
10.619575789511659,1.6919352332472434e-09,1.1306709717011117e-05,12.30727240988417,104.61181548401544,1.5611517097425284e-06,-26.11340798141442,0.0,1
8.725662733194877,2.687019921973502e-09,1.7514442052302646e-05,11.858107044157894,100.7939098753421,1.4133443286941824e-06,-29.480166998917245,0.0,1
1.0659762696599986,1.3197709144191028e-10,7.459417601891983e-06,19.239134924342686,163.53264685691283,6.832231664178428e-08,-40.81765383608321,0.01,0
16.794262354725788,3.170666520048575e-10,2.1710899866270934e-06,16.17879688900285,137.5197735565242,1.6114193363050439e-06,-19.000199427157124,0.0,2
17.901644126706675,4.209890385410867e-09,8.078343038537102e-06,9.841851010625176,83.65573359031399,9.291631135441481e-07,-35.01510233634857,0.0,1
33.90485118631697,3.018881311458236e-08,3.2589672123858452e-06,6.342761046666855,53.91346889666827,6.2134398509956415e-06,-27.62897561861906,0.0,1
7.28755589639993,9.99673617265294e-10,1.1841372187646876e-05,14.144621184564393,120.22928006879734,2.449191371573249e-06,-19.867454282231126,0.0,2
13.276115755362861,3.924992786215247e-09,1.305011318649774e-05,10.687936190737389,90.84745762126782,5.305127390825373e-07,-39.7754193227065,0.0,0
-4.921369394198143,2.96960198935494e-10,1.4926011358255693e-05,18.928785305605118,160.8946750976435,1.1366645006073193e-07,-36.14163299662542,0.18,1
5.943570926919969,9.373375974114208e-10,1.3947358344532254e-05,14.42642086690526,122.62457736869472,3.012160657644619e-08,-58.508063558362444,0.0075,0
12.344331886296802,3.0697371834891165e-09,1.2549945499146719e-05,11.489641014260771,97.66194862121655,2.380492396883349e-06,-25.859312906100715,0.0,2
32.56255317074325,4.1065398090154433e-08,4.661718567703224e-06,5.473422357599488,46.52409003959565,1.9914949112845055e-07,-59.15510673185531,0.0,0
5.072801018848572,6.418216473182749e-10,1.2303838202909122e-05,14.86268561009012,126.332827685766,4.2038416220294917e-07,-33.05387996311144,0.0025,1
34.95410372752562,5.910937024574336e-08,4.13357757774943e-06,4.403522121830598,37.429938035560085,6.460104833500354e-06,-29.68329728784232,0.0,1
23.640793192557098,2.018696268354975e-08,9.085755777228683e-06,7.107697113567035,60.4154254653198,3.858431117514039e-06,-29.817089584085945,0.0,1
0.8602728826909017,2.5743479886815743e-10,1.0049015911333903e-05,18.229044034714295,154.94687429507152,1.138617429671809e-06,-18.977744935634416,0.030000000000000002,2
-1.9362193409044557,2.676865881222151e-10,1.2281495484339516e-05,18.01657135838629,153.14085654628346,4.696374411650889e-07,-24.773941970390226,0.0475,2
17.87570880130069,7.865078079439792e-09,1.1219461972655584e-05,9.125259330435428,77.56470430870115,2.240249937070378e-08,-70.86225540090139,0.0,0
-8.423509911400668,4.267135972688048e-10,1.9278402262338593e-05,19.893060620583892,169.09101527496307,2.734149779562186e-07,-27.25189507176832,0.325,1
10.99125826141653,4.054980532607795e-09,1.7178414333908156e-05,10.553400280251442,89.70390238213724,3.332651008212513e-07,-43.88852474187867,0.0,0
-0.4671889851945488,1.830615491851503e-10,9.644723360302024e-06,18.818457752498045,159.95689089623338,7.586979413980181e-07,-20.4572545973561,0.0475,2
2.275378101700248,8.626527518839527e-11,5.429269311917729e-06,19.893432749189817,169.09417836811346,6.975254278558668e-07,-18.837022652102647,0.005,2
10.352040600195576,2.2208569425514917e-09,1.3659666370693825e-05,12.198912102500163,103.69075287125139,2.3026448785772597e-08,-65.05329099619493,0.0,0
2.5102710633543817,5.685013915249024e-10,1.3720876415688124e-05,15.67333134251377,133.22331641136702,1.005169440805666e-06,-23.857192682431247,0.0025,2
10.747249199103209,5.147996966361773e-09,1.9679060867677668e-05,10.46010602182298,88.91090118549533,5.709915400754428e-07,-40.73359192417584,0.0,0
25.253897310908997,9.269494008711221e-08,1.549992751827336e-05,4.040751677160443,34.346389255863755,2.4547691242865885e-05,-19.862352189758504,0.0,2
14.901887599258682,1.1502946905449698e-10,1.4608540645673667e-06,18.285759078499208,155.4289521672433,9.64088019066864e-07,-18.582186503619354,0.0,2
20.791925646693183,4.254237791285491e-09,5.807764045231341e-06,10.016752008778967,85.14239207462123,7.554967742437764e-07,-37.21913779599268,0.0,0
18.799074217572755,9.299405867579645e-09,1.0883649551148117e-05,8.876431340235104,75.44966639199838,7.394212922882523e-07,-41.17798784251146,0.0,0
8.321739303432299,2.1402988269746234e-09,1.6637883064429004e-05,12.071299834847105,102.6060485962004,6.350089461049895e-08,-55.36579885546776,0.0,0
23.9392876007085,9.690486003439757e-09,6.1038829362486745e-06,8.611629706240533,73.19885250304452,1.2916622392371408e-06,-36.091471006612565,0.0,1
23.76220378611616,1.8769832556812204e-08,8.7921927588925e-06,7.351829156319059,62.490547828712,3.748996484506589e-07,-50.21379702881201,0.0,0
-1.1523325780189806,2.0956399469257286e-10,1.074354117756253e-05,18.256259687745573,155.17820734583736,3.937929589538906e-07,-25.75527361100932,0.034999999999999996,1
10.820801046256925,5.4424975959686086e-09,1.9483662104797864e-05,10.18203090211811,86.54726266800394,5.09224791183069e-06,-21.246550922190153,0.0,2
33.0542141192292,1.3806299840892588e-08,2.396615879300299e-06,7.495722217516988,63.71363884889439,1.105785892790855e-06,-38.84648558631314,0.0,0
-0.8028529492900206,6.510772194676125e-10,1.8389391630586782e-05,16.109830370852887,136.93355815224956,6.4616283525414e-07,-26.957944724671343,0.03,1
9.014634344361976,4.966154759359037e-10,7.0073448561716935e-06,15.6553380902387,133.07037376702894,1.461174140478525e-06,-21.707068796740188,0.0,2
17.964676772057548,5.446171017530446e-09,9.190813388721877e-06,9.719055688492094,82.6119733521828,5.566485900638511e-07,-41.029800466565824,0.0,0
29.546096977171146,2.2326610547787496e-08,4.866477339227829e-06,6.32891612001889,53.79578702016056,4.2587871082475437e-07,-49.13361581664758,0.0,0
25.865512201654507,3.3190874726340416e-08,8.540167026864744e-06,6.036798741489875,51.312789302663944,1.6207633081110944e-05,-19.023076083949938,0.0,2
20.478560311290682,2.786504924704165e-08,1.5644910880189975e-05,5.975477534248691,50.79155904111388,1.5354441611715262e-06,-39.27765136788962,0.0,0
6.7762669062009175,6.288921929139422e-11,3.1732843359922493e-06,19.929031604314165,169.3967686366704,3.201410464516725e-08,-46.04604252589064,0.0,0
17.501430859025742,2.069518498856524e-08,1.8910144392956474e-05,7.2556464141239605,61.67299452005366,9.893950015231055e-07,-42.37806328995064,0.0,0
1.4346793054484945,7.172047598788074e-10,1.728477661626299e-05,15.066108851395336,128.06192523686036,6.735372826868383e-07,-28.150676288513704,0.01,1
22.16392667357345,4.828285464922029e-10,1.3868556830302286e-06,15.08346873194451,128.20948422152833,2.5442681979421102e-08,-57.76648546470721,0.0,0
24.730853671941986,2.014554587815441e-08,7.884438909789321e-06,7.55886125683967,64.25032068313719,6.377507182885149e-06,-25.872909102512974,0.0,2
-7.863276330639434,3.5780450492642193e-10,1.766376872782221e-05,19.99170682362546,169.9295080008164,3.514871509489959e-07,-25.11126132419234,0.20750000000000002,2
24.822418378321455,5.0171928243711924e-08,1.263750364341661e-05,5.096474499951549,43.320033249588164,3.809996108446859e-06,-34.21181700542276,0.0,1
28.491064763493252,1.7280497839723258e-08,4.561715535211723e-06,7.599114981484215,64.59247734261582,9.818688980636286e-06,-20.973800315423997,0.0,2
13.48630010931519,4.669601312702964e-09,1.3986852600179656e-05,10.490391905729604,89.16833119870164,8.543706426425033e-07,-36.762127841017936,0.0,1
3.625535347356146,3.5494503452493043e-10,1.02181640427292e-05,16.567655227273335,140.82506943182335,6.035001487325132e-07,-26.92539105983265,0.0,1
25.247987917808324,9.057059396912181e-09,5.08343248822002e-06,8.893958253381513,75.59864515374286,4.96671174857638e-07,-44.455286150986524,0.0,0
22.34358253895966,4.500088215472233e-08,1.590334739364065e-05,4.921000923372967,41.82850784867022,5.182671572865019e-06,-30.672958551011995,0.0,1
11.501380387011654,6.3145184326109514e-09,1.9108649948122995e-05,9.96892181877256,84.73583545956677,6.662838713095325e-06,-19.5870604941834,0.0,2
17.399908571393436,6.2699831004318855e-09,1.0515086218132616e-05,9.229708473192902,78.45252202213968,3.737212569777495e-07,-45.13198433794045,0.0,0
4.796078967962643,2.4581391879893664e-10,7.395916598261571e-06,17.23319011287543,146.4821159594412,9.930808400861863e-07,-20.777281036835276,0.0,2
29.44686986324182,3.410044708240956e-09,1.6152689608321413e-06,10.940554611609068,92.99471419867707,2.517682409050895e-06,-25.694125899189444,0.0,2
-6.50403460464291,4.233135819764644e-10,1.882348948923781e-05,19.316036045613767,164.18630638771702,1.919721307085045e-07,-32.29856264985776,0.15000000000000002,1
6.3538031115338125,2.560941532012408e-10,6.573373555646899e-06,17.046513604066543,144.89536563456562,9.44631261071596e-07,-21.99766211354657,0.0,2
33.6634877383593,9.375551328539046e-08,6.034672744502875e-06,4.40061502174285,37.40522768481423,1.5048162176326871e-05,-25.175425130479482,0.0,2
4.1207687797705566,3.500536924642313e-10,9.725651648019136e-06,16.816966199361385,142.94421269457177,3.022498058295061e-07,-33.52718377066742,0.0025,1
16.994512751603818,8.071950423649976e-09,1.1774838800741631e-05,9.479401682529204,80.57491430149824,7.654408722257246e-06,-19.647145294444126,0.0,2
-1.5110225309827632,6.188425494350075e-10,1.912809486949388e-05,16.38384772488764,139.26270566154494,1.6563103706719757e-07,-38.257580909798826,0.08,0
21.09141188456231,3.514686574351559e-08,1.6331188421046384e-05,6.056929754829946,51.48390291605454,1.3999235587930067e-06,-41.55358681723008,0.0,0
22.749145532154166,3.8910936337423115e-08,1.3828986351674006e-05,5.827578039023805,49.53441333170234,9.192290623784557e-06,-25.290469178720723,0.0,2
23.195208174792448,1.1464239905157221e-08,6.8754019994664835e-06,8.605336913871716,73.14536376790959,9.089954785967759e-06,-19.62785129600396,0.0,2
2.447960252478653,1.7672991667677017e-10,7.847118231173725e-06,18.154426289791214,154.31262346322532,3.1445419792295435e-07,-29.24108835663285,0.005,1
5.786170865863513,1.3378713056790356e-10,5.133943791440614e-06,18.62335559095138,158.29852252308672,9.10169454294027e-08,-39.72547214992987,0.0,0
5.347638548609963,7.122042147524538e-10,1.286201816396944e-05,14.757853822538761,125.44175749157947,7.717336337924634e-08,-48.449107980806005,0.0,0
-3.4271949931759433,2.511389624309336e-10,1.2822397724907035e-05,19.200754426356717,163.20641262403208,3.438263984076687e-07,-26.8777539348673,0.125,1
18.424932754100148,3.6749834594771596e-09,6.989235723390682e-06,10.794083270781213,91.74970780164031,1.9147008908503975e-06,-28.185853809415438,0.0,1
13.117222124005936,7.155781207359478e-10,5.63557681956984e-06,14.178476787009291,120.51705268957897,2.4450945853608456e-07,-39.1483083138439,0.0,0
0.5920153154704321,4.049731759711037e-10,1.3764463558971005e-05,17.045908366230133,144.89022111295614,7.207500928169654e-08,-45.06254183026299,0.042499999999999996,0
23.658058148386697,1.931668451777508e-08,9.006403941118066e-06,7.093700212096052,60.296451802816435,7.869879978309409e-07,-43.604920883733165,0.0,0
25.65278162070037,1.3905473594179749e-08,6.027617549282789e-06,7.579255391323051,64.42367082624592,6.676892814148687e-07,-43.79528943988021,0.0,0
9.464415326853528,8.683226239122838e-11,2.6614162181948966e-06,19.391861629074477,164.83082384713305,7.338814186897513e-07,-20.320195426530322,0.0,2
7.906805174632324,1.9050919264641666e-09,1.641697497738536e-05,12.24611334872978,104.09196346420313,1.4399283628891611e-06,-27.781547432003038,0.0,1
-1.0904284494394587,6.243282067912987e-10,1.9029055598262058e-05,16.325070054068217,138.76309545957983,4.94704661780704e-07,-29.720315066681863,0.025,1
5.955032012838858,3.22875654210023e-10,7.946290494438452e-06,16.766093899656966,142.51179814708422,6.780446335018103e-07,-26.503395533297507,0.0,2
19.212622283854184,2.6075355451718695e-08,1.635880730188976e-05,6.949886762096812,59.074037477822905,1.4395567005674499e-05,-19.284575075118973,0.0,2
24.2769742299704,5.650741685616903e-08,1.4433264748223887e-05,4.523530835490462,38.45001210166893,1.0741605477109424e-06,-45.3406897189401,0.0,0
3.053179352441588,8.597190118866019e-10,1.659048598793793e-05,14.846961001060823,126.199168509017,8.685168642654383e-07,-27.54112590737857,0.085,1
3.646365230237128,1.2750699909314937e-10,6.13987230134416e-06,18.900341793886493,160.65290524803518,7.002537977727202e-08,-41.69833867372462,0.0025,0
9.15700575718601,1.3206270423372233e-09,1.1812158312634027e-05,13.220547829112645,112.37465654745748,9.298099097546847e-07,-30.280204976052513,0.0,1
13.389634397475003,8.165100034772906e-09,1.8696316732170068e-05,9.36079322695103,79.56674242908375,1.699525589505686e-07,-53.25455999733434,0.0,0
15.091623521433693,2.619507082491109e-09,8.268696455757319e-06,11.654493974644595,99.06319878447904,4.170948447837685e-06,-19.768706431395948,0.0,2
31.966849394484534,2.961386169847868e-08,4.207273285856206e-06,6.237250626561489,53.01663032577266,5.594517486719368e-07,-48.7146994715349,0.0,0
11.719981752856278,4.834050362249346e-10,5.38387678316688e-06,15.293257963441318,129.99269268925121,6.287030977668351e-07,-29.301984776559582,0.0,1
19.620846883285616,3.284280120238622e-09,5.495894776935846e-06,11.298482126005437,96.03709807104622,4.381193437537069e-06,-20.601943116915315,0.0,2
34.83776695334501,5.5591454256377786e-08,3.894186734072826e-06,5.076130459350814,43.147108904481925,1.875655309808616e-05,-20.197337320291766,0.0,2
2.9280009607731183,4.949763682664604e-10,1.2521799642934814e-05,15.95173310091294,135.58973135775997,7.409980716063428e-07,-26.495447660052804,0.0,1
29.69360840737057,7.465907907096334e-09,2.5741543496369503e-06,9.279485616750412,78.87562774237851,3.056607280276404e-06,-27.559153094990812,0.0,1
13.222897942994134,5.918390814657252e-10,4.762217373340533e-06,14.96774084016908,127.22579714143717,2.2755602835211107e-06,-18.634653737565223,0.0,2
19.28694173658355,2.9401664712233824e-08,1.784898724945706e-05,6.328438073282527,53.79172362290148,6.329229930032781e-06,-27.172892826165672,0.0,1
8.116260890313118,1.1293130216524123e-09,1.2436388268371966e-05,13.387138254811882,113.79067516590099,9.152855574788435e-09,-69.53302326567942,0.0,0
20.50078705960371,1.1630640503255886e-09,2.9617233650547555e-06,13.54067258113847,115.09571693967699,1.0351505151070656e-06,-29.122617041852436,0.0,1
8.04518232944692,1.891053722629329e-09,1.5550516191075715e-05,12.268262876759067,104.28023445245208,8.033638770703615e-07,-32.24582589499011,0.0,1
2.2453680489741172,5.965094263798865e-10,1.4574106359789641e-05,15.769148215631503,134.03775983286778,6.914806061237841e-07,-27.353569679245886,0.0,1
7.456050101890757,2.7505886465645552e-09,1.9697100817291945e-05,11.489704421820266,97.66248758547226,2.980417056858772e-06,-22.33825799984438,0.0,2
9.434146067471186,1.438345380809004e-09,1.1856109529372283e-05,12.42702969457313,105.62975240387162,1.4070266259586682e-06,-26.374047508252612,0.0,1
-1.7468617579404189,1.812137577459539e-10,1.002239654397777e-05,18.906123457646853,160.70204938999825,6.452667818347944e-07,-20.366222737669766,0.035,2
20.955976718906122,2.3310461750198393e-08,1.3484557765239609e-05,6.74958605325407,57.3714814526596,1.9321939683543897e-06,-36.74376450020015,0.0,1
-5.9121063506236275,3.5384135863013964e-10,1.692005657610882e-05,18.97825252668107,161.31514647678912,3.890494069095324e-07,-25.651297680357672,0.12,1
24.27643430109717,5.972064165366073e-08,1.4692703479397132e-05,4.397993409156853,37.38294397783325,5.064803320196627e-06,-32.091705795424815,0.0,1
23.70374199601503,1.4629242475627235e-08,7.80861935027745e-06,7.767079295083383,66.02017400820876,2.118591837376605e-07,-53.82683853018041,0.0,0
9.987448692861177,1.2285562059995767e-09,1.0560712165947292e-05,13.49090041007857,114.67265348566785,2.696576417672032e-07,-40.84211775508261,0.0,0
22.34160469010327,4.556152860041845e-08,1.5851730973215982e-05,5.085868708050706,43.229884018430994,6.426801565790594e-06,-28.87941709108048,0.0,1
15.785076342108514,4.6588393392887404e-09,1.087390073459903e-05,9.892662998697396,84.08763548892787,6.498658708916519e-07,-38.55066286456392,0.0,0
9.975046174174174,9.736120317159664e-10,9.239952890855525e-06,13.86834401407823,117.88092411966495,9.929181256545196e-07,-28.149457253155358,0.0,1
15.201745326235885,1.4089602997117226e-08,1.9258601539832422e-05,7.953239222838732,67.60253339412922,8.166286996641888e-06,-21.171462163805387,0.0,2
12.904410806808915,3.391689498174741e-09,1.2651635993698955e-05,10.873292921939646,92.42298983648699,3.0436308434667346e-07,-43.985604850023506,0.0,0
28.08867205273306,3.5827372181421646e-08,7.121154262188442e-06,6.009135441608217,51.07765125366984,8.934235383590565e-06,-25.125019424793816,0.0,2
28.48050363050774,6.343272528670913e-08,9.111470323626593e-06,4.498352738540245,38.23599827759208,1.2420091998174208e-05,-24.340423826340228,0.0,2
16.36504096349908,1.6025021668143564e-09,5.89147233196258e-06,12.117483224579447,102.9986074089253,3.9954653110117297e-07,-38.30187295265779,0.0,0
19.28739705631688,3.0507712154564566e-08,1.8004777205739852e-05,6.333586626534039,53.835486325539335,1.0829738931697295e-05,-22.678931179905764,0.0,2
11.866078289446895,5.223353738792394e-09,1.7929606244904633e-05,9.838298172586512,83.62553446698536,3.8670432832292566e-07,-43.75198028221271,0.0,0
22.011224493949268,3.047380596788015e-08,1.3190899271273062e-05,6.092988857034782,51.790405284795646,1.0013475307761202e-05,-22.92304328695384,0.0,2
21.031394664972616,3.7721988001516673e-08,1.7011642599017987e-05,5.94872391629488,50.564153288506475,1.8067870602312314e-06,-39.624060356875994,0.0,0
-7.463854993199965,4.307289846672279e-10,1.9120927794062897e-05,19.361887074203565,164.5760401307303,1.3434068055216024e-07,-34.303202914421234,0.14250000000000002,1
0.2593893683277659,3.9353783242762136e-10,1.358319088340146e-05,17.55944962517056,149.25532181394976,8.811604571664585e-07,-23.52873107122975,0.035,2
11.125779901473848,5.302617782423288e-09,1.9252354841564783e-05,9.992627046731753,84.9373298972199,1.8629411309794262e-06,-30.211651025024644,0.0,1
-5.3497993379952105,3.4071236950494235e-10,1.5806421559501693e-05,19.17274008439739,162.96829071737784,2.6802974395606824e-07,-29.185896846758176,0.12250000000000001,1
10.175837094285477,8.531309358757564e-10,8.067386488392636e-06,14.217847931185322,120.85170741507523,2.501683493850962e-06,-19.098084533453953,0.0,2
16.642496588557798,1.97229600722193e-10,1.7720299666113812e-06,17.295516135931965,147.0118871554217,2.2212810741754606e-07,-35.08313274581802,0.0,1
28.771617969127302,6.096844037171521e-08,8.871468030910042e-06,4.728198519081609,40.18968741219368,2.2807360736610926e-06,-39.533248942497714,0.0,0
20.974751339669805,4.937578131798481e-09,6.0682387781067774e-06,10.440954473335518,88.7481130233519,1.4599836489120116e-06,-32.47160612373507,0.0,1
4.2267667888665255,2.350851818724448e-10,7.705795596104012e-06,17.295965906896818,147.01571020862295,1.0084894084725271e-06,-20.417837152231805,0.0025,2
12.311933372183857,2.3918379218879253e-09,1.0993583301055148e-05,11.952598393808858,101.5970863473753,2.889579385745167e-06,-22.722129416103716,0.0,2
32.71350142517115,3.781638236370692e-08,4.125371149762834e-06,5.581896948583443,47.44612406295927,1.3649145265441109e-05,-21.08500532221104,0.0,2
10.822962522969677,3.289816936209707e-10,4.852008662989703e-06,16.133820057278168,137.13747048686443,4.178039876382658e-07,-31.191991321740716,0.0,1
37.22212043489093,2.5005706251765854e-08,1.924850400614083e-06,6.432325186156416,54.67476408232954,8.809680978032219e-07,-43.969679269647045,0.0,0
7.443931665794858,1.2446387489681519e-10,4.294896771230341e-06,18.53568076676574,157.5532865175088,3.722135484294322e-08,-47.743472623498484,0.0,0
-1.7703570572852068,2.716804365763695e-10,1.2849390438347709e-05,18.32109189756755,155.72928112932416,2.0065706536224202e-07,-33.40249308066487,0.039999999999999994,1
29.256914419210617,3.271038195355976e-09,1.6278026514655525e-06,11.098083158477221,94.33370684705638,2.5396808966327575e-06,-25.671444628438987,0.0,2
23.22412361718202,2.9469604684016486e-09,3.5155554789378267e-06,11.11953654785046,94.51606065672891,1.7554267232706114e-06,-28.30287495186593,0.0,1
-4.076632424587473,4.762116644134545e-10,1.786392335697879e-05,17.962734214901072,152.68324082665913,9.694177113063347e-07,-20.171124733496853,0.14250000000000002,2
1.2883253123872578,3.7983114436957717e-10,1.2323774641102833e-05,16.747938166271204,142.35747441330523,1.4981884619319366e-06,-18.12388575172936,0.0125,2
3.931836104376784,1.3567912823729108e-09,1.96866950449033e-05,13.666774896373656,116.16758661917606,2.1916298039073672e-07,-41.68286371427634,0.0,0
21.24528371775589,5.50680391701347e-09,6.170280806675239e-06,10.15894976665745,86.35107301658833,2.261005874810502e-06,-29.13888525785486,0.0,1
37.46395241270324,5.959726069960116e-08,2.9194914272338125e-06,4.825037179876012,41.012816028946105,1.8535327531523365e-05,-20.751015579915762,0.0,2
3.3202497456970024,1.2792019793366392e-10,6.1217796376036864e-06,18.67997762232044,158.77980978972374,5.002837616389987e-07,-23.643067296891374,0.0025,2
24.28421231308944,1.326891090952598e-08,6.936923189214873e-06,7.852542519202759,66.74661141322345,6.254663407652577e-07,-44.100015915351406,0.0,0
12.237832475235402,9.481594145985737e-10,6.959720589323027e-06,13.861772404450768,117.82506543783153,1.737817757700144e-06,-23.063214842580916,0.0,2
12.21846830697288,6.6899018678124875e-09,1.936163589140903e-05,9.23282389891716,78.47900314079584,1.4765494615868508e-07,-53.146159956957185,0.0,0
28.914225450713644,2.4615008681167483e-08,5.2999633487074204e-06,6.391539946917192,54.32808954879613,8.226915188697033e-06,-23.65161397587616,0.0,2
33.54632633339708,1.4097421513647454e-08,2.2165473569971934e-06,7.633829825721238,64.88755351863051,4.76182646221349e-06,-25.94896473344544,0.0,1
1.7057735885153913,9.68811998575488e-10,1.9956280928857684e-05,14.501360747064505,123.2615663500483,1.099787909150696e-07,-45.577857246347776,0.0025,0
6.200251968919659,3.6627186520829783e-10,8.393183493208113e-06,15.896061298834798,135.11652104009576,4.1379727505297887e-07,-30.943728127016193,0.0,1
18.904961303317684,1.9829736878218736e-08,1.5682638020878815e-05,6.850579541320855,58.229926101227264,2.2916848478857968e-06,-34.21680368575673,0.0,1
-0.17107232286656004,6.846572446037672e-10,1.883648075875555e-05,15.867277939713006,134.87186248756055,1.9707831162919294e-07,-37.96688976106499,0.0175,0
28.52168893044371,3.129160033108302e-09,1.7833518809365297e-06,11.487355522277605,97.64252193935965,1.8485436933862953e-06,-28.57759474890163,0.0,1
6.264878146172224,6.768820626390635e-11,3.3967236489321676e-06,19.736955383260497,167.76412075771424,4.003380207202023e-08,-44.01604067247227,0.0,0
32.741209522034794,3.0670870768331115e-08,3.634507964243157e-06,6.568292065928339,55.83048256039088,1.4981353865406891e-05,-19.72946239968904,0.0,2
0.6194358958423488,1.0873707191648696e-10,6.8815814833542116e-06,19.84803957407293,168.70833637961994,1.9882966032304264e-07,-30.44863409244038,0.02,1
6.6726371803370474,1.2505885678314188e-09,1.419121519827861e-05,13.248976292464391,112.61629848594733,2.891275927748526e-06,-18.75128514140589,0.0,2
7.067800550013793,4.3661081569532695e-10,8.172929186464419e-06,15.71626084657609,133.58821719589676,4.6840125054344106e-07,-30.730815014592096,0.0,1
28.07836087556106,2.833171459224494e-08,6.520161369300745e-06,6.389128515084241,54.30759237821606,1.4525349751324848e-06,-40.02002310392796,0.0,0
33.14603355392271,8.994706948919698e-09,1.765619613201618e-06,8.252779250333651,70.14862362783605,3.80986476390566e-06,-26.15648856113524,0.0,1
22.58285541523562,7.253542332503242e-10,1.7251205685322406e-06,14.206168056729599,120.7524284822016,5.514662615544125e-08,-52.39054883323712,0.0,0
-6.449494131904572,4.5288398261905037e-10,1.9167533936780868e-05,18.61044560146375,158.18878761244187,2.604262981738946e-07,-29.65007502607839,0.175,1
15.846147028000651,6.872746158766506e-09,1.3046450918516749e-05,9.40413237340529,79.93512517394497,4.674980427747566e-07,-43.48100644958087,0.0,0
13.760527863144613,2.7816975920514974e-10,3.176729511382628e-06,16.43261391967728,139.6772183172569,1.7640563040054423e-07,-38.0904918998452,0.0,1
1.708391796116358,4.519641167050195e-10,1.3338074026222315e-05,16.28890738002804,138.45571273023833,2.7003458601050655e-07,-34.25611182825706,0.0,1
23.53492351982817,6.721790301573175e-08,1.7143359700978904e-05,4.663577079551427,39.64040517618713,1.0551538777201622e-06,-46.81067189257344,0.0,0
20.45465574721608,3.0204491015552563e-09,5.0664506336623015e-06,10.758891270606611,91.45057580015619,3.832610672511096e-07,-41.7386489955273,0.0,0
13.31718141500879,2.9692778435103233e-10,3.376731875952657e-06,16.453911669172108,139.8582491879629,8.050877953229671e-07,-24.90234890890256,0.0,2
12.926910040247868,6.332478526033096e-10,5.312040221644938e-06,14.829688899922102,126.05235564933787,7.974183406329527e-07,-28.563932479920915,0.0,1
21.23449041859911,5.0343870842838634e-08,1.9363672267347565e-05,4.571013210547086,38.853612289650236,7.346370697912819e-07,-47.932107078516864,0.0,0
15.713498716712726,4.7309882400575735e-09,1.0815706943751225e-05,10.235197978109092,86.99918281392728,2.1395642735219524e-06,-28.705432115496553,0.0,1
10.006226184726115,4.059264045175757e-09,1.9036438332466324e-05,10.362388321655935,88.08030073407544,4.179185496154717e-07,-41.46691444258433,0.0,0
11.753104941167498,5.6966192243129995e-09,1.771083673548753e-05,10.375085169671495,88.18822394220771,6.162029584498298e-06,-20.247587306555435,0.0,2
24.844297364583703,4.591836216059595e-08,1.2181050774954566e-05,5.066907434537125,43.068713193565564,2.5962051111223466e-07,-57.055298414368906,0.0,0
4.941613796382289,9.620794627396964e-10,1.5059909652278725e-05,14.48235626172177,123.10002822463505,6.586170643601893e-07,-31.225683496583393,0.0,1
9.620374000041526,1.5801152292759336e-09,1.225265999369436e-05,12.40933941904315,105.47938506186676,1.0238852753510192e-06,-29.759474573668967,0.0,1
31.76727007802927,3.2275665322174734e-09,1.0198891576773955e-06,11.347403309170776,96.4529281279516,1.974603790054456e-06,-27.87473989420704,0.0,1
22.625593070115183,7.292537141350721e-08,1.9801393733141938e-05,4.075204085123646,34.63923472355099,2.3387873204141277e-06,-39.885742466085254,0.0,0
1.6928807530289514,9.168680190280883e-11,5.9067854817634555e-06,19.595948772837467,166.56556456911846,2.898192408953725e-07,-26.536925790007487,0.0075,1
2.907749840998088,1.0043762546616855e-10,5.590391510182147e-06,19.170651970436236,162.95054174870802,4.714536548489494e-07,-23.06320391799317,0.0,2
12.827867251100606,8.2478528696766e-09,1.958300644066252e-05,9.11259814155138,77.45708420318674,3.3454989176557972e-06,-26.96205849437892,0.0,1
16.33099773991053,1.1043720720832694e-10,1.1394501302820836e-06,18.38791280697802,156.29725885931316,7.080561246041624e-07,-21.727946801505592,0.0,2
15.057313912805053,4.87771722781644e-09,1.1438909846150257e-05,10.277170653978969,87.35595055882123,5.375231875499613e-06,-20.16876569520757,0.0,2
10.834936046215862,6.316257701182558e-11,1.9421568951219505e-06,19.455104472597213,165.3683880170763,1.3920121400313332e-07,-33.30007844842336,0.0,1
-7.700922114418349,3.841981039356493e-10,1.8521213269531898e-05,19.52793505842836,165.98744799664107,1.0511183133738835e-07,-35.95729546880292,0.195,1
-7.1637484944524825,3.62439303509945e-10,1.7728628595512597e-05,19.53920537340093,166.08324567390787,4.613514456786552e-08,-43.29222958688413,0.1725,0
4.115810188193267,1.106195400574365e-10,5.2610512100110616e-06,19.23431736053275,163.49169756452838,8.809250145694267e-07,-18.55093851154194,0.0,2
14.576773369073141,1.896081911246678e-09,7.595030291677211e-06,12.319977222348601,104.71980638996311,2.535816718031476e-06,-23.089414080909904,0.0,2
19.61972530888701,1.1476868760698095e-08,1.1024172329075533e-05,8.199863479291384,69.69883957397677,7.629296358113587e-07,-41.504460401612405,0.0,0
22.647107157144724,1.1360337084482593e-08,7.442053881045669e-06,8.500677335822123,72.25575735448805,5.761626384283203e-06,-23.89883313342426,0.0,2
21.69274871578116,6.959330097792254e-09,6.499745935729345e-06,9.380067100038438,79.73057035032673,4.746300371184278e-06,-23.001750530127232,0.0,2
20.234408353641726,2.4852424823901957e-09,4.424618427590385e-06,11.676348629659092,99.24896335210228,4.270468247977695e-06,-19.232365487563293,0.0,2
23.683049847466325,5.8289349180128374e-08,1.4716678257589993e-05,5.1323428362297765,43.6249141079531,1.9557849901952807e-05,-20.178724607460374,0.0,2
21.42392900340058,8.142534206382551e-09,7.290236059500366e-06,9.241521120030795,78.55292952026176,4.301088002543728e-06,-25.16761795733386,0.0,2
15.036563602636557,2.3371901272025523e-10,2.4576875148265216e-06,16.82380132069919,143.00231122594312,1.171007535149373e-07,-41.21078263526063,0.0,0
11.351118903306821,4.820151009877316e-09,1.8126187001926072e-05,10.272627818630122,87.31733645835604,3.16088936198298e-08,-65.38675135218452,0.0,0
28.055742514000066,4.285116501741534e-09,2.244374514364499e-06,10.769758273143337,91.54294532171836,4.413571203685797e-06,-21.848521250126332,0.0,2
27.782745101796284,7.161479034722675e-09,3.3032587799124e-06,9.26664266942487,78.7664626901114,7.198940594762472e-08,-60.173141095630186,0.0,0
16.746076936128542,2.6598542670398993e-09,6.911161796443523e-06,11.80783725895303,100.36661670110077,4.486706846695166e-06,-19.615214985651598,0.0,2
10.058487539570004,1.2180142577415307e-09,1.0257178304395105e-05,13.377786061666743,113.71118152416733,6.928414498262961e-07,-32.31476547781791,0.0,1
13.278836411052206,2.671080656017326e-09,1.0909970473944877e-05,11.544195511012871,98.12566184360941,5.340168175314022e-08,-58.11567152838985,0.0,0
-5.869416590755494,2.7712847999581116e-10,1.4644316695093306e-05,19.847931934058945,168.70742143950102,2.6229868943075826e-07,-28.135803621607653,0.17,1
25.729898223799417,4.698445008707469e-09,3.382966782067045e-06,10.439544144623794,88.73612522930225,3.1408922734441146e-07,-45.67814567596421,0.0,0
-2.4078634423578356,2.887935614273329e-10,1.3081465785300364e-05,18.192057423362453,154.63248809858084,4.511252514300778e-07,-25.471478198005677,0.037500000000000006,2
28.236046279066414,6.440384118158465e-08,9.711737448548474e-06,4.480955823742832,38.08812450181407,2.401967940687948e-06,-39.25486449711916,0.0,0
5.408045573354436,7.786866131743468e-10,1.2916822870594802e-05,14.75146077652986,125.3874166005038,2.1499488275948235e-07,-39.94035290807126,0.0,0
21.643802448030186,4.002124354435038e-09,4.733977109704053e-06,10.447288137802518,88.80194917132141,6.1596636327559005e-06,-18.01573803471521,0.0,2
11.877414406441817,6.729006928858513e-10,6.244573025271755e-06,14.672660347104674,124.71761295038974,6.17582654110211e-07,-30.827446982914314,0.0,1
1.141760669831194,7.171451006345945e-10,1.7122068989390087e-05,15.492369038806974,131.68513682985926,1.4383016296923742e-06,-21.423284133943476,0.015000000000000001,2
11.16878319669503,3.01166462306021e-09,1.3732788791394e-05,11.728350580604065,99.69097993513455,4.41002854693162e-06,-19.97269433571933,0.0,2
7.973458846528166,7.397309979776233e-10,1.0006110689571289e-05,14.729977066326951,125.20480506377908,7.666576659623277e-08,-49.39022825944278,0.0,0
8.399866348839275,1.5045776817990347e-09,1.3545859515215062e-05,12.637541300365372,107.41910105310568,1.5557514001599166e-07,-45.6670327372489,0.0,0
12.071024397452907,1.8073009160774827e-10,3.0002108050301787e-06,17.45906317628924,148.40203699845856,4.79414131043585e-07,-27.263890539176046,0.0,1
14.69348663435394,1.434860288872683e-09,6.806740606853133e-06,12.815346235848063,108.93044300470854,2.3130968902430085e-07,-42.81252678217689,0.0,0
1.7569121656991296,2.4128190852578304e-10,9.45331099343974e-06,17.655329678522154,150.0703022674383,1.018340700887444e-06,-19.803158658958974,0.005,2
33.37443984998383,9.014406470062563e-09,1.707173299342869e-06,8.970810845900258,76.2518921901522,3.4973219886677285e-06,-27.192188984630825,0.0,1
29.81403130919422,4.922652559041351e-09,2.0104073960136707e-06,10.281896470378925,87.39611999822087,8.45930013567651e-07,-37.23362069700287,0.0,1
23.17507432854549,6.149092292573662e-09,5.2278671614505116e-06,9.31852663078775,79.20747636169588,2.1236054359377144e-06,-29.63531270273945,0.0,1
12.284134763648254,3.058170678776392e-09,1.2393933242761364e-05,11.766010657173183,100.01109058597206,4.04522677661889e-06,-21.24242020728437,0.0,2
13.402544555423004,3.9133568354658563e-10,3.9217453668947485e-06,15.633352925366694,132.8834998656169,6.497164307970468e-07,-27.775843777589145,0.0,1
-2.4226645936087423,2.4931898641207516e-10,1.2487040748021654e-05,18.854234537919535,160.26099357231607,2.0170630092267095e-07,-32.483587082316085,0.08499999999999999,1
12.941257481602946,3.621158540016436e-10,4.061372295446668e-06,16.20558943740495,137.74751021794208,4.811918049618364e-09,-70.86125015311563,0.0,0
14.668290526201655,6.270478147490425e-09,1.3433032136341068e-05,9.909964407472941,84.23469746352,6.658538375917526e-06,-19.582945567412246,0.0,2
11.841087614448874,5.121445263919783e-10,5.470155092755376e-06,14.8453397909581,126.18538822314383,4.3104537531453763e-07,-32.465428605530605,0.0,1
11.60776621238099,3.18027392770048e-10,4.284693813992121e-06,16.25659706316257,138.18107503688185,6.748066049629756e-07,-26.814283521745303,0.0,1
2.7210346878088085,5.916572385165982e-10,1.3963737346580306e-05,15.880171293105116,134.9814559913935,1.3864124366494417e-06,-21.781285328668165,0.005,2
1.099885388426627,1.3424395743054078e-10,7.458634164804315e-06,19.306156927163116,164.10233388088648,1.2540746835757327e-07,-35.53773054407978,0.005,1
25.871480483134526,3.5150236146643416e-08,9.438417474211827e-06,6.070402370143924,51.598420146223354,3.6734794492991933e-07,-53.06161877484334,0.0,0
9.534380399748011,3.2854971501312626e-09,1.7746614048047905e-05,11.514145131566705,97.87023361831699,1.6457752438748521e-06,-29.38952177340535,0.0,1
2.100715910483424,1.0106979351158672e-09,1.9777068939082857e-05,14.296267256895582,121.51827168361245,3.207587195091548e-07,-36.46263954307776,0.0175,1
9.1765837193541,1.1199413897076555e-10,3.2327682529329257e-06,18.85847091557722,160.29700278240637,3.9511286652050203e-07,-26.797943596888693,0.0,1
33.84563153677407,7.009187340820735e-08,5.244216320122929e-06,4.068884992520646,34.585522436425485,2.682444017409571e-06,-38.22042688203172,0.0,0
12.209180952558365,5.478343410168168e-09,1.6382191876568718e-05,10.405582125854274,88.44744806976132,6.4597016230278875e-06,-19.15009767888651,0.0,2
4.291867428547524,1.2233457325184202e-09,1.7821068124691707e-05,14.07884252383835,119.67016145262596,9.574011490682916e-07,-28.68985735947622,0.0,1
13.66218000613575,8.898267892609021e-09,1.7666771571546007e-05,9.096598081119312,77.32108368951415,8.813021008740253e-06,-18.42789227368647,0.0,2
3.2345052305709148,3.9187685436565674e-10,1.1035481433964814e-05,16.47492739287324,140.03688283942253,6.905967922914474e-07,-25.986897494001514,0.0125,2
-0.8385744231899556,6.130229952931176e-10,1.8208485698925122e-05,16.216215484430933,137.83783161766294,8.711498549625086e-08,-44.0988669490664,0.052500000000000005,0
13.046803526784386,4.21151484228084e-09,1.3685177584373402e-05,10.682546888016233,90.80164854813799,2.0722212755178836e-06,-28.302539488111492,0.0,1
17.683404330074847,7.573518191163404e-09,1.1213280045551777e-05,9.094749995373029,77.30537496067075,4.031642535705022e-07,-45.161675839412815,0.0,0
27.892384316771427,9.457051259979869e-08,1.22433005249085e-05,4.051140807576349,34.434696864398965,3.37917561920443e-06,-38.368283455596426,0.0,1
26.96993752479829,1.9009083000300583e-08,5.708186577134843e-06,7.290614501395012,61.97022326185761,1.2364973614710027e-05,-19.063024183011372,0.0,2
10.76029162715053,1.8200738585985588e-10,3.5106215289157003e-06,17.357094815491855,147.53530593168077,6.576908488726514e-07,-24.293729262517388,0.0,2
21.670483581626556,4.052795833496073e-08,1.6106418582781403e-05,5.49262007682234,46.687270652989895,6.1474134883917235e-06,-28.839116773055167,0.0,1
-2.9339443994480563,1.554800167075495e-10,1.029416231237029e-05,19.900683451264946,169.15580933575202,5.3739623903533564e-08,-41.786258490510235,0.08499999999999999,0
-3.1643842619350133,4.750991250466547e-10,1.7592422972138075e-05,17.823744090713603,151.50182477106566,2.3804811846723125e-08,-53.39137100215399,0.0925,0
11.360878831210492,7.720329928319201e-10,6.941459065339968e-06,14.562261250625767,123.77922063031902,1.5208646035071707e-06,-23.691808904874684,0.0,2
4.985355612574794,2.394024314884252e-10,7.494069363393841e-06,17.082309520927563,145.19963092788427,1.1521121658899292e-07,-40.05843701803891,0.0,0
24.952169715004146,2.6876409309437408e-08,8.603198578492283e-06,6.599154228337563,56.09281094086928,1.3857406208878332e-05,-19.602378411591815,0.0,2
19.968379906782157,1.3232675426051925e-08,1.0715480736328124e-05,8.103069793752153,68.87609324689332,1.0596966703095457e-05,-18.684561542897715,0.0,2
32.63782000258665,5.580043144222097e-09,1.412467852250689e-06,9.961027223194721,84.66873139715513,6.807966970967478e-07,-39.91155672144347,0.0,0
-5.188985535811696,4.313428273326756e-10,1.8255956973077473e-05,18.42492142792027,156.6118321373223,1.7752283845764032e-07,-33.90609501662064,0.12249999999999998,1
13.193289178003468,3.581976417592363e-10,3.8259753590275535e-06,16.17337735919399,137.47370755314893,5.698227414957298e-07,-29.152108534298428,0.0,1
18.07185085493551,2.244378816481659e-08,1.7242729074492295e-05,7.252691893240911,61.647881092547735,1.3191886249722462e-05,-19.106351093323326,0.0,2
26.24817907563854,5.451507822926664e-08,1.1270530715748164e-05,4.699928159565125,39.94938935630357,1.5436165801749345e-06,-42.16921521209845,0.0,0
10.285560040418073,1.821686983628971e-09,1.2278403489743751e-05,12.357651134965145,105.04003464720373,1.0429693810201668e-06,-30.25352375352589,0.0,1
0.006757378694355353,6.841273008163897e-10,1.7766721593767516e-05,15.392597969579697,130.83708274142742,1.628120614008032e-07,-38.98337075461163,0.05,0
-0.4623860616840435,2.3219719185942651e-10,1.1029167254546268e-05,18.36800423807126,156.12803602360572,7.548419488679796e-08,-41.543250833673255,0.055,0
18.064291949666263,7.799467696125982e-09,1.0093290896159042e-05,9.568283691458113,81.33041137739397,7.929172511065267e-06,-19.122572006122407,0.0,2
12.012015770874438,5.014587245190597e-09,1.6536319385415954e-05,9.865596339630047,83.8575688868554,4.288381578430496e-06,-21.94605440921528,0.0,2
-0.9245556785845067,2.2588013753567616e-10,1.0991701203488217e-05,18.735542957477556,159.25211513855922,2.314244485835132e-07,-31.806205657960305,0.0225,1
32.66908723207032,5.745657258730787e-08,5.441819267252903e-06,4.642104957593965,39.457892139548704,2.107674506392488e-06,-39.860529746933025,0.0,0
41.65113942810088,3.273056953231921e-08,1.1109401526585726e-06,5.646095071967678,47.99180811172526,1.7531759437220877e-07,-58.61543218148753,0.0,0
11.099950183079974,4.7638590230735756e-09,1.837939052341259e-05,10.579669385517322,89.92718977689725,1.7104884860159195e-06,-31.00923221339038,0.0,1
-7.05655965822074,3.579085776249582e-10,1.7274128120136442e-05,19.72707018810582,167.68009659889947,4.1677251841749944e-07,-24.51646017988995,0.1575,2
-0.7434374846494445,2.282495535157579e-10,1.0532006766143022e-05,18.294461076797912,155.50291915278228,7.478614248947255e-07,-20.845850002945955,0.0075,2
-1.4324694339072852,6.160943988859351e-10,1.815490863605125e-05,16.385778392057578,139.27911633248942,1.5159155320276035e-06,-18.690221164545186,0.0925,2
11.355582459976096,5.325937206293225e-10,5.925480786583569e-06,14.800054366625687,125.80046211631834,1.2200302029761022e-07,-43.63724714568,0.0,0
11.817263120958398,3.644073038147528e-09,1.4918639868174376e-05,10.511683726436766,89.34931167471251,7.516752900002386e-08,-56.25930682081374,0.0,0
16.239643688257605,7.781596602440111e-10,3.848683471114504e-06,14.465210794620766,122.95429175427651,2.3808500290972934e-06,-19.49401312152616,0.0,2
15.869106890362692,1.2939962126116355e-08,1.7944675597560798e-05,7.9703378234339315,67.7478714991884,8.875595777120335e-07,-40.79161461283761,0.0,0
14.661695530756704,5.939228163705386e-09,1.3933289579554648e-05,9.577948317491744,81.41256069867983,1.2989585017375425e-07,-54.08225995980477,0.0,0
30.30740963717678,1.4227966481261546e-08,3.2520982718964573e-06,7.979456134750264,67.82537714537725,1.0401993858722584e-05,-19.406422293921892,0.0,2
-0.965014148110279,2.772810815731949e-10,1.1958140266817112e-05,18.652696511450962,158.54792034733316,2.82734392886472e-09,-70.61797854736065,0.0375,0
18.87813987080994,8.70088795358041e-09,9.964839102120704e-06,9.005448702743557,76.54631397332024,6.225201328235096e-06,-21.597917780876795,0.0,2
43.122589618663135,6.21317052477e-08,1.3300208565931787e-06,4.928938773445473,41.895979574286514,1.5888531597279926e-05,-22.583954583963695,0.0,2
9.406427826647816,2.007801888717672e-09,1.4145391349455715e-05,12.186017264792696,103.58114675073791,5.037389395241624e-07,-36.97486612852553,0.0,1
18.142647443953027,2.435015110518805e-08,1.7954800598169595e-05,6.960161697326587,59.16137442727599,1.3192716231505015e-05,-19.631234200990033,0.0,2
1.1850902700215165,4.1102812656476645e-10,1.3103943789130008e-05,16.75867629583004,142.44874851455532,3.000084199431521e-08,-52.90785396864136,0.0475,0
19.62658456766531,9.582543533081941e-09,9.840915387239183e-06,8.685025651296955,73.82271803602411,3.8035488900410906e-06,-26.639820937969205,0.0,1
19.200580845587314,8.111868886021972e-09,9.395664362127356e-06,8.544892921523319,72.63158983294822,4.070195779430219e-06,-24.893379066583726,0.0,1
22.22831229063535,4.936176191137479e-08,1.6905560173519948e-05,5.048943929325396,42.91602339926587,3.7091886602259316e-06,-34.213341662258934,0.0,1
-5.220427729934274,2.438324837781933e-10,1.360231766198341e-05,19.883759458716497,169.0119553990902,7.810319943639731e-07,-18.606034077264454,0.1375,2
25.08047314075004,1.2404875427790485e-08,5.953349477689647e-06,8.057936550248463,68.49246067711195,3.550018803499724e-06,-28.329477624198176,0.0,1
40.89870202835644,8.00727189639693e-08,2.328630449432622e-06,4.092138454991321,34.783176867426235,2.6505008655054745e-06,-39.697106347298686,0.0,0
30.240539713321446,4.3777401094204286e-09,1.7665091693588077e-06,10.211157940298321,86.79484249253574,2.998364651969631e-07,-45.44066646622272,0.0,0
25.550287703823813,2.6111159498675165e-08,8.296689003373261e-06,6.318278113537705,53.70536396507049,4.114763747524605e-06,-30.268640746716805,0.0,1
37.879955896913344,2.701436759449798e-08,1.8079701653512677e-06,6.529894681846118,55.504104795692,3.8622334138949894e-06,-31.12430226647431,0.0,1
12.885411249810446,1.9905043328572962e-09,9.739992640900447e-06,12.350751793917826,104.98139024830152,2.879960782998088e-07,-42.39961757843189,0.0,0
1.63454745155271,9.510828282532712e-10,1.8994444136457136e-05,15.092263482394443,128.28423960035278,9.046040762993859e-07,-26.979833423003438,0.045,1
24.248505216839998,6.6299346064790885e-09,4.837109341338815e-06,9.389989874464954,79.81491393295211,8.744878433607512e-07,-37.92562432076487,0.0,0
-1.3336346596584736,3.0529647017613463e-10,1.325625521570841e-05,18.051666149669938,153.43916227219447,1.4490270406013862e-07,-36.601617490873245,0.0725,1
22.83303790508971,5.925042465873085e-10,1.3922337526049654e-06,14.90495821726715,126.69214484677077,7.447526234814985e-07,-29.1429985383039,0.0,1
-2.108670089745622,6.60346034227156e-10,1.985140896205263e-05,16.77273185329592,142.5682207530153,1.0229916229654228e-06,-22.45819889462919,0.037500000000000006,2
2.498807861013575,9.673276280719766e-10,1.883457662335956e-05,14.774299051848965,125.58154194071619,4.443652930394924e-07,-34.06891591210505,0.005,1
24.51302794798177,4.166293811118163e-08,1.2023970488810281e-05,5.044285561720034,42.8764272746203,1.4027038632882899e-06,-41.84055671228648,0.0,0
1.19579567736834,6.987228991074809e-10,1.6840878898820298e-05,15.5817920952769,132.44523280985365,5.80325285716788e-07,-29.2126778756659,0.0275,1
8.716888647163758,2.44761895909275e-09,1.679696072184271e-05,12.122505858904141,103.0412998006852,5.599026757878594e-07,-37.18257700871523,0.0,1
27.86751211311956,9.06492127288383e-09,3.707527486822766e-06,8.802924846430725,74.82486119466118,9.840256512605606e-08,-58.650020925749146,0.0,0
23.7521907224281,3.8181919812290886e-08,1.1778121302042783e-05,5.564889668738221,47.301562184274886,1.8418133037502844e-05,-18.520226898208506,0.0,2
14.72878105405838,7.489738212078101e-09,1.533216218165868e-05,9.265207689294405,78.75426535900245,1.5142460179490545e-06,-33.638661404528605,0.0,1
-2.1991400628382203,4.6387243562068486e-10,1.6119835126575237e-05,17.512473468930928,148.85602448591288,1.0429349421559154e-06,-20.520450772587605,0.0675,2
-6.808721314892329,4.1747340098419625e-10,1.818300475200128e-05,19.502959648464046,165.7751570119444,5.80224018405085e-07,-21.872923822033187,0.24,2
10.595902690723541,4.3752290045830005e-09,1.8318811562573268e-05,10.33267706680702,87.82775506785967,2.4383011925141474e-06,-26.77646101713439,0.0,1
17.65778099551778,2.7887284580474323e-10,1.9065581442425069e-06,15.95712414766729,135.63555525517197,1.3748680944141773e-07,-39.96435095819076,0.0,0
-3.09400026034318,3.585283609399458e-10,1.5122906798472623e-05,18.007235885234014,153.06150502448912,6.333991664229293e-07,-23.05082327312168,0.09,2
10.610226359017192,3.4514089659471363e-09,1.600965140034685e-05,11.38355259424231,96.76019705105963,1.7498657558027437e-06,-28.753005126234275,0.0,1
-0.5374473566965251,4.2728568730901263e-10,1.4446096209197602e-05,17.240854949417997,146.54726707005298,1.2949101336097205e-06,-19.179653105404114,0.025,2
5.277559990246942,8.369290240579186e-10,1.360624951460374e-05,14.463118216670821,122.93650484170199,8.918671212523393e-07,-27.745769855441136,0.0,1
26.688648036824976,1.2294722365085627e-08,4.749992451791005e-06,8.332426632795771,70.82562637876406,8.335946106399258e-06,-20.87461056657443,0.0,2
34.093193892449534,2.7893412404637885e-08,3.0874303274339857e-06,6.542615647708593,55.61223300552304,3.425269749761168e-06,-32.67408030988881,0.0,1
-5.781675135978915,2.566141610758123e-10,1.4546129396325488e-05,19.566913788232064,166.31876719997254,7.468425716113849e-08,-38.601010965388205,0.2625,0
17.624698564089552,1.2450617849361774e-08,1.3676852155904403e-05,8.267191856868209,70.27113078337977,9.700417445780581e-06,-19.250497613609692,0.0,2
23.654613404315477,6.140493216592231e-08,1.5942035284410557e-05,4.992988352143971,42.44040099322376,4.829216523020986e-06,-33.171478413586534,0.0,1
6.863006149422328,1.819963049092605e-09,1.750339395142013e-05,12.871138153647781,109.40467430600614,8.425957769240014e-07,-32.26168880982444,0.0,1
11.96200326847068,2.0043966514897126e-09,1.011582923250252e-05,12.308355486197195,104.62102163267616,4.1439330551772505e-06,-18.43933614132083,0.0,2
-3.3088131405234944,3.004926338702848e-10,1.4195619588158757e-05,18.573094389188448,157.8713023081018,2.427316387506599e-08,-50.983306045528884,0.15250000000000002,0
20.732648258842094,2.668075359742159e-09,4.623425325534373e-06,11.198546770560498,95.18764754976424,1.8369694984640575e-07,-47.59875810160712,0.0,0
8.219632195903074,5.725013456488201e-10,8.557639840013639e-06,15.239006448999035,129.53155481649182,2.009645224555113e-07,-39.917360557609825,0.0,0
-0.29041089211125537,6.012399346721409e-10,1.775692815920528e-05,16.424025427291326,139.60421613197627,1.3396946328537105e-07,-41.23005891629955,0.08750000000000001,0
23.441089602931193,1.5332282728971303e-08,8.101173798298957e-06,7.823106970450503,66.49640924882928,2.679545351107618e-06,-32.099266354977686,0.0,1
30.40474224770299,3.276312642200511e-08,5.36106210274918e-06,6.010868718099977,51.09238410384981,3.6744885254701884e-07,-52.74038903876692,0.0,0
19.171218767189817,8.703647071399462e-09,9.965425793116882e-06,8.858656115505127,75.29857698179357,2.6661410858214657e-06,-29.287612757483817,0.0,1
-0.9163492225925095,1.349435430708448e-10,8.654753099055931e-06,19.67820915375158,167.26477780688845,4.506399436997193e-08,-43.73414102207971,0.0375,0
-2.9099999336631637,5.759260307317756e-10,1.9014589498518763e-05,17.475272753436375,148.53981840420917,1.3599137585094006e-06,-19.17705896832274,0.1275,2
14.24875339793566,2.5674850578800102e-09,9.364208343615565e-06,11.49677854208364,97.72261760771093,1.7918587356443838e-06,-27.259036623004565,0.0,1
26.155960681925773,4.723106890575818e-08,1.0401632313366244e-05,5.352406029359111,45.495451249552445,6.570835612115146e-06,-28.952636976995567,0.0,1
15.67680785745944,1.3307681675402096e-08,1.8539035782099173e-05,8.436374259523292,71.70918120594798,7.696339301466331e-07,-42.53401264010938,0.0,0
12.144903516372057,4.555681472815643e-10,5.009665874062186e-06,15.295596335634372,130.01256885289214,1.3363845239852255e-08,-62.385443152155716,0.0,0
23.57848477080683,6.834182066717058e-08,1.7009707055114262e-05,4.347277441255915,36.95185825067528,4.14193586588605e-06,-34.78237360391113,0.0,1
29.527027640563738,7.539049079747717e-08,8.919314782465578e-06,4.1122520637573805,34.95414254193773,7.6216390988093435e-06,-29.555208998456127,0.0,1
15.432389569324673,4.643419411900399e-09,1.0851069138594775e-05,9.751724349244569,82.88965696857883,4.523237442439744e-06,-20.945991001048302,0.0,2
8.396873028543252,2.1100404081501904e-10,5.0055452402623155e-06,17.173048231913707,145.9709099712665,1.9452697411850138e-07,-35.53767932085866,0.0,1
3.8709262266383404,6.086150940006048e-10,1.2411278122116417e-05,15.51852673131632,131.90747721618874,1.9025990842344749e-06,-18.924418316919798,0.0025,2
11.532120340761802,3.1811179581357403e-09,1.4218830375216157e-05,11.145567420867602,94.73732307737463,7.520609289849017e-08,-55.81234469516431,0.0,0
3.402650546085129,2.617690737319734e-10,8.972521057804776e-06,17.52209753096116,148.93782901316987,1.0623786678807062e-07,-41.08649655586668,0.0025,0
34.82356935803228,7.085417766475949e-09,1.0343393321853964e-06,9.825652680589313,83.51804778500916,6.167452572573617e-06,-21.319943884998548,0.0,2
6.830964145945634,5.529999706888378e-10,9.602671499518654e-06,15.097664393200574,128.33014734220487,1.0154231886421472e-07,-44.90291075295005,0.0,0
8.96418181871145,2.155910239142445e-09,1.4920757697895565e-05,11.834187665582206,100.59059515744875,3.0828877527773253e-06,-20.84395993840834,0.0,2
-4.387396473955839,2.3050662644410287e-10,1.2451327881526959e-05,19.929393681053842,169.39984628895766,3.1263931025709674e-07,-26.609459652617915,0.1925,2
2.8549873891266895,1.406459071380592e-10,6.488033105449716e-06,18.89524338858276,160.60956880295348,8.425473666812304e-07,-19.570142268684883,0.005,2
1.1009465935484222,1.286938562494325e-10,7.1192632460505895e-06,19.84470837798345,168.68002121285932,8.131206737231596e-07,-19.32012189417893,0.025,2
18.497620737518517,1.8779422367612244e-08,1.58479788455809e-05,6.910164420113029,58.73639757096075,4.306815627533841e-06,-28.14235848230399,0.0,1
28.286363342515898,5.1713883720491845e-08,8.615458908819114e-06,5.365730916069946,45.608712786594545,2.939952118143009e-06,-36.634093463088874,0.0,1
28.554114559074897,1.3568706968950639e-08,4.165838288902104e-06,8.145204533374317,69.2342385336817,2.2209076238971294e-06,-33.342568598116436,0.0,1
28.296405683414342,3.187506474173438e-08,6.63420647205258e-06,6.206501402532183,52.75526192152356,5.599750452901093e-06,-28.885169065719975,0.0,1
21.661241128981963,3.966702747989363e-08,1.5196905681683941e-05,5.837295560692841,49.617012265889144,1.903445354764108e-05,-18.687377136758702,0.0,2
22.988639365665477,4.990097247039153e-08,1.4947197024995885e-05,5.201365516498948,44.21160689024106,1.3923511095961811e-05,-22.34783330391569,0.0,2
9.702257177641968,2.9562201814441087e-10,5.226450400192582e-06,16.294934660689837,138.5069446158636,2.996843873596941e-07,-32.99882890148133,0.0,1
8.810217471412917,7.802961640248096e-10,9.354441799472e-06,14.56185141556536,123.77573703230556,4.087633793995321e-07,-34.96398168172098,0.0,1
-0.22909471422067118,2.1087772805636533e-10,1.0411273014913444e-05,18.499584537188593,157.24646856610303,4.758001310951296e-08,-45.57880228689493,0.055,0
39.92726430624395,4.956149305445132e-08,1.84541104711482e-06,5.354222030876041,45.51088726244635,1.986654829897922e-05,-19.14556914951303,0.0,2
14.702617918991066,4.316548090627499e-09,1.1815321666296333e-05,10.314942421599604,87.67701058359664,6.603919686457153e-07,-38.39123505058015,0.0,0
13.00293831150636,2.339268854071125e-09,1.0555133847023234e-05,11.946303122686002,101.54357654283102,1.4421510713062274e-07,-49.54625589619773,0.0,0
30.351349113738102,2.538107341453074e-08,4.454137561932908e-06,6.724755514972394,57.16042187726535,1.1770207135214184e-05,-20.93569128304244,0.0,2
21.28178092194998,3.598077763963087e-08,1.611218405067035e-05,5.981030307533873,50.83875761403792,2.0711662124254206e-06,-37.99647947959708,0.0,1
3.4220057628434675,9.497382600618441e-10,1.688052432446076e-05,14.824670623720095,126.00970030162082,1.229436444243055e-06,-25.09906423267475,0.0075,2
2.378082550865728,1.1008582351822093e-10,6.113258390980937e-06,18.901190567938347,160.66011982747594,7.875700914605836e-07,-18.78410772249171,0.0075,2
17.2235692711176,1.0031461170553853e-08,1.285708292263989e-05,9.174450550747068,77.98282968135008,7.562806137351923e-06,-21.180900038094435,0.0,2
11.651719441476605,3.704529111647181e-09,1.536164498874433e-05,10.83843143090249,92.12666716267117,2.373274654732891e-08,-66.6496710026572,0.0,0
27.069299592420496,4.03274740900606e-09,2.3989195152643503e-06,10.677772249074373,90.76106411713218,5.4738037295412755e-06,-19.249776119129763,0.0,2
24.532890227324206,1.15036228791464e-08,6.247239833687407e-06,8.259586010746302,70.20648109134356,5.061448150813296e-07,-45.40243929312011,0.0,0
11.841076803575572,1.5073098022132987e-09,9.3773379360596e-06,12.955490418880055,110.12166856048049,1.3419563255345082e-06,-27.892527552564644,0.0,1
12.37710497412854,2.8611681543508312e-09,1.1806383368483382e-05,11.191002449408474,95.12352081997204,3.758466066336734e-06,-20.677513852931494,0.0,2
28.42141158518194,5.8804461793033326e-08,8.800728848543322e-06,4.722457370542478,40.14088764961106,1.1634105107520952e-05,-24.73776284934702,0.0,2
10.117699407030598,1.1669034278339828e-09,1.0134524099699317e-05,13.524045682995558,114.95438830546226,9.24591956360316e-08,-50.053944330618364,0.0,0
16.197276239198608,1.1939117797577483e-09,4.938091647158736e-06,13.329477902976425,113.30056217529962,2.4816446318856385e-06,-21.23667976037163,0.0,2
11.171608874739245,6.79008052249017e-11,1.9419873269529597e-06,19.471985616659687,165.51187774160735,6.601742986856889e-08,-40.42770097900196,0.0,0
22.72114591944284,3.55251588401458e-08,1.3634642396756893e-05,5.73232057998089,48.72472492983756,2.020204285917195e-06,-37.948320230658844,0.0,1
15.377656173308868,1.8493651556642885e-09,7.135693122965014e-06,12.000639845594733,102.00543868755524,4.0155998768124203e-08,-58.98972279083082,0.0,0
8.829203129842538,8.122925351536361e-10,9.458590416972211e-06,14.020260495884953,119.1722142150221,1.0498969851691869e-06,-26.61059488058364,0.0,1
17.679603604711062,9.402258011922493e-09,1.1976367668677035e-05,8.675649444755074,73.74302028041812,5.299644880098715e-06,-23.366991204605686,0.0,2
15.621881555097838,1.2587053653424596e-08,1.7005037093546846e-05,8.093050428408452,68.79092864147184,1.1842268999381598e-05,-17.207621092870824,0.0,2
7.504160046532674,1.8910083063523082e-09,1.6283769090656032e-05,12.70221348919178,107.96881465813013,2.0452613758621295e-06,-24.331101745010226,0.0,2
18.645645582547285,3.443467045805668e-09,6.717529598137973e-06,10.808466113764341,91.8719619669969,4.253493532113247e-07,-41.584475151158806,0.0,0
16.225457745287063,5.9838436362113415e-09,1.1593863618535931e-05,9.969834519359702,84.74359341455748,1.3703018533139685e-06,-33.87164983296011,0.0,1
5.903322740729722,7.419651249930371e-11,3.6456159045263526e-06,19.63358846953517,166.88550199104893,5.277599912956223e-07,-21.744081746105746,0.0,2
5.495762085072022,2.3806204168171075e-10,7.090887567543965e-06,17.44328994020375,148.26796449173187,3.9685035782509345e-07,-29.59942710156437,0.0,1
9.882712981618436,1.8801232840785493e-09,1.2788422954857417e-05,12.243298970125226,104.06804124606442,2.0212540822349095e-06,-24.514705587244883,0.0,2
11.764139983508885,1.1739469750819338e-09,8.073019220389852e-06,13.078424191493049,111.16660562769091,2.8565136733824117e-06,-19.14479598461125,0.0,2
-8.079761144640852,4.665376122976988e-10,1.9831045090132698e-05,19.016233018962822,161.637980661184,2.7475935163689395e-07,-27.348691383577822,0.1875,1
30.544303050235236,2.4678865908691664e-08,4.291020288448496e-06,6.693607595358626,56.89566456054831,1.2026202559657778e-05,-20.343736385743448,0.0,2
9.922013062031855,3.6647287860502806e-09,1.8207927382709675e-05,11.051227669722161,93.93543519263837,7.798058057848586e-07,-36.26604694061283,0.0,1
18.485647461657152,7.030845699600498e-09,9.746851125531142e-06,9.467174415423486,80.47098253109964,1.7907743456892545e-06,-32.12816713293058,0.0,1
6.377062594469759,1.7639240622380973e-09,1.749919525114801e-05,12.780414499531108,108.63352324601442,2.5694318855035173e-06,-21.727652948565126,0.0,2
26.81482474859782,4.5751215364540656e-08,9.025085762365233e-06,5.632956444129149,47.880129775097764,1.8250892498303215e-05,-19.689886967713235,0.0,2
6.056833254408347,5.76366890256017e-10,1.0386165820073213e-05,15.641253640983933,132.95065594836345,4.872834460840571e-07,-31.963931125078208,0.0,1
14.326762323021292,5.569876143549918e-09,1.3708105791873827e-05,9.95016924096199,84.57643854817691,2.474727501272633e-06,-28.15417042561262,0.0,1
14.854543276988881,9.767075040511787e-10,5.022166136617839e-06,13.974236672387747,118.78101171529585,3.051271926482909e-06,-18.087336812860336,0.0,2
25.92614675490342,5.565524420437724e-08,1.1674646199641238e-05,4.709104917973477,40.02739180277456,5.5110603297512005e-06,-31.100386636067476,0.0,1
28.15556812213635,1.1535032837640294e-08,3.803237880370512e-06,8.555536620865167,72.72206127735392,9.73674799764087e-06,-19.008180892473586,0.0,2
14.160832940205166,7.387967171367264e-10,5.082972618513354e-06,13.9932085860382,118.94227298132469,9.57597295491473e-08,-47.25120917529088,0.0,0
21.76750287788488,2.322913816913016e-08,1.2005724681163291e-05,6.7135576779140145,57.06524026226912,5.718424130746149e-06,-27.022655289400642,0.0,1
13.945831516133389,5.33990143415979e-09,1.4361374100407164e-05,10.024638049507141,85.20942342081071,3.614445770786134e-07,-44.95443885350107,0.0,0
8.684216198308492,6.58083827157878e-10,8.412182679636495e-06,14.916184859453777,126.7875713053571,1.6757351890946474e-06,-21.379453581491855,0.0,2
-5.554305784437801,2.4084080015699724e-10,1.3689308454546236e-05,19.518027516888896,165.9032338935556,6.170229664329555e-08,-39.98504943618186,0.16,0
-0.44602863216354627,3.72833567027667e-10,1.3798881450739968e-05,17.630341045472107,149.8578988865129,6.580014541568502e-08,-45.20102048746737,0.025,0
10.664943149519349,2.2095280334554486e-09,1.2826029666067585e-05,11.979652293370641,101.82704449365046,1.7621125225034376e-06,-26.746416782907282,0.0,1
17.406664826040263,7.373235291966323e-10,3.3582078505894983e-06,14.431123984903131,122.6645538716766,1.3968886808303531e-06,-24.18048853332892,0.0,2
12.378613756314731,5.0919020959701105e-09,1.6450388884987797e-05,10.001411305943131,85.01199610051663,1.2720085933308843e-06,-33.278665072177986,0.0,1
39.27658692490942,2.945417740935503e-08,1.568103845092646e-06,6.027474613909888,51.23353421823405,6.432190325924587e-07,-47.077784426904685,0.0,0
14.785482275218651,8.088412470226433e-09,1.5946744243939974e-05,9.066866275746495,77.0683633438452,7.913355313489204e-07,-39.52287175388365,0.0,0
-3.155567069489176,2.505861831873163e-10,1.3095988206856098e-05,18.70756542503019,159.0143061127566,7.205258682388098e-08,-40.863632319248524,0.0325,0
8.849642686599118,2.875377472314686e-10,5.372467680191394e-06,16.94042188222184,143.99358599888566,1.4773090382065356e-06,-19.26195228729816,0.0,2
4.81601523003647,9.687892411873634e-10,1.5334403772041168e-05,13.842354820491806,117.66001597418035,8.16210926929459e-07,-28.675072346616624,0.0,1
7.981604965246358,1.76742561375065e-09,1.4428915633527701e-05,13.108268930154185,111.42028590631058,3.711355136678269e-06,-18.903823334755714,0.0,2
3.6578829048034156,2.2523774091473732e-10,8.146324225182448e-06,17.56681527367201,149.31792982621207,6.880791718388117e-08,-44.015685428524094,0.0025,0
-1.7411338319761973,5.669275917063987e-10,1.8621954604246298e-05,16.943435703321622,144.01920347823378,1.6423336108229057e-07,-38.53286212736424,0.05,0
22.673186344045302,1.6721567201736993e-08,9.081259248890513e-06,7.50675416347228,63.80741038951439,6.37784847049929e-06,-24.620841951719402,0.0,2
43.87919506619997,7.553332736304494e-08,1.4361813297409821e-06,4.1247891775626755,35.06070800928274,1.9148080228581167e-06,-41.80933709373185,0.0,0
9.708045934275523,2.5021269605269145e-09,1.5253750587699575e-05,12.157158113228512,103.33584396244235,1.8513700152820081e-06,-27.09077709097128,0.0,1
8.894707098168613,2.9978436555372856e-09,1.8180008680356478e-05,11.117487773756233,94.49864607692798,9.115061690909001e-07,-33.19525768558313,0.0,1
9.36268285584499,1.3762226372877207e-09,1.1958013097690633e-05,12.59085471023189,107.02226503697108,3.355501962796004e-07,-38.65961083652359,0.0,0
21.25836562886283,1.8166689103815415e-08,1.1011894742699053e-05,7.429212821569525,63.14830898334097,8.519092115933844e-06,-22.31341818252482,0.0,2
-1.9172094422395864,4.3585796975568325e-10,1.6191950121360014e-05,17.437363225001857,148.2175874125158,9.147641571156252e-08,-42.10695320345928,0.09,0
10.08872084361646,2.163368801766584e-09,1.373657584563142e-05,12.145393865162255,103.23584785387916,3.672032147524274e-07,-40.71370746545435,0.0,0
18.34494552321762,7.0171434539485254e-09,9.9432692886595e-06,9.2813627393864,78.89158328478442,9.264452505235907e-07,-37.882562891975915,0.0,1
28.670891556048346,4.675365354687542e-09,2.2946144285526054e-06,9.897123715380491,84.12555158073417,5.357526924370266e-07,-40.66665027078997,0.0,0
22.899692015681076,1.3696549737485061e-08,8.26979554896219e-06,7.560948007577993,64.26805806441294,6.422893317148153e-07,-43.62357007136466,0.0,0
23.361454817918922,1.559371700429337e-09,2.428061404577491e-06,12.706466105529945,108.00496189700453,1.0804856401525643e-06,-29.960303320060166,0.0,1
23.407783953713874,6.218596968702421e-08,1.6799733563166397e-05,4.441609915033673,37.75368427778623,1.0783242507275156e-07,-66.05831067638746,0.0,0
16.765132875544232,2.3357731481713045e-09,6.814379508125783e-06,11.597393166520114,98.57784191542096,4.6961182415502755e-07,-38.8613166299138,0.0,0
-6.397772503271946,5.028569896206659e-10,1.9912013484447837e-05,18.740115486920605,159.29098163882514,2.9498978514358868e-09,-68.93723963701669,0.195,0
30.392956526013016,1.81254172491534e-08,3.923547451491923e-06,6.740367290076453,57.293121965649846,1.0661776973099562e-06,-40.290981726807814,0.0,0
4.689767044680024,1.6261563775021765e-09,1.972344792820353e-05,13.401526724189138,113.91297715560766,1.759340720399281e-06,-24.49397966695659,0.0125,2
6.014969502519795,6.739321945710171e-10,1.1490796757692006e-05,14.589893400105877,124.01409390089997,2.2734577577424032e-07,-38.512195422836925,0.0,0
-5.343157155314321,4.481753129437382e-10,1.8735677948557443e-05,18.640520614318543,158.4444252217076,5.746429413571988e-08,-43.91552055371128,0.22500000000000003,0
18.121936959547604,1.7170838532992175e-09,4.965303274587399e-06,12.344216440807017,104.92583974685965,4.989343352589395e-07,-37.05700299489065,0.0,1
-0.05779937873737136,1.6391121697840738e-10,8.998054434708144e-06,18.57700435949652,157.90453705572043,1.946713684020561e-07,-31.712988982907156,0.01,1
18.913604140636078,2.0324124038391516e-09,4.867420575105912e-06,12.507084841999683,106.3102211569973,1.3975944788995046e-06,-29.14868903430982,0.0,1
12.502020509537177,2.870023572649281e-09,1.1916017269919899e-05,11.510290008143071,97.83746506921611,2.7484291395432087e-06,-24.182704324890523,0.0,2
7.808170303958857,2.148277440957395e-09,1.7176553411663985e-05,12.319223693936168,104.71340139845744,8.943635310023889e-08,-52.386761373806756,0.0,0
5.203267093252939,1.7353972051060696e-10,5.9318751245161225e-06,18.056575400891226,153.48089090757543,1.0410389660873053e-06,-19.036088124312396,0.0,2
20.79477614321192,1.0120990884422194e-08,9.003618524353864e-06,8.297880750811387,70.5319863818968,1.445033869515419e-06,-35.33161213314288,0.0,1
-0.9549899727487633,5.28400490186093e-10,1.7036525909841227e-05,16.562422090021574,140.78058776518338,7.091199045734902e-08,-45.41702236524362,0.10250000000000001,0
8.670642570849331,6.646755465165471e-10,8.82911570867213e-06,14.443890283737,122.77306741176449,8.010719145680582e-08,-48.16774007604813,0.0,0
35.87675200858822,5.8396421707125644e-08,3.624474008911489e-06,4.889883325648568,41.56400826801283,1.0969687856328526e-05,-25.444501538241674,0.0,2
20.81621894828292,4.960225747796976e-08,1.9072808758961338e-05,5.743741299357911,48.82180104454224,1.533639014476263e-05,-21.944318295465266,0.0,2
20.105712048196942,6.975192765331659e-09,8.082262958350136e-06,9.418840715525167,80.06014608196392,1.0990589035430384e-06,-36.37344037511567,0.0,1
7.485508938130389,1.8042622781757755e-10,5.2844582560620995e-06,17.65265467491812,150.04756473680405,2.8589274201280515e-08,-51.99391600777937,0.0,0
-3.0935450064547942,2.6737536998370854e-10,1.3503574192805296e-05,18.68138959463406,158.79181155438948,8.781908545050095e-08,-39.363516837935876,0.07,0
11.59667892124109,2.8687413447300304e-09,1.296974333942156e-05,11.761289418872098,99.97096006041284,2.934916409371046e-06,-23.72304220409439,0.0,2
15.716229643906672,7.749412287958442e-10,4.332190573833688e-06,14.113065628788503,119.96105784470227,3.452339304135567e-07,-36.59089506118474,0.0,1
11.57743715302233,1.4398373945140944e-09,9.629350676287994e-06,13.013987006968229,110.61888955922994,9.393491665251523e-08,-50.66297699132559,0.0,0
18.863878754868427,4.869821240369428e-10,2.2510329262413683e-06,15.39407737002855,130.84965764524267,5.109325686648698e-07,-31.566903174818584,0.0,1
19.758650704112625,3.902828898592134e-08,1.9793414590872628e-05,5.771311251580695,49.05614563843591,5.282209574982596e-06,-30.146077740865294,0.0,1
6.3384296180323325,1.3556570309116224e-09,1.566908831685291e-05,13.185310658910078,112.07514060073566,7.261488518806083e-07,-31.73623805632848,0.0,1
10.85423581477288,1.1129843443642578e-09,9.021152349020857e-06,13.695555242535423,116.4122195615511,1.3565216765983382e-07,-46.24887059449233,0.0,0
-3.671012914953724,2.813804289629865e-10,1.3880834585305781e-05,19.101923280892212,162.3663478875838,1.83684367037051e-08,-52.860545145817184,0.10250000000000001,0
18.66192953950315,2.6396671322313673e-09,5.71783715014764e-06,11.922050428582267,101.33742864294928,1.3605312110855353e-06,-30.067160836008092,0.0,1
16.910548743433196,4.823700185109858e-09,9.756480968138302e-06,9.796442643552467,83.26976247019597,5.073662227431663e-08,-61.19696377575116,0.0,0
11.146768284426207,3.181879561458826e-10,4.633340819843227e-06,15.982597712497324,135.85208055622726,1.1977470695271867e-07,-41.563115421429664,0.0,0
11.224707967262887,8.033829601520889e-10,7.088564973384025e-06,14.245478046337997,121.08656339387296,1.95490632001389e-06,-21.16911710350198,0.0,2
18.462808790659345,5.3221839374738695e-09,8.494646307175667e-06,10.068635678536033,85.58340326755629,5.560016702320979e-07,-41.124157590385494,0.0,0
32.03029314402472,1.0383340664676176e-08,2.27984924972656e-06,8.337485419429848,70.8686260651537,3.636783443629452e-06,-27.467263362111844,0.0,1
18.545736804991858,3.042379093079607e-10,1.6575913328280189e-06,16.39621109628825,139.3677943184501,1.2000580749546664e-06,-21.453659140822996,0.0,2
11.88371677822267,6.893111821864006e-10,6.419455138712425e-06,14.33730168383532,121.86706431260023,6.667354049435785e-08,-50.421730596611944,0.0,0
4.251101106922462,8.731779520703063e-10,1.5295819864706217e-05,14.425666508688472,122.61816532385201,2.4328595956730954e-07,-38.80052810065494,0.0,0
4.969340061073042,4.1853590104454007e-10,9.455447671702905e-06,16.551495899046206,140.68771514189277,1.4282488598990554e-06,-20.48139277305973,0.0,2
27.601307882028255,1.4527794935064687e-09,1.2277209007515877e-06,12.783332477503931,108.65832605878342,1.0464983806324641e-07,-50.15031256661098,0.0,0
16.988136430314366,7.032973114350361e-09,1.1397680953357318e-05,9.138378641191824,77.6762184501305,3.867762699468317e-06,-24.873017274153767,0.0,2
2.285235458759235,3.154800283485966e-10,1.0591427684179456e-05,16.99477185104289,144.45556073386456,1.2903575398570652e-06,-19.180046177891967,0.005,2
-1.3881654337967348,5.880699680384487e-10,1.855180425593538e-05,16.454901420054593,139.86666207046403,2.149348672087723e-07,-35.63021280915391,0.042499999999999996,1
14.776887037417712,8.817857510466651e-09,1.6264926958228294e-05,8.75690511111359,74.4336934444655,4.276702461556309e-06,-25.06029672119242,0.0,1
14.84806419380157,3.587911078801372e-10,3.0102205341179194e-06,16.30360999207707,138.5806849326551,1.5450596724826348e-06,-20.08836816369378,0.0,2
3.533933749415144,7.79186261091365e-11,4.794611454693719e-06,19.64682501644691,166.99801263979873,2.9223230048260745e-07,-26.672313355112955,0.0,1
-2.0364895086690344,4.987028723248474e-10,1.7665012329793885e-05,16.70750003636591,142.01375030911024,1.0468852159910206e-07,-40.799130704528636,0.0325,0
22.325287667458838,6.272636827117227e-09,5.910209724733154e-06,9.554885110238104,81.21652343702388,9.290507672775887e-07,-37.188668712815804,0.0,1
8.901463771775916,1.4129959996942083e-10,3.7937397158524327e-06,18.429867768016212,156.6538760281378,3.0904985605018526e-07,-30.06040258573246,0.0,1
22.61474553933001,5.365578363650809e-08,1.659932043163665e-05,5.224797684266342,44.41078031626391,8.054291639271817e-06,-27.877575989758192,0.0,1
6.338565493395962,2.5402430408199487e-10,6.79001517027004e-06,17.28255417252284,146.90171046644414,9.620578037775911e-08,-42.4857883526121,0.0,0
-6.9378645204230684,2.997743241518761e-10,1.5699951945205355e-05,19.81494637957311,168.42704422637144,5.696622273869256e-07,-20.582564195068574,0.24250000000000002,2
9.210018639485307,3.509043335993495e-09,1.9187629976656715e-05,11.00986763529501,93.58387490000757,5.829854908569512e-07,-38.13560444734162,0.0,1
13.015492819882876,5.812848940557751e-10,5.002782589291228e-06,14.909913500967415,126.73426475822303,8.547879381731428e-07,-27.210587682646768,0.0,1
0.16536059704053208,4.0563810370756477e-10,1.3405014952705531e-05,16.94638508230681,144.0442731996079,1.4379819314284562e-06,-18.153497875034198,0.030000000000000002,2
10.908168529589322,4.519103971404105e-09,1.753723665355676e-05,10.72063446771832,91.12539297560572,3.839492917086242e-06,-22.896804447353688,0.0,2
26.69074285523908,6.633667620310416e-08,1.1823121973217688e-05,4.491844652429954,38.180679545654606,1.8045707275837576e-06,-41.887283867386444,0.0,0
29.099174656394556,5.567501563252729e-08,7.662821505310023e-06,5.064706116438874,43.05000198973043,2.1316958248524018e-05,-19.02143849032465,0.0,2
15.741108753456592,5.255254323769455e-09,1.1394491163018368e-05,10.04068543043134,85.3458261586664,2.1535048745784916e-06,-29.10400310437079,0.0,1
19.33324879969457,1.7203090326774744e-08,1.396810470656073e-05,7.277105797849055,61.85539928171696,9.307700338770761e-07,-41.47790347582685,0.0,0
7.929001038445033,7.665649330371293e-10,1.0172205908910111e-05,14.206525652338627,120.75546804487834,3.7344299281765953e-07,-35.206938267043725,0.0,1
17.982540223105897,2.6740094332448154e-09,6.336226577702543e-06,11.250787674134756,95.63169523014543,1.0595011931551578e-06,-32.16872679512336,0.0,1
8.743496738034134,3.084842444463212e-09,1.907204457487371e-05,11.224523677667959,95.40845126017764,3.3153558199405767e-07,-42.622392405386755,0.0,0
-1.9218748903154261,2.7446621776143564e-10,1.2825733790773412e-05,18.528923505898934,157.49584980014095,1.7106509584950782e-07,-34.836949447908225,0.09750000000000002,1
1.3091453985721406,9.522227222550589e-11,6.255966121303769e-06,19.64148585147758,166.95262973755942,2.4627783520755726e-07,-28.113202757816346,0.0125,1
26.41951312129052,4.9422500935479805e-09,3.1489982322704697e-06,10.221267383312549,86.88077275815667,1.1261286088667418e-06,-34.59750724780801,0.0,1
25.921486501445084,3.5634649346419216e-08,9.396655056180481e-06,5.865086054088772,49.85323145975457,2.1532181684545118e-06,-38.0307885957532,0.0,1
37.4014505131595,2.9094758367669218e-08,2.0556052473797777e-06,6.2464809891696405,53.095088407941944,1.5817098397911815e-06,-39.310234965907114,0.0,0
25.645437956644905,7.892266689347667e-09,4.498073506783793e-06,9.037108477036222,76.81542205480788,9.405865064022825e-07,-38.2629810254572,0.0,0
19.60112646731896,3.826574408636521e-08,1.991477506842845e-05,5.419477740177031,46.065560791504765,6.220731610313973e-06,-28.141199755042226,0.0,1
23.370621277345247,5.603573878594551e-08,1.5738096029488283e-05,5.3673179937969735,45.622202947274275,4.372373247234808e-06,-33.78147616029579,0.0,1
6.035466083791723,2.038873386997927e-10,6.238821730581942e-06,17.1934201216384,146.1440710339264,3.3201226497352824e-07,-30.26486183781707,0.0,1
-1.2665381171051806,4.780711326069809e-10,1.696754138646726e-05,16.824400457345206,143.00740388743426,6.386026263611542e-08,-46.187491660512336,0.035,0
13.702971058460927,5.080342119978681e-10,4.421074963514603e-06,15.24685701474553,129.59828462533702,1.0127559101395369e-07,-45.76201958750958,0.0,0
7.442611707877152,4.2170581082615267e-10,7.646808663975239e-06,15.362393022106609,130.58034068790616,1.3025961929630775e-06,-21.1183029183768,0.0,2
-2.0972663857389393,2.7997565245389985e-10,1.3022904731741415e-05,18.426639247024752,156.6264335997104,2.492143923719537e-07,-31.00965998810585,0.0275,1
9.624710080284512,3.299689800472694e-09,1.731692644389929e-05,11.375724366905656,96.69365711869807,3.2139471391674337e-06,-22.889214778780037,0.0,2
7.394236447855542,3.320522312632282e-10,6.863944370021394e-06,15.846859573062227,134.69830637102893,6.704462578852857e-07,-25.99922039863089,0.0,1
17.750824539093063,7.326240888074097e-09,1.0894446938267941e-05,9.094806297845478,77.30585353168657,4.142869929398544e-07,-44.76351293955957,0.0,0
22.113464108120976,7.609556924284394e-09,6.558439988247729e-06,9.305373140634055,79.09567169538947,3.3874304281326295e-06,-26.789526068273283,0.0,1
24.184661556545546,2.2894403379010043e-08,8.704176218757409e-06,7.103297822739357,60.37803149328454,1.2556523172001511e-05,-20.001997067654212,0.0,2
15.171941092651714,1.2892420516633461e-08,1.93468990962696e-05,8.283062274923319,70.40602933684822,6.799643901339377e-07,-43.1586344709697,0.0,0
23.00214673515844,3.607878058901704e-09,3.786118633269089e-06,10.976757205248934,93.30243624461593,5.79351213359335e-06,-18.20727126390881,0.0,2
3.4473630876817385,2.1384533182021654e-10,7.905571153272633e-06,17.66872252075299,150.1841414264004,6.601622448333372e-07,-23.83630965612937,0.0,2
13.784596283187984,7.707794218859108e-09,1.6164535634276092e-05,9.675743676883343,82.24382125350841,7.974389933594301e-06,-18.832497613378976,0.0,2
19.280149757740297,2.6682303836220544e-09,5.337061801735267e-06,11.673945065905475,99.22853306019653,2.0824406609206184e-06,-26.50319129224229,0.0,1
14.386772455033341,1.1244742042823656e-08,1.923552682467737e-05,7.8586300616103415,66.7983555236879,4.830591896034081e-06,-24.513070414781243,0.0,1
27.872578238706097,2.7635266454464435e-08,6.209001146250649e-06,6.484091554392413,55.114778212335516,1.409101215725321e-05,-19.765032507241564,0.0,2
26.129766866740948,1.701686260072989e-08,6.309618784742336e-06,7.195004154330474,61.15753531180903,1.468272688406566e-06,-37.41687190242569,0.0,0
15.150161651239369,6.647364967893491e-10,4.203150992321045e-06,14.335669798577033,121.85319328790479,1.0352904174581372e-06,-26.00780206363142,0.0,1
8.84915988179031,6.694247794545248e-10,8.760902096104634e-06,14.823636407228769,126.00090946144454,3.990043350037695e-08,-54.68708093222393,0.0,0
16.316799651178904,6.9663580577708136e-09,1.2032447004753261e-05,9.64449305623723,81.97819097801647,5.04127925666123e-06,-22.767586022860527,0.0,2
-1.3769199981282316,3.995031856505707e-10,1.4892160050546122e-05,17.690053924225335,150.36545835591534,1.1071951048792075e-06,-20.16833591875711,0.027500000000000004,2
1.5609928971281841,8.918793991551886e-11,5.894949390612722e-06,19.76688646307871,168.01853493616903,2.793210722232018e-07,-26.799410862632485,0.0275,1
27.848402497340743,4.360851719453568e-09,2.4051869264740014e-06,10.32427995299964,87.75637960049694,2.350288905850303e-06,-27.457659909055913,0.0,1
0.029695625531123166,7.208525777314923e-10,1.9292021814129327e-05,15.942688100688134,135.51284885584914,3.437684475694632e-08,-54.14422967776314,0.05,0
-0.8777653764999269,6.79015633931774e-10,1.899681450462324e-05,16.183916893141824,137.56329359170547,8.085136014141036e-07,-25.377040730749165,0.055,2
7.242427394794832,2.1920017819817597e-09,1.8814961030483888e-05,11.794969941551921,100.25724450319133,1.3626315270472535e-07,-48.52851316675892,0.0,0
22.840793087381375,6.992597095809258e-08,1.7553772007369967e-05,4.750242533174674,40.37706153198474,2.5662501218275376e-05,-18.435453244969533,0.0,2
-6.088181606000951,4.3669934438288266e-10,1.875844646471076e-05,18.967928601045625,161.2273931088878,2.2680521246995982e-07,-31.104251664577305,0.2025,1
8.831875415868836,3.2726475058991807e-09,1.8196001289035054e-05,11.428734519387156,97.14424341479082,4.450768058390878e-06,-19.75290018576549,0.0,2
16.732174759304545,1.7706628747342834e-10,1.632079436515458e-06,17.35217388411622,147.49347801498786,1.1775480552267646e-07,-39.79927519607856,0.0,0
14.453053767718202,6.889712256747471e-09,1.5266995047443817e-05,9.548020365518159,81.15817310690436,1.5130343924699713e-06,-33.32087409412014,0.0,1
29.644422230896296,3.008080078954653e-09,1.493056172975859e-06,11.083283311787458,94.20790815019339,3.948843777663683e-07,-41.57256774970029,0.0,0
1.636437489240021,2.6562192905939956e-10,1.0059744629510468e-05,17.67241033521317,150.21548784931193,4.787600963734464e-07,-26.80226052394659,0.0175,2
7.594793382431995,6.531777360140273e-10,9.661246594598226e-06,14.59519375111114,124.05914688444469,7.338500086301666e-07,-28.630373407827065,0.0,1
0.5245212277956441,3.665789884320851e-10,1.3128151362124254e-05,17.164520070450273,145.8984205988273,7.437296217945038e-08,-44.509049410544364,0.02,0
17.08809606856563,1.90445536938163e-09,5.762348406748922e-06,11.952867907780139,101.59937721613119,2.2187792163429846e-06,-24.130519279127615,0.0,2
10.572880879428453,3.669454996556675e-10,5.1808294335965526e-06,16.152104705428098,137.29288999613885,6.90959677955924e-07,-27.16665910912125,0.0,1
18.358721748706923,1.1210646683738241e-08,1.2265435746491614e-05,8.370403414623619,71.14842902430075,4.306026165065849e-06,-26.21690803676772,0.0,1
3.5329755837761705,4.2195705134965244e-10,1.1139996950929808e-05,15.863480233986165,134.8395819888824,2.8539755581487187e-07,-33.86754953043808,0.0025,1
16.13896169343112,1.7445792901784596e-09,6.34006042439379e-06,12.518193403231002,106.40464392746354,3.480049928797265e-07,-40.4911723805326,0.0,0
3.712996878713471,3.2106686773508717e-10,9.919713533997386e-06,16.47034314249735,139.99791671122748,6.181748950980568e-08,-46.33642345100122,0.0,0
15.575456770354199,1.1146673329864487e-09,5.2758031214911895e-06,13.653679855507907,116.05627877181722,9.263783177422761e-07,-29.73595109016365,0.0,1
13.735957777006881,1.0258004006054843e-08,1.9327581739296884e-05,9.005380840830245,76.54573714705708,7.175056274342086e-06,-21.25196122272498,0.0,2
19.82047677008952,4.1929579282944044e-08,1.9698133648151153e-05,5.761301023938032,48.97105870347327,1.4085584052860252e-05,-21.543476693858477,0.0,2
24.237608486496192,6.850507931195854e-08,1.4897079217606274e-05,4.802390460893306,40.8203189175931,2.4571541496923475e-05,-18.70529361264002,0.0,2
20.849255603864513,5.718313080108593e-09,6.7194309326419616e-06,9.79232916580898,83.23479790937631,4.944712749900429e-07,-42.38291873077654,0.0,0
24.221217429527048,1.8618258159544467e-08,8.293562689001859e-06,7.450011717780931,63.32509960113791,5.800522435925345e-07,-46.3262595025106,0.0,0
7.326570327039057,2.197623934635585e-09,1.7472338896690033e-05,12.312309209749476,104.65462828287055,3.3223890252779505e-06,-20.524543660734956,0.0,2
0.24589330032791507,2.3047901936963879e-10,1.0557427593477787e-05,18.243456254753042,155.06937816540085,3.8248915095231837e-07,-27.894063356135547,0.037500000000000006,1
24.102418522544717,1.8138078351594223e-08,7.757478492302975e-06,7.329586748314997,62.30148736067747,1.2559671190835429e-05,-18.652431962544537,0.0,2
8.787228395700229,1.6000115572486511e-09,1.2979934854445111e-05,13.201750203846428,112.21487673269462,2.339036686229852e-06,-22.868830591437725,0.0,2
22.547328041967873,2.5716135503334872e-09,3.5769100540825652e-06,11.64921926986817,99.01836379387943,1.1125156017706004e-06,-31.99691491302314,0.0,1
12.007013623585884,6.354805207769263e-09,1.812839094808033e-05,9.857283557654696,83.78691024006491,6.739552869679915e-06,-19.414302738620396,0.0,2
13.361589184658067,8.4788749454926e-10,5.6453174465780245e-06,14.049021871439852,119.41668590723873,2.8388942204490294e-06,-17.931558187499256,0.0,2
-0.1692291650483339,3.6749067195502166e-10,1.324277545304616e-05,16.751395426950115,142.38686112907598,4.53167049904466e-07,-27.501733615266772,0.027499999999999997,1
21.632647306923076,3.6893621175650646e-08,1.4662653998597478e-05,5.728737100758121,48.69426535644403,1.787761344690067e-05,-18.63101072971474,0.0,2
5.412026956784775,6.907904468535177e-10,1.249651545350554e-05,14.93361572112341,126.93573362954896,9.47717040753746e-07,-26.7008594992835,0.0,1
11.62935425294765,6.522028643704959e-09,1.978821226014093e-05,9.99509311253069,84.95829145651085,4.250985759427568e-06,-24.13071433974471,0.0,2
19.408096475242637,1.5309168254013174e-09,3.9357602594457185e-06,13.100577237976504,111.35490652280028,1.3258524355439093e-06,-28.442902670455766,0.0,1
2.945454256239846,9.967762593453809e-10,1.741316456628326e-05,14.278688472623541,121.36885201730009,1.7952660485218946e-06,-21.15299635675385,0.0,2
0.68417090901674,2.1264088616806863e-10,9.781265087421674e-06,18.13759145684117,154.16952738314995,5.774036864047181e-07,-23.82829377742415,0.027499999999999997,2
-7.256864538496773,3.329744514340938e-10,1.6928148267592388e-05,19.829623274823263,168.55179783599772,2.4146022327482017e-07,-28.404223576209127,0.2875,1
37.61155116590716,6.487038864655979e-08,3.1763828019544464e-06,4.786822631353392,40.687992366503835,2.46328090209935e-06,-39.39710839538768,0.0,0
4.652540890397081,6.878383571290173e-10,1.299592673550361e-05,14.92904410613955,126.89687490218617,8.306398024624526e-07,-27.36976686485948,0.0,1
19.983206383936906,1.3448289796627847e-09,3.496572105174479e-06,12.667314078251767,107.67216966514002,4.116935015449586e-07,-37.499325221478884,0.0,1
22.29477358761265,5.5771619588241895e-08,1.794978127736336e-05,5.0071058523800565,42.56039974523048,1.480586248206181e-06,-43.095829745218936,0.0,0
11.100402057079656,3.5422817385060256e-09,1.5721900925330656e-05,10.8364703831327,92.10999825662795,1.933561823633629e-06,-28.088804407639213,0.0,1
18.652132468099317,2.7210273773229975e-08,1.834960162464229e-05,6.48220819506893,55.09876965808591,9.913671629099614e-06,-22.634101744021002,0.0,2
4.341888843487376,9.069198044386115e-10,1.5072643581736448e-05,14.575474951465868,123.89153708745988,3.0866637506841125e-07,-36.96508946491694,0.0,1
17.148204385097834,1.8908919622479617e-09,5.559643355555998e-06,12.48630539466624,106.13359585466306,3.3005447506031246e-06,-20.79957137077322,0.0,2
22.334111102254216,2.2950762982438878e-08,1.12069264385778e-05,7.211614501227395,61.298723260432865,4.15979247202614e-06,-30.15932046230761,0.0,1
24.89896222843681,3.80990872390273e-09,3.3253992228200874e-06,10.550298253221511,89.67753515238284,6.530593068803246e-07,-37.99420820613305,0.0,0
31.437079607289697,2.0450501137526918e-08,3.676478678049953e-06,7.1739647292499065,60.9787001986242,1.1395538842637132e-06,-40.66487331117884,0.0,0
-7.996476812129143,4.395549094019332e-10,1.893881799635103e-05,19.62487022628162,166.81139692339377,5.33097689129554e-07,-21.650765047970456,0.2025,2
7.967723346372972,9.050572410560567e-10,1.042067930120358e-05,14.223478840426196,120.89957014362267,2.7944660321084457e-06,-18.17033312145873,0.0,2
32.04217801989328,8.194233158709164e-08,6.6509964469260615e-06,4.196351856188151,35.66899077759929,2.5122577298557436e-05,-19.454358716568827,0.0,2
19.6427166099173,3.6459005977306393e-09,5.772490931804666e-06,11.038651685887928,93.82853933004738,5.512513192960384e-06,-19.219715925857653,0.0,2
16.892369909080784,5.078473300340271e-10,2.8871620382054667e-06,15.324458878727924,130.25790046918735,1.2033507594983738e-06,-23.864927734918734,0.0,2
14.222411364679461,1.4793461532396532e-09,6.894407649558738e-06,12.996465916250145,110.46996028812623,2.3279458050799407e-06,-22.599844873709568,0.0,2
21.46046391925487,4.775050341183402e-08,1.8243861954132037e-05,5.1030663453096015,43.37606393513161,2.274324227207734e-06,-38.29953630970983,0.0,0
13.888664477013117,2.044282248625556e-09,8.236865102317248e-06,12.083539262038961,102.71008372733118,4.327805420376113e-06,-18.207654799648655,0.0,2
8.176032019948396,3.874831993940346e-10,7.0898364088230435e-06,15.479092581765238,131.57228694500452,1.3854737852119096e-07,-40.84803930045317,0.0,0
26.422632150727942,3.87099155199598e-09,2.66733039502813e-06,10.822351295300287,91.98998601005243,3.33367558652861e-06,-23.812382151917927,0.0,2
43.04754122093895,8.410146918660645e-08,1.6637715623093549e-06,4.2169760010816635,35.84429600919414,1.8336247800294802e-05,-22.348079000957707,0.0,2
8.633139183804706,7.706799708039889e-10,9.176355051665138e-06,14.482072864730643,123.09761935021048,1.6466803686471012e-06,-22.407419164736474,0.0,2
4.998178033947816,1.0361220003475965e-09,1.534312588740741e-05,14.038774067002226,119.32957956951891,1.6144107359652851e-06,-23.292053438010583,0.0025,2
29.90417806098481,3.203878956048724e-08,5.597272351156225e-06,5.667261143797337,48.171719722277366,1.8482284175289045e-06,-38.01505290146573,0.0,0
31.376085345845812,4.1457336789144313e-08,5.137828521304157e-06,5.977679992383624,50.81027993526081,1.3032298808235532e-05,-22.27583879380811,0.0,2
1.3506100073603422,1.0324585701626649e-10,6.186249447079596e-06,19.52175033980648,165.9348778883551,3.1546663687272915e-07,-25.72815625878475,0.0025,1
14.913790646564468,2.606709169568584e-09,8.761744672935857e-06,11.583945308970485,98.46353512624911,1.5176469031317544e-06,-29.00980621216754,0.0,1
-0.27085991874950893,2.2348736706739225e-10,1.0472878903816726e-05,18.366041210529342,156.11135028949943,2.602711220519288e-07,-30.520989991064944,0.0325,1
6.570988985554002,9.018500049340382e-10,1.208642755286166e-05,14.414562725731258,122.52378316871571,2.472504424579857e-06,-19.412190881617352,0.0,2
2.551024020253238,1.0621295791829252e-10,6.046064147347803e-06,19.164944580250708,162.90202893213103,7.2580300973695806e-09,-59.92868602694651,0.0025,0
10.980575594573022,1.4717771944735668e-09,1.0129355237007669e-05,12.65009637461369,107.52581918421639,7.621137004711096e-07,-31.85768426798171,0.0,1
14.284686226601647,3.588023586209868e-10,3.3137140458593303e-06,15.82573506816558,134.51874807940743,9.189363216429904e-07,-24.19537177032384,0.0,2
9.851282650021687,5.454764793219778e-10,6.92865364483267e-06,15.285070502269011,129.92309926928658,6.599663507180036e-07,-29.159394531943388,0.0,1
-1.8640218032440492,1.676294548142955e-10,9.856233287451543e-06,19.634631400540126,166.89436690459107,1.397591413994451e-07,-34.46977605956947,0.0425,1
29.82226037224195,1.0224544531631636e-08,3.023362859894729e-06,8.509505618444976,72.3307977567823,3.205753909014005e-06,-28.62384475030561,0.0,1
16.661709876875108,9.632194575684079e-10,4.078166683123724e-06,14.01772243139987,119.15064066689888,2.7643922203041898e-06,-19.164149068282484,0.0,2
19.813819469369406,2.3753033128628443e-08,1.5587991824069893e-05,6.651120298499315,56.53452253724418,8.465037662241428e-07,-43.9067195638248,0.0,0
-5.917856286049702,3.9954968193359016e-10,1.7644158101689874e-05,19.02380566368493,161.7023481413219,5.316699443066941e-07,-23.454284266363352,0.1375,2
18.862207501736705,1.7052567651462875e-10,1.0945614540342708e-06,17.599633949798044,149.59688857328337,1.0461685433677678e-08,-61.04945551022389,0.0,0
11.773371200907832,2.8122212161389133e-09,1.3083722319004373e-05,11.787613146273976,100.19471174332881,6.718002312420642e-07,-36.67140127984291,0.0,1
15.053181956827954,1.0487796064752197e-08,1.7755723952251034e-05,8.674961772606004,73.73717506715103,9.356432928586712e-07,-39.80456822777388,0.0,0
35.08714218848025,1.9827197020839822e-08,2.094535706221687e-06,6.863581134960157,58.34043964716134,1.2302330891529485e-05,-19.104526384447905,0.0,2
7.6730735622552535,2.8302246516037775e-10,6.165236733993223e-06,16.86954425152376,143.39112613795197,6.363434018473646e-07,-26.398041298967996,0.0,1
11.860060913073793,1.387962022712222e-09,8.908840618458341e-06,13.285508973695205,112.92682627640923,1.2268711015367145e-06,-28.37491910462316,0.0,1
13.392791033845539,7.833040458259101e-10,5.719636196509861e-06,14.202388607778245,120.72030316611509,1.5337737397674827e-07,-43.847672780615696,0.0,0
23.313742943444172,5.500121697368368e-08,1.5801282090453698e-05,4.613588199838839,39.21549969863013,3.2582687893341612e-06,-35.514321013965755,0.0,1
22.46956961409748,1.473373231334026e-08,8.71798775556917e-06,8.073608344737227,68.62567093026642,7.2143993578952046e-06,-23.24082800664083,0.0,2
-2.8959168702965816,3.4810684490794034e-10,1.4827296775246602e-05,18.2223339292998,154.8898383990483,9.369888726977334e-07,-19.751914169322585,0.06,2
8.44185506202056,2.660257721390335e-09,1.7633334417170607e-05,12.199511789338509,103.69585020937733,1.7160657139642939e-06,-27.72471381172042,0.0,1
13.335193404311454,2.1268289286448058e-09,9.51005608225827e-06,11.977674905298587,101.81023669503799,1.3704961606860987e-06,-28.889074703990104,0.0,1
5.077084167403559,1.3499978230993906e-10,5.3622863705650275e-06,18.359785290265712,156.05817496725854,4.828598969109154e-07,-24.927846040388047,0.0,2
7.916229782138986,1.6802227486653468e-09,1.4706896068136484e-05,12.762864695139578,108.48434990868641,1.7598875946074564e-06,-25.04319783713108,0.0,2
28.883941485438033,6.210625725868744e-09,2.48801207667486e-06,9.5881123257348,81.4989547687458,6.47232246244431e-06,-19.9384445587378,0.0,2
8.278075483649395,1.372976969887829e-09,1.2497242720857723e-05,13.329941376226177,113.3045016979225,3.323881731532855e-06,-18.579125214428366,0.0,2
7.309690471234374,1.131144351226824e-09,1.3025136912742269e-05,13.545059254788152,115.13300366569929,2.1829000434582504e-07,-41.533735460229025,0.0,0
30.78960014622748,1.2797968412852854e-08,3.091882805577637e-06,8.341194006402956,70.90014905442511,7.628007404857331e-07,-42.38221362436575,0.0,0
17.446156024653597,1.3449235643713983e-08,1.5397379443155327e-05,7.844294260344258,66.6765012129262,3.914072681266475e-07,-48.097246857331484,0.0,0
16.434734264401854,5.439575464585193e-09,1.0951290243725073e-05,9.99132834045844,84.92629089389675,2.692354105917514e-07,-47.53135051806027,0.0,0
3.8294978833018947,8.950024986753195e-11,4.980141700470007e-06,19.688968879076512,167.35623547215033,1.5997546013175587e-07,-33.008318377059496,0.0,1
14.005229458882466,1.7657949131267235e-10,2.437136918544684e-06,17.452670500611813,148.3476992552004,3.2021044885846134e-08,-51.063306244003115,0.0,0
24.280755968193123,2.5802322204196246e-08,9.156834678131016e-06,6.576912948031865,55.90376005827085,1.2901571128323612e-05,-20.184154221783153,0.0,2
19.709509795029696,2.9264129430468346e-08,1.7595673298658997e-05,5.901447264576294,50.1623017488985,1.3819335440525004e-07,-60.426217815489,0.0,0
0.6446447821159031,5.848215221622486e-10,1.6108951705109498e-05,16.17866965111463,137.51869203447436,4.0460740679023593e-07,-31.103069440166962,0.005,1
17.789152662061326,3.067732641190496e-10,1.960366263429831e-06,16.459209511474736,139.90328084753523,3.902495770899743e-07,-31.62710893617511,0.0,1
34.376372015239724,7.91746746858281e-09,1.3500045387207373e-06,9.485283986496606,80.62491388522115,1.3172791511075039e-06,-35.54256485500389,0.0,1
8.378652737977012,1.3773588198004609e-09,1.304432612059988e-05,13.223749449876237,112.40187032394802,7.261430063688035e-07,-32.461527679739405,0.0,1
25.419356580231725,4.845072793350318e-09,3.583568031889492e-06,9.990539972501246,84.9195897662606,1.8902382222229543e-07,-50.191335787525034,0.0,0
16.117260692319707,9.341420738317601e-09,1.4202328999771034e-05,8.52328149053516,72.44789266954886,6.631611565425253e-06,-21.184605856639557,0.0,2
31.705976898544765,1.6925297786034114e-08,2.976060284032468e-06,7.799681476276205,66.29729254834774,1.2096487953293154e-05,-19.123105014337977,0.0,2
15.103022473376678,4.196119914586546e-09,1.117796202005122e-05,9.788561093483937,83.20276929461346,5.880479861269022e-08,-58.92778779407352,0.0,0
5.059250536616734,1.2933277247690194e-10,5.167056933502587e-06,18.664301440559637,158.64656224475692,9.015384719626008e-07,-19.038425139337146,0.0,2
4.650983275023947,6.00828017287168e-10,1.2375498016498276e-05,15.436562592845513,131.21078203918688,7.949144309344431e-07,-27.366200138615998,0.005,1
-3.932764788547441,5.64267290652298e-10,1.9275535853999323e-05,17.561461624196518,149.2724238056704,9.58110514950794e-08,-40.890185546381154,0.1175,0
14.631487899571127,1.0906077227123854e-08,1.8990690736663792e-05,8.633775846194183,73.38709469265056,2.965440137591399e-07,-49.7492400517484,0.0,0
-4.33208392154898,3.080420901291831e-10,1.4558788500784141e-05,19.019418895579186,161.66506061242308,8.238378678580244e-07,-19.440594627439797,0.1225,2
20.531350047768612,3.9691986138007486e-08,1.8413733683783193e-05,5.930771598579867,50.41155858792887,2.8129310255629965e-06,-36.08747031583144,0.0,1
15.937742319668722,1.2871434111683029e-08,1.6958344604124295e-05,8.26760755326362,70.27466420274077,8.970065290355906e-06,-20.073349496795743,0.0,2
25.4297833791315,4.8407146904152616e-09,3.5766452573514356e-06,10.124761341905026,86.06047140619272,1.684394974453875e-07,-51.12118537358518,0.0,0
22.89632492657379,7.304941435962758e-10,1.6512010910376148e-06,14.275368996952967,121.34063647410022,8.279444833260655e-08,-49.042121483542175,0.0,0
-2.935113008781172,5.618257795957874e-10,1.909727265087561e-05,17.31386592775377,147.16786038590703,1.0445313469187175e-06,-21.426286587151544,0.0625,2
26.346434012991477,1.4256762885669973e-08,5.302206262128763e-06,8.208132457115202,69.76912588547921,9.460012765802385e-06,-20.432765657310348,0.0,2
19.07402485880298,5.63219754328381e-09,8.202042846768909e-06,10.032666651094843,85.27766653430616,2.4078472656328825e-07,-48.75050724538677,0.0,0
25.741279215399455,4.093698916782882e-08,1.0120588961244203e-05,5.594055891538087,47.54947507807374,7.463938302762434e-06,-27.25078596892242,0.0,1
4.7120928566919185,6.943641186681315e-10,1.2853760267731908e-05,14.806610815499646,125.85619193174699,2.2677211326985357e-06,-18.505171275538604,0.005,2
0.6462566776139672,4.3297146201523257e-10,1.3708402312162757e-05,16.95744739706316,144.13830287503686,1.3569104697126868e-06,-19.75670314317614,0.0075,2
19.639677276377334,3.4723794306611965e-08,1.8278061647751625e-05,5.771633363833875,49.05888359258793,1.3952453462211658e-05,-20.528083139849443,0.0,2
7.34540900838334,1.970188565330808e-09,1.735622260472942e-05,12.50556355309283,106.29729020128906,6.942859574571159e-07,-34.10164485028267,0.0,1
6.543113897433434,1.6616807589126525e-09,1.709446081236336e-05,12.456390015072216,105.87931512811383,2.588036531075181e-07,-41.07210212839857,0.0,0
38.94874941707875,4.193094618040585e-08,2.064821229346559e-06,5.499274356461149,46.743832029919766,1.921797108905482e-06,-39.29634714959615,0.0,0
20.011165341038573,2.8145251887572807e-08,1.643770380185918e-05,6.489952865526715,55.16459935697708,2.669892641532911e-06,-34.862088789675866,0.0,1
19.981396015986114,3.264290749245346e-08,1.7795004407813027e-05,5.950454819446344,50.57886596529393,1.8439817615657302e-06,-38.22279686448182,0.0,0
2.92648446383343,2.1189551009680652e-10,8.249138151057754e-06,18.081933572079297,153.69643536267404,9.719506621669088e-07,-20.547834695483296,0.0125,2
3.0900676220662104,4.185698741260557e-10,1.132922222846e-05,16.30231878468017,138.56970966978145,1.2424955304587522e-06,-20.972166695554083,0.0,2
6.5025808210322005,7.766077330205995e-11,3.5258141496645776e-06,19.602958787080226,166.6251496901819,4.0391443410215044e-07,-24.67845126186349,0.0,2
13.316757910196227,4.668781879895835e-09,1.4203636771324926e-05,10.547828650796857,89.65654353177328,8.531397846726171e-07,-36.87958873803233,0.0,1
10.49459389879349,1.708924923308518e-10,3.3476898723044463e-06,17.941032787199372,152.49877869119467,1.2160440441457468e-06,-18.487271202140136,0.0,2
14.918892805854716,1.3769945078786631e-09,6.459380231561743e-06,12.604478134870803,107.13806414640183,2.1068989391119357e-07,-43.23798295172448,0.0,0
40.50224534767718,3.87028428931137e-08,1.5611659070272119e-06,5.38161783739747,45.743751617878495,4.3250844324042825e-07,-51.86631847603142,0.0,0
11.613356977501176,2.638496664855848e-09,1.2285862452110044e-05,11.735906769966746,99.75520754471735,4.149711681073014e-06,-19.721310683178007,0.0,2
17.486821097602636,6.2368942637231e-09,9.706880446201163e-06,9.942884829932254,84.51452105442416,7.618942101534652e-06,-18.316892390490644,0.0,2
-1.1062938760190146,1.4788446884261648e-10,8.975613497679566e-06,19.490567273166146,165.66982182191225,2.8768424041868894e-07,-27.799747513183412,0.02,1
0.3737894797107099,6.889028196599457e-10,1.7871507604363828e-05,15.645194473634442,132.98415302589277,5.54388614452132e-07,-29.27471569842876,0.0125,1
24.217068197984798,6.827901972411623e-08,1.6017240318729336e-05,4.2433475603348345,36.068454262846096,1.1727380674819464e-06,-45.7102822039872,0.0,0
19.148651025091297,1.1880499002665215e-09,3.4271128544860733e-06,13.436808702242473,114.21287396906104,2.706554907999194e-06,-20.32446083953431,0.0,2
18.81800025237936,4.064656860341442e-10,1.897443603852748e-06,15.898452118015994,135.13684300313594,1.5929781814837386e-06,-20.29312013645395,0.0,2
15.635288061389955,1.6707520738376885e-09,6.299975878176343e-06,12.952073707750628,110.09262651588034,2.3308814643009047e-06,-23.04656651271317,0.0,2
3.5972389035157795,7.02865249777033e-10,1.4864548294686809e-05,14.921038279838752,126.82882537862939,1.7688800335475304e-07,-40.8121622138235,0.0,0
12.035542826119825,6.152544809386168e-10,5.835051793237864e-06,14.572712112559959,123.86805295675966,7.06031874740164e-07,-29.18012249326989,0.0,1
7.539307001158968,6.838067048390087e-10,9.568331204293785e-06,15.06036368687839,128.0130913384663,1.8467407687622298e-06,-20.780211178485114,0.0,2
22.38169157578406,6.984096491668469e-08,1.860044404767952e-05,4.421442943438986,37.582265019231386,2.542062398888307e-05,-18.40378611453952,0.0,2
11.479038785698307,5.580995231780112e-09,1.8575683448581404e-05,10.344122870030715,87.92504439526107,3.4307428403833112e-06,-25.208176532444124,0.0,2
-5.1437327136462905,5.345051350582335e-10,1.9454983094819304e-05,18.082034429164484,153.6972926478981,1.0951994208797802e-06,-18.57307854512319,0.19,2
-3.309488134442527,5.35120023688053e-10,1.908827614344468e-05,17.292105887092145,146.98290004028325,1.2470759239637533e-06,-19.014920405985002,0.0575,2
18.52059784954509,2.664296768625262e-09,5.866652126109917e-06,11.847865049971716,100.70685292475959,1.5071250154350852e-06,-29.740401980779684,0.0,1
4.9482488164194365,1.7652436965684064e-09,1.970954005953178e-05,13.194907359733827,112.15671255773754,2.6945791765516085e-06,-20.89822153774925,0.0,2
15.6803580219043,7.662291636447159e-09,1.3857406886016667e-05,9.226572543090914,78.42586661627277,3.3096722342322278e-06,-26.775923140383643,0.0,1
32.33531102550009,4.7961901552837395e-08,4.931684933508275e-06,5.3949126643779195,45.85675764721232,1.4246906269380101e-05,-22.300879106426102,0.0,2
13.533335727504278,7.270204600554885e-09,1.7437031669785232e-05,9.306326488416502,79.10377515154028,2.500829548295443e-07,-49.13760785873752,0.0,0
-0.011811366570076264,7.982459016989349e-10,1.958956342558542e-05,15.70138627199001,133.4617833119151,8.857211228774057e-07,-26.042356078147687,0.0475,2
17.451438326651314,1.2110506733956158e-08,1.445490877470371e-05,8.201610370163072,69.71368814638612,1.5237440748298603e-06,-35.66289382484005,0.0,1
-4.153608901141338,4.3096674801089384e-10,1.7506019957573684e-05,18.044062333939106,153.3745298384824,1.94958767971556e-08,-53.88308221588903,0.11500000000000002,0
0.2405161208389629,6.702290633333311e-10,1.805435608505922e-05,15.71347650625022,133.56455030312688,2.21539256619773e-07,-37.34122349767148,0.0225,1
-3.7116088458489207,2.1614600785852006e-10,1.2106547035722685e-05,19.590853104815356,166.52225139093053,4.323922075518934e-07,-24.18618029857763,0.1575,2
3.701338588543103,7.965257225308484e-10,1.5355284066295542e-05,14.979375522408667,127.32469194047366,3.7050685381333254e-08,-55.15217924355678,0.005,0
13.211021390173075,4.538843354320521e-09,1.4272578769011886e-05,10.835533837449846,92.10203761832369,2.844262960086956e-07,-46.82296763234837,0.0,0
-6.9684898843759555,3.7202325944579387e-10,1.79778621680696e-05,19.468007139021154,165.47806068167984,1.068762099826313e-07,-36.48557903531651,0.1875,1
18.48537994413481,2.274132771201371e-08,1.7444439386082065e-05,6.995584594832576,59.4624690560769,4.0642348947976735e-06,-30.047505380651373,0.0,1
11.159097486918006,3.955021413120051e-09,1.680849561016923e-05,10.3747538249895,88.18540751241076,1.4845557710009035e-07,-50.82868035566392,0.0,0
27.060015364783432,3.305132942534107e-08,7.997252389937476e-06,6.108707868686423,51.924016883834604,2.8374289541174197e-07,-55.20139681324436,0.0,0
14.287860696369298,1.5541078635108654e-09,7.353504090523116e-06,12.5575418539277,106.73910575838545,3.0919054756721583e-07,-40.77286125486055,0.0,0
22.307596099967228,5.018748959407162e-08,1.6972467928846928e-05,4.807289463617578,40.861960440749414,2.230133715454041e-06,-38.752234255346764,0.0,0
15.822895661766212,9.509111673353505e-09,1.5111304471354468e-05,8.86606074697136,75.36151634925656,4.0282853202006834e-06,-26.139438042555078,0.0,1
21.4154576237916,4.005145342804515e-08,1.590365244918478e-05,6.122994010356641,52.04544908803145,1.4657145472267149e-05,-21.17010617043132,0.0,2
35.630651494050774,2.7815700930480095e-08,2.419820339236485e-06,6.318258082861544,53.70519370432312,1.1861109719791343e-05,-20.8972198401201,0.0,2
30.834621137607346,8.092530558865565e-09,2.2554645846561982e-06,9.240646656565506,78.5454965808068,5.029787815026138e-06,-23.37894376220149,0.0,2
25.66171953710903,3.755798633455298e-08,1.0024068514649203e-05,5.6750471022733056,48.2379003693231,1.9107593271848778e-07,-58.86747360617082,0.0,0
11.627344649875376,1.2142738317171067e-09,8.750664259981436e-06,13.098232536773587,111.33497656257549,2.5781235176188756e-07,-40.83118434974801,0.0,0
-3.389202407737006,4.697919516794463e-10,1.775238110575969e-05,17.97452991717235,152.783504295965,1.5464187204686463e-08,-56.95151516875792,0.0825,0
-6.913067591599314,4.68564766528738e-10,1.9871532077177907e-05,18.584974578051312,157.97228391343617,2.7852434535261854e-08,-48.516400527281505,0.2775,0
6.702414320458852,5.96818137314472e-10,1.0142461128737478e-05,15.22832106260951,129.44072903218085,3.126666986370071e-07,-35.96219221225846,0.0,1
3.760050396396583,1.2848068730491116e-09,1.9079459676149814e-05,13.668846394096699,116.18519434982193,1.064752151618095e-06,-27.520988465837306,0.015,1
11.822490534423943,1.5219880033619513e-09,9.610744721816364e-06,12.817818054327923,108.95145346178734,2.3915761690397983e-07,-43.04314090102981,0.0,0
-2.88834618456752,1.6249804011284368e-10,1.0435550112854667e-05,19.77702155799895,168.10468324299106,5.620794729406803e-08,-41.452672955123106,0.13,0
17.317083610775427,3.7211326060400045e-09,7.639630422208408e-06,10.924824532348323,92.86100852496074,5.3454035428940145e-06,-19.205254935272237,0.0,2
29.02593387456594,1.975231072055344e-08,4.662846025815518e-06,7.240727962260895,61.5461876792176,7.610872579824788e-06,-23.896819293429314,0.0,2
20.65035477611766,3.465099536663054e-08,1.7051193808006488e-05,5.663607982717881,48.140667853101995,1.4894881005629105e-06,-40.61941223823584,0.0,0
18.251803268726036,1.0527601194123365e-08,1.239244154109959e-05,8.508452420213304,72.32184557181309,3.702230895604511e-07,-47.69661364810047,0.0,0
37.00385988325796,2.8441672871755922e-08,2.1439461240980897e-06,6.253335606124683,53.1533526520598,1.459531579584174e-06,-40.15183942321363,0.0,0
0.8923745601066,7.698886089466275e-10,1.8565397197969606e-05,15.562292760546397,132.27948846464437,1.3457686446064546e-07,-42.39050003499574,0.019999999999999997,0
15.686156641958082,2.1631069975278246e-09,7.083489623033928e-06,12.10644742750396,102.90480313378367,3.0740795153546826e-06,-21.615619022168445,0.0,2
17.007596016553347,2.609341573461839e-09,6.4941287651160285e-06,11.330405177833445,96.30844401158429,5.1004234663603216e-06,-17.366107933499563,0.0,2
2.041422404941382,1.1057350253615705e-10,6.40247050540508e-06,19.358325227591646,164.545764434529,2.8483981802815863e-07,-27.999494514846496,0.015000000000000001,1
20.151355464153617,2.662267833819138e-09,4.931759023871816e-06,11.22060021687915,95.37510184347278,2.9447310739174777e-07,-43.11220576256265,0.0,0
1.6772250198810068,3.569875794782929e-10,1.2136326926618285e-05,16.422068300894228,139.58758055760094,8.55258145933574e-08,-43.12550916535195,0.005,0
19.843672354222186,2.1631032909932437e-08,1.4080142078904908e-05,7.322107937805697,62.237917471348425,1.0332598483967763e-05,-21.69310111675303,0.0,2
10.939490124901228,1.6291907524905137e-09,1.089650034707236e-05,12.545378748888538,106.63571936555259,1.3612546156202506e-08,-67.76751795168028,0.0,0
2.138236022156384,1.974940714002919e-10,8.537335376929371e-06,17.704314860987537,150.48667631839407,6.936863813248867e-08,-42.425985864766304,0.0125,0
33.53834941479163,1.592281719699052e-08,2.320584897725695e-06,7.655962323885454,65.07567975302636,8.506043423834186e-06,-21.47271823304878,0.0,2
23.9241869225335,6.563814592566391e-08,1.5441866500414027e-05,4.309163355504011,36.62788852178409,1.839892496228992e-05,-20.887268817789774,0.0,2
28.963302831356028,2.648031915065169e-08,5.5031335158789835e-06,6.5795548659814855,55.92621636084263,6.997875276245706e-06,-25.87649698164601,0.0,1
-0.33460513369853956,7.085600478001448e-10,1.905122036842608e-05,15.983479277445731,135.8595738582887,6.222011995842076e-07,-28.150440051323685,0.035,1
0.43961683208725755,6.727702624020354e-10,1.750316667176891e-05,15.96332823484556,135.68828999618725,1.3596519318825424e-07,-41.62319021308114,0.015,0
29.15506358203642,4.6304030689600444e-08,7.375684510558693e-06,5.326270433861033,45.27329868781879,2.1833325185057874e-06,-38.95657029968661,0.0,0
20.139175067666617,2.154838973719293e-09,4.314863568157483e-06,12.004984425628118,102.042367617839,1.5902904205053812e-06,-27.8362455474735,0.0,1
23.47624269367469,1.82538865562373e-09,2.647375809971279e-06,12.150302184165497,103.27756856540674,5.549267391208045e-07,-36.50928409217038,0.0,1
19.13194641681585,2.9084495875014505e-08,1.8766859103516553e-05,6.395767500978429,54.36402375831664,3.262644715633635e-07,-53.23100434713438,0.0,0
20.920180454651216,1.0424961885223795e-08,8.75198758619183e-06,8.87005137180604,75.39543666035134,5.370759309090362e-06,-24.41532366037515,0.0,2
27.4131283309448,1.1362127857932055e-09,1.0211185063499759e-06,13.237280979214615,112.51688832332422,1.5140319845600244e-07,-45.669761294850026,0.0,0
38.00690737531775,6.044036629492574e-08,2.857653873607061e-06,4.847571863233597,41.20436083748558,7.063794535829315e-06,-29.606272520867776,0.0,1
27.975192389705622,2.2301871582017172e-08,5.622607508017181e-06,7.025419152065081,59.71606279255318,9.695575516067172e-06,-22.212584291969264,0.0,2
6.690701902754942,1.5308608526400845e-09,1.5737149309129414e-05,13.214488897436594,112.32315562821105,2.0661428356695275e-06,-22.850605892092876,0.0,2
1.3091999262528184,6.797887924749499e-10,1.6704273570865e-05,15.423145025821174,131.09673271947997,1.5102462995816697e-06,-20.63165210961069,0.0,2
12.639719418713533,3.230738114940293e-09,1.2857767731117692e-05,11.07023932486134,94.0970342613214,9.203434818295527e-08,-54.68437730477891,0.0,0
3.863849248870509,2.7243099707196077e-10,8.66903306412877e-06,17.281044325893863,146.88887677009782,5.137331011338478e-07,-27.353216057798512,0.0025,1
18.771300490860636,2.4781527102275557e-08,1.7164298753808768e-05,6.324650279472862,53.759527375519326,1.037692220466218e-05,-21.597126928385606,0.0,2
28.78297254735363,5.8186716176596105e-08,8.707389422768219e-06,4.960555200879039,42.16471920747183,6.352574442276951e-07,-50.81953350152951,0.0,0
-4.212617328396969,4.0408939585001063e-10,1.686348828657584e-05,18.23541820544384,155.00105474627264,4.3936047656638374e-07,-26.25368205897518,0.1,2
7.561404627616586,7.302242823423574e-10,9.935605572602667e-06,14.491530390039372,123.17800831533467,1.5613715863725129e-06,-22.246152986726678,0.0,2
14.769462671974685,7.901695806087403e-09,1.5815519229868018e-05,9.356710208265653,79.53203677025806,9.150900524520477e-07,-38.490522079849704,0.0,0
11.320046264150335,2.071008478978779e-10,3.5869525993864853e-06,16.896247603237494,143.6181046275187,2.668637659840548e-07,-32.79576861213363,0.0,1
20.18196783296624,2.950326245884947e-08,1.5652366015158417e-05,6.69531103201966,56.91014377216712,1.4405025696589772e-05,-19.89742850772844,0.0,2
10.96779387344132,5.46617347827296e-10,6.2226421019452274e-06,15.101003894667542,128.3585331046741,2.8420913817917624e-07,-36.73733316056611,0.0,1
9.227714033999938,3.1394613151492205e-09,1.7913311790453207e-05,11.46900690341024,97.48655867898702,1.3122267574983473e-06,-31.003880977875635,0.0,1
4.028042779627012,4.66277952228419e-10,1.1380813554025774e-05,15.673607321128145,133.22566222958923,6.77763978731854e-08,-47.13471094543719,0.0,0
7.502348828490215,9.266562004712571e-10,1.1493510412066873e-05,14.16577343754845,120.40907421916182,1.1905607712350739e-06,-26.001488667090822,0.0,2
27.65560700155778,5.290920688380593e-08,9.421692041528802e-06,5.068550756007802,43.08268142606632,1.670465194625945e-06,-41.890069540009534,0.0,0
27.13440611204202,7.266475453862933e-09,3.5162124927576145e-06,9.209361370275742,78.27957164734381,3.4229174785088647e-06,-26.430466129776743,0.0,1
21.211469044806325,3.828290536445505e-09,5.251440300919914e-06,10.968394852750041,93.23135624837535,5.23153007870565e-07,-40.41778096041756,0.0,0
18.164818107413215,2.3984645625133842e-08,1.894121558591614e-05,6.25371479275257,53.15657573839684,9.93563307967367e-08,-62.39353017526534,0.0,0
39.03636744778591,5.6738450848656325e-08,2.452215329997529e-06,4.612674897802222,39.20773663131889,1.4814339422472815e-06,-42.776986546858296,0.0,0
5.322863657372933,1.0837797001199774e-09,1.5084461427773349e-05,14.038597798951173,119.32808129108498,9.844331602417672e-07,-27.74729395513935,0.0,1
5.075619841530826,6.768184718855735e-11,3.880607213176218e-06,19.83978858481533,168.6382029709303,6.675106137735173e-08,-39.51096480668447,0.0,0
28.534388142381296,1.979914043599902e-08,5.092260652091792e-06,7.076383992287875,60.149263934446935,2.948943765410883e-06,-31.87893463488348,0.0,1
23.95034914206025,2.306086006861278e-08,9.506293465851934e-06,7.037956411135077,59.82262949464817,1.0994415082721938e-06,-41.78108223527196,0.0,0
15.385157462060988,2.491336044851537e-09,8.29056661203011e-06,11.585064136863663,98.47304516334113,3.851621528340133e-07,-41.23324268910169,0.0,0
13.110496488998715,4.7109922321247196e-09,1.4829607010276902e-05,10.385572470591732,88.27736600002973,5.3312257060679e-07,-40.923110360411634,0.0,0
11.063122486110093,4.500510234803234e-10,5.388657177446006e-06,16.04206916387133,136.35758789290628,1.060679710601949e-06,-24.317897816169317,0.0,2
-0.6268008452691987,2.815477432290241e-10,1.179468342011434e-05,17.89477329119781,152.1055729751814,9.11140154589309e-07,-20.350809564767168,0.04000000000000001,2
4.548546882897597,3.352801993615937e-10,9.27241462588161e-06,16.29475020570447,138.505376748488,7.068086168526028e-07,-25.714863413510685,0.0,2
9.016281987696704,1.220256286559115e-10,3.5119981642878024e-06,18.36188542308354,156.0760260962101,4.642525213618266e-07,-25.947414715225776,0.0,2
5.519453583070847,1.2649570793417416e-09,1.6466762204981244e-05,13.604048425434371,115.63441161619217,9.877331577494564e-07,-28.77488650064929,0.0,1
19.469976676076598,1.8633380241764343e-09,4.361915795178444e-06,12.418975852666197,105.56129474766267,1.2841139523353242e-06,-29.096430650403164,0.0,1
20.817103375752236,1.7599989146707372e-08,1.1576307457789504e-05,7.5196209593654615,63.916778154606426,5.951816077973191e-06,-25.444629617171728,0.0,2
-1.4122383687964843,6.507208841543339e-10,1.869089589402834e-05,16.20087450307528,137.70743327613988,2.5702845233058014e-07,-34.18252067974917,0.0175,1
28.30100379502321,1.0005216584822457e-07,1.1363083516411835e-05,4.018723521641963,34.159149933956684,2.5913625063612165e-05,-19.99636984237511,0.0,2
7.09900920947527,4.1504440508471123e-10,8.172906225404321e-06,15.304762307744637,130.09047961582942,4.879401470018065e-07,-30.076123431807844,0.0,1
35.847077250520016,5.3159695456580696e-08,3.412626985437125e-06,4.927180837660723,41.88103712011614,1.4589456083403368e-05,-22.221418723547647,0.0,2
-0.07462626274190338,6.917548985947836e-10,1.8935190739163112e-05,15.619057603330232,132.76198962830696,1.4684524371599543e-06,-20.66916936536873,0.0225,2
-3.943305697547919,3.1081000641164204e-10,1.5090997625212555e-05,18.79633861221487,159.7688782038264,4.41611155226273e-07,-25.56117792849736,0.07,2
12.68689862151027,2.1774802249042782e-10,3.205892746202135e-06,16.890288722633404,143.56745414238392,5.128932397391299e-08,-47.817870918151385,0.0,0
6.512086046376665,2.1788548894246102e-10,6.1577137554032135e-06,17.010499109520875,144.58924243092744,4.558169486513094e-09,-67.75771662397305,0.0,0
27.725137079317868,4.1550774013735744e-09,2.391919085143365e-06,10.360661808685657,88.06562537382808,1.6581850294691466e-06,-30.22748753704866,0.0,1
20.66851235539742,9.831983816524334e-09,9.030117124899823e-06,8.396131332848752,71.36711632921438,4.633456901005015e-07,-44.918361973751104,0.0,0
17.792865863284216,1.2251566404435808e-08,1.4077331333736832e-05,8.013639928636971,68.11593939341425,1.0401870187618946e-06,-39.3407300516681,0.0,0
13.099809222253251,2.0317375047365938e-10,2.8782189023268243e-06,17.273354836959133,146.82351611415262,2.8495046418527195e-07,-32.68560374220618,0.0,1
-2.9584210935533175,5.960506759668993e-10,1.9720752428641014e-05,17.145778739636548,145.73911928691064,3.0057706813842775e-07,-32.29344330181108,0.0825,1
3.1324281744535725,1.0860310500177417e-09,1.8094059744600743e-05,14.346653266816276,121.94655276793836,2.449730380283493e-06,-19.35867278304086,0.0,2
10.185382978787331,6.8479751058335e-11,2.249811100100541e-06,19.696167680201576,167.4174252817134,4.8822473660725795e-08,-43.378477866886165,0.0,0
20.591582510217744,1.3321076628148288e-08,1.0665885302675243e-05,7.469154340897079,63.48781189762517,4.5005236310456233e-07,-46.10775445171738,0.0,0
-3.7048841381893216,1.7276389925205428e-10,1.125919698885152e-05,19.98227460575366,169.8493341489061,1.8501305094103163e-08,-50.93273974044443,0.145,0
16.822458292503445,1.2771981547842524e-08,1.596728475593658e-05,8.209928499706265,69.78439224750325,3.8138289691194194e-07,-48.20510901217702,0.0,0
8.230742397280284,2.2659290914939188e-10,5.330206230870587e-06,17.468721750890523,148.48413488256946,1.4727799907799792e-07,-38.94180627076612,0.0,0
14.706695144413205,1.5312384778140868e-09,6.7257280271219846e-06,12.635567668409834,107.4023251814836,2.065726397015539e-06,-23.573260956807495,0.0,2
-1.2204050832995013,5.751502566702005e-10,1.75600222196938e-05,16.8988613273517,143.64032128248945,6.373181758623564e-07,-26.700528069483344,0.0675,1
29.760656255616112,8.371263415661186e-09,2.5960416726773813e-06,8.843468603286167,75.16948312793242,8.144585219068713e-06,-19.05036234029193,0.0,2
13.93383220039719,1.3750761949849515e-10,1.8993395676827789e-06,17.93302490178349,152.43071166515966,1.0995368531975871e-06,-18.415495905012875,0.0,2
7.831808633949379,3.513768792356487e-10,6.669900532203208e-06,16.108421008380162,136.92157857123138,1.6492487110364114e-06,-18.53963326548533,0.0,2
18.150600215366957,1.0168979313519129e-08,1.201328948193619e-05,9.039735208615246,76.8377492732296,3.865622071944527e-06,-27.28605555644354,0.0,1
19.89648949165164,1.6611487758281505e-08,1.2640611240174233e-05,7.084446178507804,60.21779251731633,5.548561275805933e-06,-25.36391380331386,0.0,2
21.022195805051318,3.0704795278949214e-10,1.1611469121140307e-06,16.33698265319233,138.8643525521348,3.1870521080856136e-07,-33.63897503084446,0.0,1
25.13529451821311,1.3984269245444429e-08,6.366901909290893e-06,8.119528388518033,69.01599130240326,1.89110736975553e-06,-34.99729157432233,0.0,1
9.648665579397028,5.352310810114732e-10,7.1502790497595705e-06,14.706621231055491,125.00628046397168,1.5175114301827424e-07,-41.56349414904202,0.0,0
13.372640197913112,3.864316322626332e-09,1.2267495235736764e-05,10.86271984142578,92.33311865211914,5.039209733450936e-06,-19.86998640210964,0.0,2
7.674885107359261,2.361532842440254e-09,1.8191395442395997e-05,12.411605463438008,105.49864643922307,1.4058769287914378e-06,-29.05709565023193,0.0,1
30.32244425660093,8.765710747941257e-09,2.5126032521993092e-06,9.013098032999823,76.6113332804985,6.040168652604408e-06,-22.07863988495369,0.0,2
16.65365052349605,1.1750472720278825e-08,1.5781879448146736e-05,8.304265923516434,70.58626034988968,8.349380354623966e-07,-41.01614465425004,0.0,0
18.95371623326313,3.1267388261466857e-09,6.163410890647668e-06,11.270320939429883,95.79772798515401,2.2151989590586765e-07,-46.72126048380314,0.0,0
24.78262161251973,4.18377299597937e-08,1.166198071746462e-05,5.66599805394776,48.16098345855596,2.086866744573655e-06,-38.83434210250418,0.0,1
26.223358508715688,5.19084133690878e-09,3.2239231280805645e-06,10.011206779488951,85.09525762565609,3.929503239419072e-06,-23.579600041103667,0.0,2
27.043975621604105,6.153493420561247e-08,1.0893057722723794e-05,4.255632946944836,36.1728800490311,2.4549240446905516e-06,-38.55767340425571,0.0,0
1.041317887900589,9.456113323082698e-10,1.9897504088987755e-05,14.846366481162917,126.1941150898848,4.848620725986477e-07,-31.885163695232627,0.015,1
33.09283173758723,9.682986706275773e-09,1.7546166115480224e-06,8.938837136051475,75.98011565643755,9.167073668437274e-06,-18.784272583980254,0.0,2
43.586403113170036,7.017918891396188e-08,1.4349066344415216e-06,4.316782428141412,36.69265063920201,8.16642938029501e-07,-48.97068690731659,0.0,0
18.744021811137987,2.012512678755539e-08,1.6138200149528733e-05,7.282056562739569,61.897480783286326,8.086074461888127e-07,-43.769440025238154,0.0,0
7.742037972372703,1.187444050679614e-10,4.014522763078968e-06,18.77905973208562,159.62200772272777,3.326945527849704e-08,-48.84460144537292,0.0,0
9.148785048515515,1.1944906367956866e-09,1.0795959733047292e-05,13.480649759421745,114.58552295508483,2.17372882078327e-06,-21.835039807894642,0.0,2
-1.6027722427426971,3.0462056493890637e-10,1.3334796896003363e-05,17.6555908794072,150.0725224749612,3.3625737274489154e-07,-28.652860584760763,0.0425,1
-2.1985839538193543,5.796769275704432e-10,1.879270099687704e-05,16.80424043105626,142.83604366397822,6.637132009635176e-08,-45.54916845262048,0.0275,0
17.764808823860506,5.663175083196446e-10,2.871761187609027e-06,14.825439287627905,126.01623394483718,2.3073043643829254e-07,-39.0662095137813,0.0,0
13.243295421752697,6.271026350724127e-09,1.6756755169249003e-05,9.579713713658549,81.42756656609767,7.247087922768794e-07,-39.305106316790855,0.0,0
20.920071278179915,3.0281895288007225e-08,1.5483450280614817e-05,6.170098922577957,52.44584084191263,5.758006518075242e-07,-48.124167900300215,0.0,0
8.632246696217502,3.8187583660135625e-10,6.7235558635754775e-06,16.101315356813554,136.8611805329152,5.246424046047951e-07,-29.96049358752543,0.0,1
10.666868787256112,1.321492950140129e-09,1.0088444659106323e-05,13.058072330811932,110.99361481190141,1.4858455394442006e-08,-66.02761854315823,0.0,0
23.38238085763306,6.131859089916615e-08,1.5952633036093538e-05,5.126229838738876,43.57295362928045,1.4471388619602506e-05,-23.45663239180584,0.0,2
6.22181691161186,2.051313422986256e-10,5.9809912492210145e-06,17.177736602526945,146.01076112147902,7.821605586832152e-07,-22.172687729559154,0.0,2
6.121763044935803,1.4054846243899386e-09,1.640609351776999e-05,13.560388285250367,115.26330042462813,7.608627082231972e-07,-31.977758912382683,0.0,1
10.650175073510333,1.103226139684442e-09,8.80847525874259e-06,13.558586408171076,115.24798446945415,2.499673433417543e-06,-20.29928259102377,0.0,2
3.495870519978677,1.2398761374190617e-09,1.9561874412380798e-05,13.73849908895263,116.77724225609734,2.994280266904781e-07,-38.478483841902744,0.0,0
7.246585712798886,1.3361102869644644e-09,1.4410367881932368e-05,13.359541349421258,113.5561014700807,7.503194127114103e-07,-31.804867676091302,0.0,1
20.24330105077476,4.2363324191980233e-08,1.9910618477346757e-05,5.333011735145248,45.330599748734606,9.482035886895408e-07,-45.479653588429,0.0,0
14.98367059642863,1.2845421765231497e-08,1.904799591551028e-05,8.241546038042157,70.05314132335833,5.801788835539229e-06,-24.087603076053988,0.0,2
16.9987393407388,1.4371929412425851e-08,1.5901230308692567e-05,7.928732373145586,67.39422517173749,8.345991812822735e-06,-21.340357487845484,0.0,2
17.258052735706585,8.17089710272762e-09,1.1199271832166252e-05,9.441848046812098,80.25570839790284,9.122359749189932e-06,-17.8440789454039,0.0,2
20.156292077232614,6.038091692153582e-09,7.471670303851823e-06,9.159423942515572,77.85510351138237,4.939014062303915e-07,-41.92977972998751,0.0,0
12.102341829298888,1.0087579100061542e-09,7.334060240743774e-06,13.917353225357003,118.29750241553452,1.932975083065025e-06,-22.72022578034332,0.0,2
17.983810506391254,9.590261662555166e-09,1.217555026550321e-05,8.499099281512061,72.24234389285252,7.504060632263288e-07,-40.80350912911314,0.0,0
16.139406006632264,1.8347938174187317e-09,6.363154963043408e-06,12.657733341362361,107.59073340158007,1.4974952853543128e-06,-27.849016711534574,0.0,1
12.363735486219205,9.949661553356803e-10,7.260262087975116e-06,13.433862237386785,114.18782901778769,2.847693757516879e-07,-39.11343207572072,0.0,0
18.332041405873667,3.744609882326694e-09,6.965719881223585e-06,10.626083721676544,90.32171163425062,4.060133880801189e-06,-21.520732117139325,0.0,2
25.42922824723412,4.987181841560259e-08,1.1517275064697827e-05,5.317548449450628,45.19916182033034,9.332608118745052e-06,-26.17155172615185,0.0,2
39.201506408119414,3.5546540310363684e-08,1.800771388642788e-06,5.324914746021726,45.26177534118467,9.44352211335895e-07,-44.22206294319289,0.0,0
1.6991143447278698,9.997657048913307e-10,1.9431910566177815e-05,15.000484799763422,127.50412079798907,7.636249937107965e-07,-28.869140376124438,0.0,1
18.594886017787445,1.4167547721139255e-08,1.3815666629225934e-05,7.5047550680904465,63.790418078768795,7.726628917099562e-07,-42.160709513490026,0.0,0
15.673107210161561,1.0090318602563013e-10,1.2460711277189654e-06,18.488942530120624,157.15601150602532,3.410202708112146e-07,-27.814767587088816,0.0,1
20.253252564927188,1.059566767778723e-08,9.632892408171427e-06,8.373019758425237,71.17066794661451,3.8065593274594286e-06,-27.228656715877957,0.0,1
13.250093090232923,4.792802597089088e-10,4.4376490081687006e-06,14.963206911698277,127.18725874943534,6.785555643848846e-07,-28.06433658958796,0.0,1
28.062733642792296,7.427020495493487e-08,1.0501497667481913e-05,4.0970085252238695,34.82457246440289,7.099318627747735e-06,-30.185925116592777,0.0,1
21.61932816158775,3.2343172373768405e-08,1.4320407689259119e-05,6.026425295911188,51.22461501524509,9.639988515067067e-06,-23.8913398968161,0.0,2
18.498152494890874,5.031538966166351e-09,8.271943059860725e-06,9.90383228689885,84.18257443864023,5.178174601930947e-07,-41.33774053991213,0.0,0
19.836494577723727,2.3924624769654003e-08,1.5499023109813978e-05,6.831657488973194,58.06908865627216,2.472160317333316e-06,-34.78560438202787,0.0,1
-3.9596782358186204,4.0341522258174866e-10,1.6448765020626806e-05,18.305345180945217,155.59543403803434,3.953670995059118e-09,-67.14158302806291,0.215,0
-4.9959159425061666,2.238852935034415e-10,1.2906760954489092e-05,19.69057817051899,167.3699144494114,1.211894491206029e-07,-34.23156179342319,0.0975,1
24.301269025823082,5.51244266794391e-08,1.3546607986905054e-05,5.1812278224350905,44.04043649069827,1.4489161788396765e-05,-22.606948299173986,0.0,2
4.948870532382576,9.705971305020027e-10,1.4909916545896985e-05,14.141555840914648,120.2032246477745,3.4216595774601527e-07,-36.52981615258621,0.0,1
7.1151042618288205,6.606924174424081e-10,1.0230449213180863e-05,14.984820661540283,127.37097562309242,3.7845333452292365e-07,-34.698498884838834,0.0,1
20.382211185038276,2.8391424581386073e-08,1.5873374366461468e-05,6.107389847940644,51.912813707495474,1.6867559624739495e-06,-38.50584389930398,0.0,0
15.287326144308405,3.870059373986507e-09,1.0464868032172054e-05,10.634111010986189,90.3899435933826,3.190074760449373e-07,-44.29529687825773,0.0,0
-4.485563253327779,4.593993983212687e-10,1.8778233022229586e-05,18.03793590912828,153.32245522759038,1.0323297077213634e-07,-39.285791421423916,0.14250000000000002,0
29.54197273941081,5.0686358842209435e-08,7.400285033434819e-06,5.3879917781572875,45.79793011433694,1.428146424059389e-06,-43.14032315494738,0.0,0
22.811024577725153,8.184522902688906e-09,6.121111692151462e-06,9.07519538992219,77.13916081433861,6.469021992679304e-06,-21.199036944727165,0.0,2
21.107699532394093,4.107259052228582e-08,1.724715113958432e-05,5.081988796729812,43.196904772203396,9.03890737937405e-06,-25.113455789289567,0.0,1
10.139151712751492,7.525599061549975e-10,7.976798515897362e-06,14.458293111969159,122.89549145173785,2.95521544168391e-07,-37.73041775823203,0.0,0
-2.8083749025455584,3.9042048935025505e-10,1.5569703043683162e-05,18.093824288565177,153.797506452804,4.1077831857763503e-07,-27.729419021067045,0.0775,1
35.85428938478593,3.9348315683013534e-08,2.975124298263967e-06,5.4191625049418874,46.06288129200605,4.997608266444415e-06,-30.28181776281464,0.0,1
23.541704860646874,4.859519159754746e-08,1.454692245158844e-05,5.332139109235694,45.3231824285034,8.446628146712235e-07,-47.149505759922846,0.0,0
0.2936140339441874,2.626800414814539e-10,1.090167829662217e-05,17.91104498118265,152.24388234005252,9.33672370312618e-07,-20.560794509642726,0.005,2
38.476107442246665,1.892844266908054e-08,1.286940474278503e-06,7.001118802914519,59.50950982477341,1.0852177071693415e-06,-40.48900683280596,0.0,0
0.9854649014836254,1.7772304664511467e-10,8.710704298995158e-06,18.033626260094604,153.28582321080412,1.3558637846889807e-07,-35.71407343012912,0.0475,1
3.059613857849955,8.687216565082248e-10,1.6613680933000193e-05,14.663887576265513,124.64304439825685,5.989987200964665e-08,-50.619016912141596,0.0025,0
8.171949237896852,7.75980323238354e-11,2.871112573868048e-06,19.491099281688605,165.67434389435311,6.681095182640776e-07,-20.159834334244607,0.0,2
23.775256850344327,6.813088809629868e-09,5.19216119120317e-06,9.6207394343272,81.7762851917812,8.6929343186014e-07,-38.596525108874125,0.0,1
17.1471807380797,9.708521702738305e-09,1.2921378380871178e-05,8.517617577675738,72.39974941024377,6.024256177700129e-06,-22.382000905484816,0.0,2
8.234505548745618,2.6226558016631806e-09,1.815102648651267e-05,11.988967741009311,101.90622579857914,4.058930004409773e-07,-39.99696216839904,0.0,0
4.9022026671461925,8.741197973206291e-10,1.4576437966781139e-05,14.643128674985787,124.46659373737918,1.933911411605958e-07,-41.762985850534335,0.0025,0
11.747813394203522,1.4272850014080728e-10,2.715930551559653e-06,18.401593944089225,156.41354852475843,5.003036262249401e-07,-26.168532513785465,0.0,2
18.797090138969168,4.117323840193242e-09,6.919413798389263e-06,10.516364320702918,89.3890967259748,3.986258791538506e-06,-22.201944644984167,0.0,2
4.194820241192767,1.002727931738325e-09,1.584020310095396e-05,14.598158751863691,124.08434939084137,1.7317557142605238e-06,-22.684215610169943,0.0425,2
-7.354869017928144,3.533802470475704e-10,1.710326276473161e-05,19.349534155764516,164.47104032399838,7.580184285815353e-08,-37.88924020553943,0.2625,0
1.2259588296306974,1.989105244765549e-10,9.164190756732552e-06,18.481315959370864,157.09118565465235,3.276919416549723e-07,-29.280292743752064,0.065,1
0.9556332403303186,3.5939951368544336e-10,1.2182946716554483e-05,17.01056810794252,144.58982891751143,1.342861833337477e-06,-18.780807163024342,0.01,2
17.534577217992155,2.1569922804473056e-09,5.714832524371849e-06,11.86324786496218,100.83760685217852,3.3657759848831574e-06,-20.897053307828113,0.0,2
0.7889092608099584,1.824387428587279e-10,8.966138733909789e-06,18.318708840298704,155.709025142539,1.0687032305242267e-06,-17.780576667919586,0.0075,2
43.94497513634424,8.758535792461931e-08,1.433282830177955e-06,4.264923003817852,36.251845532451746,2.7357943253456197e-05,-19.118132595766983,0.0,2
6.221535748764301,1.1607481611734093e-09,1.457188803320691e-05,14.023245755808738,119.19758892437426,1.5703511709048084e-06,-24.66637378020423,0.0,2
1.2103907189866592,3.6969560019538184e-10,1.2427928812277195e-05,17.098772110409787,145.3395629384832,9.369034822242552e-08,-42.69122067038688,0.08,0
16.080548931078194,1.1276179767280294e-08,1.5951835824158122e-05,8.283591222332195,70.41052538982365,4.561714967582309e-06,-25.65009328593849,0.0,2
-0.11478140565335065,6.173960244261543e-10,1.6949646427420445e-05,16.537613218763095,140.56971235948632,1.4365479134347068e-06,-20.37056752384345,0.0325,2
6.61345430139103,6.395616158873549e-10,1.072511498886787e-05,14.908307985510726,126.72061787684117,2.508773414060288e-07,-38.1201136821399,0.0,0
3.63106777999408,8.698873688806676e-10,1.630588119755054e-05,14.674250979753849,124.7311333279077,5.473155234496713e-07,-32.09915161204626,0.0,1
22.045270001737443,3.5706167085167e-08,1.4448100086538783e-05,5.729369328120632,48.69963928902537,6.05931846375926e-06,-27.98017222612021,0.0,1
23.23914179706491,5.335372656047169e-10,1.102065758107301e-06,15.394942829539813,130.8570140510884,1.918229170495567e-06,-19.83375484287454,0.0,2
16.878909487176333,1.070254671066876e-10,1.0722077303237984e-06,18.259216562881353,155.2033407844915,8.436754969175406e-08,-40.39992987824733,0.0,0
-4.945065161217511,2.9780561163551036e-10,1.453892559635095e-05,19.45834019108914,165.3958916242577,7.479592759965573e-07,-19.818921946820815,0.10749999999999998,2
6.693188983721238,1.2859790062484186e-09,1.4554604792862528e-05,13.326963912920633,113.27919325982539,1.221314982059399e-06,-26.905324483980703,0.0,1
14.755616183226362,6.438714739981934e-09,1.374952777788444e-05,9.849237438327007,83.71851822577956,4.766607555679543e-06,-22.716984427245528,0.0,2
20.43222151120753,4.192489163320923e-08,1.9302412295072946e-05,5.543332365943494,47.11832511051969,9.44685347966268e-07,-45.44591959619302,0.0,0
19.024315204333345,2.003140308152697e-08,1.5631765980440195e-05,6.706235710298571,57.00300353753785,7.225562363106619e-07,-44.310124522817844,0.0,0
-6.662460803543169,4.3244662952572656e-10,1.913347618082557e-05,18.517668116649396,157.40017899151985,1.2694340915843614e-07,-35.35383875144093,0.12250000000000001,1
14.00917916178985,8.236992788468539e-09,1.744501353102687e-05,9.151590437195612,77.7885187161627,1.8357460556979369e-06,-32.65101414537831,0.0,1
28.54666373495352,3.6178213058574896e-08,6.958587721895161e-06,5.663275238335309,48.13783952585013,2.4919282495322697e-06,-36.19423018402737,0.0,1
17.714211289681977,2.138021656012045e-08,1.805315092130255e-05,7.311651893016803,62.149041090642825,7.60078390511445e-06,-24.173550249399764,0.0,2
19.993586608349226,1.1349720238165138e-08,1.0113342365756118e-05,8.199194556158586,69.69315372734799,6.9858154361008805e-06,-21.84029534101347,0.0,2
19.22568809599498,9.00499166832015e-09,9.97723806996203e-06,8.955364241469203,76.12059605248824,3.2838131410186266e-06,-27.916333547094755,0.0,1
33.077854000134096,8.61021982212346e-09,1.7970603949139268e-06,8.49700809177997,72.22456878012974,1.4471763112183568e-07,-54.56618581602523,0.0,0
-6.109955982389035,3.9026724561422536e-10,1.773205211265098e-05,19.339867083814553,164.3888702124237,8.232851717295385e-08,-39.541280626410796,0.23,0
22.21204470055286,3.3758944559955922e-09,4.351638313221183e-06,10.709494338645202,91.03070187848422,3.7630875651286283e-07,-42.245289106798054,0.0,0
30.719213454027752,9.299923921979739e-08,8.155498947930648e-06,4.347743216162387,36.95581733738029,2.8580646627297006e-05,-18.82666572776867,0.0,2
40.1984960364582,5.819541932088798e-08,2.057839808218456e-06,4.968259854227002,42.230208760929514,9.755907816479676e-06,-26.33075033844365,0.0,1
12.23660990559681,1.1223525835270422e-09,7.885117405822057e-06,13.192755323043952,112.13842024587359,1.6537462899644772e-07,-44.48168028462304,0.0,0
4.2963537886503165,8.934056367360623e-10,1.527865189272507e-05,14.623069791058953,124.29609322400111,9.413233445391529e-07,-27.324324717724444,0.0025,1
34.15563492502137,8.045462804628579e-09,1.3644594294960262e-06,9.26040378107195,78.71343213911159,4.760658906999851e-06,-24.112198878114192,0.0,2
8.777412791711452,8.686656475825172e-10,9.687011945485207e-06,14.132583268091427,120.12695777877713,1.1378720206779837e-06,-25.9637538421817,0.0,1
-0.41803911905232943,2.833349780872455e-10,1.1932252097344553e-05,17.59393955257092,149.54848619685282,9.249390316285648e-08,-40.41630940926302,0.0275,0
15.573905321348118,8.449648848119716e-11,1.1303961010559067e-06,18.920323855370764,160.8227527706515,8.815170012203417e-08,-38.87073607961389,0.0,0
17.21346856223889,1.1532004196736002e-08,1.3960775886138343e-05,8.427907388048844,71.63721279841518,6.5601028827356695e-06,-22.707664172118033,0.0,2
6.353411197326241,3.0224289263150393e-10,7.347531458096718e-06,16.573005532859025,140.87054702930172,6.902258426003297e-07,-25.764842737333815,0.0,2
20.19927862596986,1.9409598241172218e-08,1.3339521043388872e-05,7.1746401612491715,60.98444137061796,2.955502516095074e-06,-32.03967287699473,0.0,1
1.7704430700225458,3.9617210586363845e-10,1.263916540542508e-05,16.70542313869526,141.9960966789097,9.78193609928901e-08,-43.03425540011666,0.0025,0
11.490308285467215,5.453391524835199e-09,1.825195238669761e-05,10.04145021647045,85.35232683999882,3.631133136924071e-06,-24.222212443186123,0.0,2
-3.1206265785424083,1.692291558923373e-10,1.0594673222706537e-05,19.82802870874165,168.53824402430402,8.47279252342247e-08,-37.61626879663212,0.0825,1
10.55263882255013,5.254943657610065e-09,1.9147227340998374e-05,10.676080981221558,90.74668834038323,6.7599502344143695e-06,-18.630891809795237,0.0,2
5.345022667948072,1.4337884546943486e-09,1.7823183771001416e-05,13.627950808410837,115.8375818714921,1.582063870838662e-07,-45.36291567005287,0.0,0
14.591513898423942,1.8659288303109297e-09,7.803148827700409e-06,12.197151505405097,103.67578779594334,4.023201820711104e-07,-39.18618632884962,0.0,0
25.329279690303466,3.455504203790864e-08,9.954044677108155e-06,5.550821844832344,47.18198568107492,1.08153156343839e-06,-43.16847875662905,0.0,0
36.135068214254595,2.1891214226461636e-08,2.0339272214129545e-06,6.958993987451059,59.151448893334,3.3366490009743715e-06,-31.59637457764969,0.0,1
20.34193377041835,9.832263673274132e-10,2.8101982503701856e-06,13.862137160031805,117.82816586027035,2.4422858598292674e-07,-41.2391091976238,0.0,0
24.505388226804065,6.027249103320372e-08,1.3937373878532909e-05,4.56040889834161,38.76347563590369,1.3414494102499428e-05,-23.448900569474368,0.0,2
9.142185380978233,3.6615099731317506e-09,1.9553021581230374e-05,11.29047049155991,95.96899917825924,1.4442315129866943e-06,-30.830995768174056,0.0,1
7.778081962807104,1.0131797060214364e-09,1.1205805194513063e-05,14.340244051195334,121.89207443516034,2.7090778950177525e-06,-19.208651071091264,0.0,2
-0.2623559449699325,3.5271919658182667e-10,1.373624580818931e-05,17.402988135937342,147.9253991554674,5.380657644219809e-08,-46.610384847721626,0.039999999999999994,0
28.000754737172983,3.112803816151356e-08,6.439982300888144e-06,6.172828081008122,52.46903868856904,1.6460405968161006e-05,-18.599667011765128,0.0,2
22.4255280534662,6.798003152105764e-09,6.147063152976142e-06,9.250045617272022,78.6253877468122,1.6534976979770026e-07,-52.72757529818634,0.0,0
12.591148354987084,9.314893259538355e-10,6.814276562356302e-06,13.77494076407055,117.08699649459969,4.0989693834931426e-07,-35.81483234452792,0.0,1
34.849141118120514,9.072474102921306e-09,1.25912562122772e-06,8.963773361224245,76.19207357040608,8.071993066471016e-06,-19.491777983994627,0.0,2
11.443707820255897,8.710927595875454e-10,7.125096963373564e-06,14.36984961893383,122.14372176093755,2.441979174072705e-06,-19.672993731783176,0.0,2
7.6094141097559,1.6422103502027655e-09,1.479335513256282e-05,12.890932405651563,109.57292544803829,3.418170784852437e-06,-19.10965782901084,0.0,2
7.413403921209907,1.9377262975335064e-09,1.727391705944363e-05,11.97604385034645,101.79637272794481,3.237439340702013e-07,-40.49170565187798,0.0,0
30.721046409466673,1.934781319300623e-08,3.7849991346355557e-06,7.207151759974799,61.2607899597858,5.742605275316148e-06,-26.23007157359172,0.0,1
14.054130343521795,1.0363992524051484e-08,1.9069074134939723e-05,8.658525314093053,73.59746516979095,4.475968020995955e-06,-25.407800000492664,0.0,2
5.314381961160979,3.2704937509108456e-10,8.404481411035796e-06,16.921433421528402,143.8321840829914,9.241255147041272e-07,-23.676545382012094,0.0075,2
23.26532346244154,7.54113347440178e-09,5.594053389384916e-06,8.777090203308227,74.60526672811993,5.04515337967158e-06,-22.55777056056924,0.0,2
4.442830567646736,1.3954447705379836e-09,1.873802460677474e-05,13.451377114019273,114.3367054691638,8.511633468913107e-07,-30.03693036766653,0.0,1
19.72341345415394,7.10593081560584e-10,2.518611554450424e-06,14.346656996788898,121.94658447270564,4.7285455885197424e-07,-33.51353608250732,0.0,1
22.91386173885586,6.563799529171605e-08,1.8012155549124016e-05,4.341218793543378,36.90035974511871,4.326107636536113e-06,-33.969472069446006,0.0,1
34.98278292943807,2.7330092456990445e-08,2.7191161380466103e-06,6.629809247379685,56.353378602727325,4.189548852156428e-06,-30.646133305285073,0.0,1
28.799440627376974,2.7530785888393352e-08,5.895051505088552e-06,6.613174592734781,56.21198403824564,1.470278360825107e-06,-39.97457172023857,0.0,0
10.193322712959356,5.140256629480402e-09,1.9808285659880198e-05,10.467193387540826,88.97114379409703,6.619759152443368e-06,-18.548212606140368,0.0,2
13.754372583232433,9.566497040782968e-09,1.96672592690914e-05,8.674618618858123,73.73425826029404,2.0501902592236465e-07,-52.040338950504854,0.0,0
-1.63869615167691,1.2761886357681182e-10,8.605854616199053e-06,19.980134930958382,169.83114691314623,3.129209863427216e-09,-66.08665248007736,0.1225,0
22.807778958590173,6.857767374057497e-08,1.8780059752190815e-05,4.11905522879487,35.01196944475639,1.5611397504812237e-06,-43.03449461612986,0.0,0
19.57201661017328,1.3102997825852897e-08,1.1791077533729936e-05,7.977743880277173,67.81082298235597,1.6449287622468907e-06,-35.525047791425564,0.0,1
0.9171745468727532,4.893866487182247e-10,1.4674609032884726e-05,15.706695562900428,133.50691228465362,1.6446321622011378e-06,-18.20798545660167,0.015,2
-0.5926396896456192,3.7536756994457114e-10,1.3984310401636549e-05,17.408850489749767,147.97522916287303,1.2070231757775239e-06,-19.570295552585332,0.017499999999999998,2
26.423266184522465,1.1413332542788248e-08,4.628888464591994e-06,8.34833806579274,70.9608735592383,1.0341983177806446e-05,-18.36379901733296,0.0,2
7.687339657523631,2.1501982297842664e-10,5.439001958123439e-06,16.946211427463165,144.0427971334369,4.795399109369134e-07,-27.339377371805426,0.0,1
25.841123945243112,6.0200104220949e-08,1.172430594503302e-05,4.9106774671670514,41.74075847091994,2.1602337250067307e-05,-19.157193342810068,0.0,2
1.5106780631935959,3.3217533382729957e-10,1.151816969493729e-05,17.10936995300187,145.4296446005159,3.9182956308312505e-07,-29.715953887576056,0.0075,1
1.9870299143838608,1.584423335512416e-10,7.683024369306477e-06,18.282026716538557,155.39722709057776,2.4668799038684594e-07,-30.531649038779026,0.0025,1
9.622545957756364,1.8828762372411788e-09,1.3193892437327733e-05,12.552575962108662,106.69689567792364,2.3285503349275244e-06,-23.40849570636475,0.0,2
25.432193286329763,4.88110718708546e-08,1.1741778116809616e-05,5.108722171413844,43.424138457017676,1.2612922600713043e-06,-43.67051456999293,0.0,0
-1.4458567700429708,1.3490731726031138e-10,8.792210862294967e-06,19.61452644855862,166.7234748127483,2.7804553822828335e-08,-47.119269517849894,0.0325,0
32.44438836480469,8.474155962903329e-09,1.941804664901246e-06,8.964955078344694,76.2021181659299,7.651759110908654e-07,-40.25845025685369,0.0,0
17.8112396737908,5.231628428684505e-09,9.165014744711443e-06,9.985200403617396,84.87420343074785,1.3198501973892353e-07,-53.37750241118917,0.0,0
31.748161827432916,2.157248776086642e-08,3.576098153367187e-06,7.049716781286509,59.92259264093532,4.224730711029084e-06,-29.44371469415637,0.0,1
10.390751625767468,5.369159260703133e-09,1.9972377067580943e-05,10.374906442588193,88.18670476199964,5.068806121905223e-06,-21.15068133085863,0.0,2
23.82983599893855,8.772764869687051e-09,5.911108083550291e-06,8.928498556614157,75.89223773122033,4.648712916839048e-07,-44.92208975554551,0.0,0
2.537512312081195,8.880565375219944e-10,1.7631074635798804e-05,14.478745111419233,123.06933344706347,1.6482164138575772e-07,-41.697037464171444,0.0,0
15.219881956118753,3.1659047290899162e-09,9.072581448561312e-06,11.366544867913156,96.61563137726182,4.0976118207237e-06,-20.870697507731265,0.0,2
3.5773626523985818,6.586229024872818e-10,1.4224557361990853e-05,14.786472044559929,125.6850123787594,2.2535671056741062e-07,-38.18793165887038,0.0025,0
4.6106088043365165,8.890214741434762e-10,1.5499153889149452e-05,14.233575483394857,120.98539160885628,8.784913437432741e-08,-48.406827365165384,0.0,0
4.505269362373058,2.989994866426956e-10,8.781494417962652e-06,16.399949475643464,139.39957054296943,5.133495700543302e-08,-47.84487664408955,0.0,0
37.37759876701998,4.4482374919670715e-08,2.619660403380534e-06,5.687624067251597,48.34480457163857,5.116403586592088e-06,-31.28900458631787,0.0,1
-5.72594902820843,4.703309310475382e-10,1.977333985776285e-05,18.012873895652564,153.1094281130468,8.158274352354855e-07,-20.47165281237624,0.12000000000000001,2
10.657244901085592,3.3468553371475103e-10,5.081881188743757e-06,16.02348711465195,136.19964047454155,1.537199938686007e-08,-59.89004856471443,0.0,0
11.083902393697329,2.4531975853322975e-09,1.2513431268650586e-05,11.965311186964417,101.70514508919754,3.7478677367955884e-06,-20.169520692798713,0.0,2
2.8214436241712875,8.888684777095866e-11,5.510237998726678e-06,19.645060270470438,166.98301229899874,7.943572908553673e-08,-38.62495969845868,0.005,0
11.501954455405885,1.8832548718019349e-10,3.335992955762621e-06,17.60929910414888,149.6790423852655,4.6750068110585673e-07,-28.041236262391603,0.0,1
34.208889024453974,3.1560650592649135e-08,3.2918683920978665e-06,6.231271225339109,52.96580541538242,1.3850300423908614e-06,-41.141473412886604,0.0,0
6.537426915057413,1.7740257526427862e-10,5.545261910766638e-06,17.4398360875883,148.23860674450054,3.3961290155451774e-07,-29.175918057098315,0.0,1
-4.734290016096889,3.234755881470438e-10,1.5963219339951447e-05,19.029248874659842,161.74861543460867,4.155976059067993e-08,-45.67961836646379,0.0925,0
-5.2766637234032086,1.957786000567928e-10,1.2295607886002111e-05,19.681838841171512,167.29563014995784,2.833609652924978e-07,-25.910994421894387,0.095,1
29.48611977948953,1.8931711034989896e-08,4.500221344174365e-06,6.837205258941019,58.116244700998664,3.467316245609202e-07,-50.32183607025271,0.0,0
23.670925946196547,1.6701596652074186e-08,8.231408392700044e-06,7.38418754228255,62.765594109401675,3.036616963329076e-06,-31.154667277460746,0.0,1
20.24271976972646,1.4747168811682e-08,1.0924998794953334e-05,8.097687975759925,68.83034779395938,1.1304149628671828e-05,-18.84443554639102,0.0,2
7.158407382535868,3.856191488621144e-10,7.378215395457094e-06,15.967818661928355,135.726458626391,1.7777184910028594e-06,-18.143968075757574,0.0,2
10.6676324982392,1.9112113703955277e-09,1.2281970832381474e-05,12.254005444492368,104.15904627818512,1.6424441865444956e-07,-46.9107546821649,0.0,0
5.610954870195832,8.889217953355105e-10,1.3170518958597842e-05,14.566027958778912,123.81123764962076,1.982183044092626e-06,-20.997834643955787,0.0,2
17.994321117626505,9.403210265275716e-10,3.667041962679024e-06,13.741772384304761,116.80506526659047,4.3982907361004045e-07,-35.82210102765974,0.0,1
4.569091241361034,1.0840731724520711e-10,5.0895778643824215e-06,19.307326156223624,164.1122723279008,2.86429955259472e-07,-28.731575896213627,0.0,1
34.01027006992435,2.3715218122045484e-08,2.8482425311543374e-06,6.937620844854969,58.96977718126724,3.317402617757703e-06,-32.196025087480535,0.0,1
17.948851321864943,1.3430093871336569e-08,1.4181800256580691e-05,8.238430870067374,70.02666239557267,4.1564085256720826e-06,-27.66207020829542,0.0,1
-0.7915973791853532,1.2715612506334933e-10,8.114928371634309e-06,19.437566915602176,165.21931878261847,4.093759097121238e-08,-43.8771845679208,0.0225,0
2.2310635972717674,2.6988702223074745e-10,9.818874035788925e-06,17.436294101125267,148.20849985956477,8.702023850121766e-08,-42.33088848976355,0.015000000000000001,0
12.200796629906907,3.116384079078686e-09,1.3080261264910326e-05,11.258633576039266,95.69838539633375,4.438746448298115e-07,-40.303204056916655,0.0,0
16.330367890484094,1.3106922488488832e-08,1.685055662085198e-05,8.141056082854858,69.1989767042663,4.2447939867238544e-06,-27.272809688285363,0.0,1
22.137841052785024,8.917972886692079e-09,7.153993416727116e-06,8.964954186379249,76.2021105842236,2.610809126031899e-06,-29.969752932112883,0.0,1
3.031481529190858,7.512292012564742e-10,1.564114001035671e-05,14.798779855232082,125.7896287694727,1.5269759448781045e-07,-41.91509656506578,0.0025,0
14.772061620205301,2.7910994697899233e-09,8.701872844258986e-06,11.810732233082717,100.3912239812031,4.683307420169335e-06,-19.04968391395193,0.0,2
17.62353129064771,3.162181559259473e-10,1.9110702984254594e-06,16.47132663231113,140.0062763746446,1.6384245750771486e-06,-19.059644657516984,0.0,2
6.518243129041021,1.6239175069670823e-09,1.7227885958871336e-05,12.637317139061764,107.41719568202498,5.52206647411146e-07,-34.832969633141026,0.0,1
32.806941004249744,3.5764783964086194e-08,4.114643927570969e-06,5.642381524110625,47.96024295494032,5.519702940978966e-06,-29.23523631116774,0.0,1
12.72499085622268,1.1373978481628635e-09,7.35694794308224e-06,13.244563203684175,112.57878723131549,1.089864687043083e-06,-27.9086262520112,0.0,1
8.308377828183263,7.779734484482954e-10,9.986798581989503e-06,14.491853229588969,123.18075245150624,2.107954735401898e-07,-40.7074915207494,0.0,0
15.429420312655289,2.5755838710988437e-09,8.31440688973705e-06,11.593641286716732,98.54595093709223,7.380677983219615e-07,-35.1748809263933,0.0,1
12.388095157149277,1.0557052596434301e-10,2.040633658581146e-06,18.90291195474979,160.67475161537322,8.282954733510772e-07,-20.126246190456033,0.0,2
4.697375064599196,9.3882204522981e-10,1.5162399093825778e-05,14.455587703389615,122.87249547881173,9.576192800206922e-07,-27.600178597467497,0.0,1
1.4179791712636167,6.532832995283674e-10,1.639270375870387e-05,15.450227888153435,131.3269370493042,1.312288912676407e-07,-41.86002535794933,0.024999999999999998,0
19.43241162742701,3.833634450470656e-10,1.7338443930461466e-06,15.487385557612749,131.64277723970835,1.0569437879647497e-06,-23.55539784089143,0.0,2
21.79461719480841,1.1004335964148656e-09,2.4011263039897986e-06,13.531238309223747,115.01552562840185,1.8222776824765529e-06,-23.564954973665444,0.0,2
-1.3335758022109054,2.1069748733851282e-10,1.0770642518329528e-05,19.322436246808408,164.24070809787145,9.638704815250856e-07,-18.922257981676676,0.10749999999999998,2
-6.633256300091461,4.719420814859718e-10,1.9691458778882636e-05,18.774462503803793,159.58293128233225,3.1427960826066474e-07,-28.119878036503117,0.22249999999999998,1
38.77519406215047,3.955849681334707e-08,2.053124772812854e-06,5.916753861502286,50.292407822769434,5.888324094153095e-07,-49.91522725324015,0.0,0
9.229337968652782,2.6770684270822494e-09,1.5972522954160318e-05,12.160240889097821,103.36204755733148,3.472175345224898e-06,-21.633957894701723,0.0,2
-3.15108784178409,4.5606475119330175e-10,1.732157444911454e-05,17.677294978558994,150.25700731775143,1.3041990289168666e-07,-38.079808309097174,0.09,1
-4.515127182095462,2.9301930903230427e-10,1.4773094758138884e-05,19.17430109835067,162.9815593359807,1.365194007651237e-07,-35.07051918395249,0.13999999999999999,1
14.576009487533616,2.88031009110621e-09,9.349750924751007e-06,11.833555751008975,100.58522388357629,2.8280802705155715e-06,-24.060222910698293,0.0,2
-1.1264138677691815,3.6462240435482067e-10,1.4250357926931131e-05,17.420488557208987,148.0741527362764,8.235537544728867e-07,-22.483094573259738,0.019999999999999997,2
-3.26254269024816,4.5862793446271486e-10,1.7487606117366852e-05,17.898692171704052,152.13888345948442,3.2798669798850436e-08,-50.30373721916458,0.0975,0
10.548496728724627,1.7581518809745287e-10,3.6473177598300774e-06,17.064873501383786,145.05142476176218,3.650325579520935e-08,-49.33600924230697,0.0,0
22.867866862057138,3.664304997439323e-08,1.3667701120442326e-05,5.77753534907399,49.10905046712892,1.5875474647204913e-07,-60.31461963617752,0.0,0
24.232443405421634,6.730230242907022e-08,1.5337653899877878e-05,4.757917922707017,40.44230234300965,1.2539355324133577e-05,-25.19553269349295,0.0,2
13.048672980189338,8.447632960750984e-09,1.9545805036116108e-05,8.82551396986424,75.01686874384603,2.1445744693805975e-06,-30.90636592402086,0.0,1
15.534254206263412,2.2044949019976797e-09,7.303890117144014e-06,12.218971375563244,103.86125669228757,2.9953256187051713e-06,-22.541617810864917,0.0,2
24.698622593047933,4.4763513711091825e-08,1.2011859124609968e-05,5.245794594361641,44.589254052073954,6.109550881369747e-06,-29.204436116438526,0.0,1
11.454158946431615,1.7925387892264415e-09,1.0469727900111796e-05,12.548696458723857,106.66391989915279,1.8912480026253274e-06,-25.025668169882156,0.0,2
25.53288168993406,6.507142550394189e-08,1.3143406497140047e-05,4.251209289811044,36.13527896339388,7.862082647650974e-06,-28.392213988010578,0.0,1
6.646012069448993,1.6371828079211862e-09,1.6705654550610392e-05,12.978442932140315,110.31676492319266,1.2054731610428947e-06,-28.033449025821334,0.0,1
3.8432591200347894,7.400552702759024e-10,1.4295469516779184e-05,14.82957557548047,126.051392391584,1.225229946203213e-06,-23.791496887041585,0.0,2
5.66829301411627,3.6972349965171764e-10,8.792661193367733e-06,16.276759388561096,138.3524548027693,1.1914975058916664e-07,-41.85071765935753,0.0,0
23.935705342272122,2.421352346931102e-09,2.8503260432486548e-06,11.768986493991543,100.03638519892812,2.2686853444771605e-06,-25.227446804599634,0.0,2
3.24424976325757,3.9547313872181245e-10,1.0732657564194078e-05,16.458238698145006,139.89502893423256,1.262081595087998e-06,-20.84628331110062,0.0,2
14.650010765748565,4.075860506793813e-09,1.1262148011446219e-05,10.547935315218306,89.65745017935559,2.5517472424490936e-06,-26.30256494032683,0.0,1
15.132743607089207,1.3534466192726473e-10,1.736759820906008e-06,17.728267880900695,150.6902769876559,9.242397843419733e-08,-40.494051999520416,0.0,0
